cookie_id,score
ck_315fb710a0e371e7,0.002393380349146049
ck_a76ee3b3e3e522fd,0.07279038334530538
ck_94c9a4d382689e82,0.016466217252507333
ck_8eaf9509ad9462a0,0.0022801258748847714
ck_9a88a5a989cb5bc6,0.009653957473798679
ck_15239ef0689c1a35,0.012365002937116887
ck_8de69cd219d3b87f,0.20657993514132222
ck_f92cd37022b0ce21,0.02802299502862439
ck_1a3ff7620580a514,0.01151353083856721
ck_397c03aa33a57310,0.13985067791241657
ck_a7cf6c3b322f6b7a,0.004945465517872437
ck_c39a9e75760e3201,0.0060376980266757235
ck_88ab6d245228c38e,0.0012837905457491118
ck_17733f75ebdea93e,0.005711924227898214
ck_58eb871e8d7bed52,0.24471415131767071
ck_e55b7fa67db1ec27,0.00603517341748211
ck_62f5cfe22c952694,0.007290172778880194
ck_7fbb709a0fe95759,0.005436875371128429
ck_87abe9cd066a20fb,0.05088174251844751
ck_d58e058b5c553dd5,0.01695689700938001
ck_d27b872648b71202,0.0032272428486767382
ck_4b4a3c5b95c55b43,0.0008281890744515622
ck_66dd4f4b4127256d,0.0033275298012990367
ck_93cc12703b500613,0.06944660936715617
ck_d28806a2179092eb,0.988672313242797
ck_0595c2a0c7881e05,0.016659758317896387
ck_50087d8666191144,0.17967610046285204
ck_b08b3f089138c901,0.02636482802599467
ck_fe3b67041dad2dd1,0.0016040272623755085
ck_8449a28f7d475d93,0.06861000488272893
ck_8642e3b6d84f49d3,0.020372884875079766
ck_e49b5e4f2f2e79db,0.6488126298933412
ck_437afe412ea4259c,0.23711459691234407
ck_569b83668d74042d,0.9355055002510865
ck_233a487d31c3e631,0.9963743031969386
ck_1fca72e03143a645,0.7901455897081224
ck_79205e31223df2ad,0.023525089384445953
ck_9625a64406ea16e3,0.004240678378860603
ck_079bd18dacb704a8,0.1276831692967559
ck_4db6d4fd2b49aa81,0.03572686291847453
ck_0dbefdac0a1868fb,0.004326532213753078
ck_24ff97ad90bdd69a,0.0739540438793592
ck_77f8c5042065d506,0.008045374724292034
ck_f11be8ce05382cec,0.007997253916743515
ck_c9d72140b0389216,0.04301965305095872
ck_69eda24e931fb36a,0.0011140509460796425
ck_ed471e496916ee15,0.005055077759366784
ck_ff090498c4b17ac3,0.01337406731219928
ck_c3c19d6a0720915c,0.0006689444432251286
ck_af02e1817cfa40b5,0.04738528397187136
ck_2df5a9fc87553eb1,0.006943853329972147
ck_4ac918e884cff336,0.0546748224138968
ck_ca149244b54ef3ad,0.0025290415192510307
ck_6babe5b8674ff51f,0.012329318397698217
ck_1573878386886290,0.037664138597154215
ck_3925f8565abb7fe4,0.005423711159713862
ck_c4de808ae69c771f,0.0007639272112203123
ck_a777c813551281fe,0.005979677634326581
ck_df4424f6dd85080d,0.09340283242253819
ck_85e5494ec20383ae,0.02730638632529612
ck_f71a4094e889c3af,0.018389819003648954
ck_f2f3cf9cd23b2809,0.037262681316424684
ck_18e2076397bcc211,0.04275603877102195
ck_c9f9fddef39bc664,0.0267188478545092
ck_7e826e233d6ea028,0.015347039979165842
ck_62fd7eb46bee9210,0.04941437474316721
ck_206f8e3cd72768f3,0.028987271037812925
ck_aa295a11b0a6ab36,0.013410545823667464
ck_9a56739d81f84a53,0.005588961126429699
ck_aa075c418ed9fe5a,0.01276938792403798
ck_62b9fb3db284941b,0.00894579224339772
ck_f4f83b1403ebea46,0.0917011070680785
ck_16b66bd803288bc3,0.293959386782579
ck_c4ca1434f3778f1d,0.9710249685321392
ck_1b823610371a29c0,0.009029386777911654
ck_c2bd5a722aa637d9,0.005123052666916147
ck_7890208951df34f0,0.023710169889342325
ck_020eb0e454524ecd,0.002501149004486186
ck_3b66196ccf436c35,0.030982678082464868
ck_109fc467ec0a4af5,0.0604997794118578
ck_f3dcd818db92de7b,0.03413311917902087
ck_31e7742f160980ef,0.023976437248894197
ck_77fce5f86f00b8f4,0.247744659469837
ck_46bc797b4d07d607,0.005709586802600406
ck_37899b1b571b1c6b,0.010515802373836513
ck_ef8a6af43fedd464,0.0024847708998944713
ck_bcc8519fe8521038,0.09548450984430638
ck_90696b7182dd9129,0.008625184996819035
ck_4a24ad61d017e1ba,0.04948455322555492
ck_0acc3d8c67218b9d,0.008878825320885998
ck_05c97fc9de11aba6,0.10355518771849329
ck_f8ac3a0500c0ec62,0.010511077109818407
ck_617b65141f546a1c,0.004650959916093057
ck_9d00823bf60388d7,0.047799819898509364
ck_123c15d93f1840f2,0.1678066689882343
ck_573feefba6bf78bb,0.05666729510190631
ck_b25657bd16739036,0.008604649284523506
ck_bd26d2bef14a8597,0.0056525970026722275
ck_a553418f2fba1440,0.023709405822331487
ck_89f3e380b0686963,0.0037428466627255894
ck_b359192aa659bdce,0.018922463703437403
ck_02241f3dc301bebf,0.007182073160549085
ck_5ccc1a1c78cb33ee,0.1233436466541022
ck_349cc5edda1b8853,0.061869329906024347
ck_e9f228845bf6e28b,0.05340461145042363
ck_0a45d033d4e280ea,0.04824284588003565
ck_7e63168dda612235,0.002614764096168967
ck_676fa5f6aae5475b,0.009640845182347953
ck_74b502b20690ccfe,0.009043137805150727
ck_073509af21dd7f5f,0.43529236364636853
ck_498a0acd450944d8,0.002187560890920195
ck_7f15b50b29dead01,0.020680795083722565
ck_8089fe7403c5f537,0.019639765930303005
ck_05b2b04e11d9ae9c,0.017833486157263167
ck_31e70f2f04b48b88,0.0016648845970673829
ck_994316fa5a02b319,0.002639533153036276
ck_b76510998b9a2260,0.019812508087598324
ck_4db95c310e105d30,0.007286083035812415
ck_6f730b77dc6cdb84,0.01060754553825631
ck_2493ee8e7b91d304,0.07347287632752164
ck_92d679d6ac7dcdcb,0.13042572474300448
ck_3a0e0200cbb185cb,0.0374096821368664
ck_0b2eeb4e00ff7955,0.03734938776580212
ck_9843d0e61c37ebe8,0.9753306456432127
ck_e61c8721e3ef1921,0.008424293882792536
ck_2e0eedaaf2980c2c,0.014797941733556677
ck_9036b2e5e9298a34,0.015261265361131628
ck_3265442528d51728,0.01374240365334346
ck_f2ddae2eb1cb29b4,0.004546202838902768
ck_6cfa71d27fc27f92,0.013309201099954525
ck_f3199fbe84a28b9a,0.05040079856272336
ck_b78d785ca3ef773a,0.005957233866837254
ck_374865697f1480eb,0.02529998174455858
ck_06d0e4a9189302a9,0.026276256576321374
ck_9c9884b9bcaa552e,0.1528929030056355
ck_fd4cf578e87703ff,0.024727899898961122
ck_1917ef3e6e345549,0.08356237914328228
ck_e70418b00cbbbac9,0.1330788389436699
ck_a60388296a47062c,0.027905749998728652
ck_d598fe8d2c779ab9,0.016523748780528008
ck_646dc03de4c31803,0.9317650573162626
ck_e4fd8cbd842b6993,0.0025324715916642333
ck_2225b555aa2a42ed,0.13841593005212321
ck_6be8ae9d78148882,0.01701923439517007
ck_4199342d3aca74e8,0.038557624530296174
ck_779581adb573261f,0.007470088045926745
ck_bb303568b6915205,0.11691172776580078
ck_17c4296276448afe,0.0037200252226781494
ck_a60a61ac829252a0,0.003536053432468671
ck_6ea70950c1cae00b,0.8171388016886879
ck_1abb93f6924645e1,0.032945133256735655
ck_faab769cce19879a,0.07536017727818203
ck_d5b8e74e7ca6355a,0.031369236733383724
ck_f11f7691af16ad07,0.003985996471400263
ck_188fdf2be7c92e9d,0.993545483648611
ck_4a103f8254b366f7,0.00801608926736438
ck_bfa17a0b1760e616,0.0012066232469064456
ck_a4d7f6a5869d440a,0.9748076653522271
ck_58e20f5a3e7f11b8,0.8178560174871701
ck_4becdd3d2696c7ba,0.010183038878164226
ck_dad5cf32ab9f243f,0.005194428016574269
ck_7d9f73dc7c4f90c3,0.0776040363732829
ck_c19371047a2d011d,0.006687713693032304
ck_247589ff532f7aa8,0.013181975912091845
ck_7a9f241d5f082567,0.0023882072029767806
ck_0a2b7078736b4dda,0.015102909113253519
ck_687b412e2aac7eb6,0.041624191453508506
ck_fce0b6855886a0b8,0.019508655668915225
ck_e291cc60920456d0,0.07173617944476254
ck_04219a7ea798db51,0.020790996341608785
ck_286bfd719836e9f3,0.08581772555820419
ck_55efc92394fee232,0.010544763627706885
ck_e36c8da1bd359960,0.032517031556370236
ck_34b0988a97d96902,0.006394655660795113
ck_e0fb11fc9dcb34e6,0.005563257068731644
ck_bcc9cbc9ed8b7c31,0.02055927359460511
ck_3df8da6f60a89a5b,0.019469185154253697
ck_b1495ee5c59a6b28,0.018443183908877413
ck_58f4c3ac61fda129,0.03534999478356794
ck_735f244b99e3aa8d,0.011427377532787797
ck_6b93bd8abf87b1d6,0.6677026469392334
ck_12107dacc6d05bd1,0.004247647601218683
ck_f96db2a1f3448d1f,0.025114083891200813
ck_8fd91a3c99e19097,0.023088027542356695
ck_910205d25388a0ae,0.0029294207186152397
ck_d229dfa0e4442628,0.0019444578415293051
ck_7cdec61e1c488798,0.08284507907731234
ck_f66f06e24ff32671,0.03988488394335763
ck_350bf14e90b503f5,0.01632608381071519
ck_61fff5fdaadd394b,0.006107416128680789
ck_e934f984bad2ff91,0.49525433172962996
ck_ff6a6d3547dd2d37,0.016575263963283904
ck_65ad9b15979e3247,0.008389362907877642
ck_bbe1a2ea5a403ad8,0.6916538155328167
ck_6f3a28eecd2c4031,0.013637169209750818
ck_a89b66665714058f,0.04716660041939208
ck_918c92182b6817cd,0.017006065973212782
ck_64f5eb4be9e7b8fa,0.06070082099598989
ck_d021fd497ea35fb2,0.00907599455030049
ck_004de16f7d8a42ae,0.019030521414310754
ck_a33d2325f86ab12d,0.009585212075344966
ck_89790ff26c844bc6,0.008340499511727526
ck_e6e7257377c37b28,0.050864506325875775
ck_a2cc3910a641a808,0.48719436200837063
ck_646e270e0195bf05,0.01921921986717127
ck_baba5d66def0d770,0.1992059956688672
ck_67cdcdda3033842d,0.06156531690952874
ck_b5c3075c811a2216,0.02772656314330574
ck_515379973a8044b8,0.009311045388809938
ck_c0ce85fb4109567d,0.023043008178454442
ck_fef850553862aaca,0.004090618860460449
ck_55d7217b0aff9fa2,0.009344589799115087
ck_8e139f8925ef7968,0.01258326444056263
ck_9e35b908fca1e4d7,0.0029716427808034887
ck_59735f4ab2ad3da5,0.03657812927104241
ck_dc569c1167ccec0d,0.6551995864869847
ck_1dade5592f90a15c,0.0509012780294762
ck_793048d11fb8b328,0.08519869050710173
ck_545b71eb4fa594b5,0.002792687675323623
ck_bd30853e9a57b544,0.018681275485035904
ck_59f46321ecf6d306,0.012910843504421694
ck_260cfe9141d249f1,0.07886444061236102
ck_3365a0ad1a8aa83c,0.00809990860324404
ck_b0ef193195a2138b,0.013197829084420873
ck_0f909705e2e60f2f,0.002966741011744432
ck_5a540b75c866166a,0.025800791545873305
ck_87c26b2f41025109,0.9791031218872008
ck_27acc9f320cda104,0.28352701407254477
ck_a27bc31eecd9cb9a,0.02754074397067087
ck_115d86fabde77b65,0.0023442855503236814
ck_eeca179341d56f8a,0.602361001418223
ck_8e5999c436cf037e,0.0017063602736599604
ck_510e7c5df1f95d90,0.9952136517483451
ck_f1acf73363925958,0.06937070803020674
ck_3c177f5970b68bd3,0.02592839288460413
ck_9cdfaa1c30cc9d32,0.0021319367484388175
ck_c8efa1538b37c359,0.004662569143137173
ck_a8a2e296f9804bd7,0.009571225160320157
ck_91a0ca45f429568d,0.024002527102857447
ck_5fdf8a0bdbd3ed62,0.010653660569992868
ck_0f4e2ec66d50da5f,0.0028442390885585244
ck_28c53b214b2ee882,0.2375939852063376
ck_003148504557f720,0.08004643588052351
ck_01d840cffb870615,0.45439811838310656
ck_555848d51f4b5f35,0.024500139795993036
ck_df20cc23b8fb8e22,0.02725861353144244
ck_f9604adde929beff,0.005620843353508413
ck_d66952b03591bdec,0.007800313801806569
ck_ddcac1ab765ff61a,0.014778710604169432
ck_347386629d96c664,0.018911950385514624
ck_ab01db9117acfe3d,0.008301445472972627
ck_58e5359efc52e0ad,0.004009405344190166
ck_1a524b5cc8da71b3,0.07148567413641709
ck_e9287b6d909d731f,0.005822557090137859
ck_bb41a66e3d90263b,0.34564283629275105
ck_e95c8cc1864bd584,0.0025860115810411965
ck_7a3f2961e9a8b6dc,0.01709351381066568
ck_378a9df82b1e0bee,0.23489090136633708
ck_42633573639a3f02,0.9561995895798704
ck_2a5a4c18c2c7274b,0.0075090466956638634
ck_77549c1a41f837c3,0.022466555140599427
ck_a26704b5b26258b7,0.020183591207528377
ck_9874ad160efddf50,0.009292835689359418
ck_9111e3a04b14dfba,0.08426476032292513
ck_651e076ee43aea85,0.004150915915990518
ck_391639c0f13932f3,0.0028160769771290966
ck_02dbabda93c8c13d,0.011229600054603541
ck_0adcb1fffcb0a34b,0.042476178426409786
ck_7a43ef9c7b1c67b5,0.0024933428423465727
ck_4b9dd69946438d0b,0.020310796036783808
ck_90bf017cdd37b66e,0.02645472975963776
ck_61c74163eb36556e,0.012078579705676605
ck_13376c59b5bd6943,0.00369968223391554
ck_62337eccb1672737,0.004914419471831913
ck_16077934338472bf,0.0017843167723766763
ck_0d4dfd93086e7330,0.048217927751098566
ck_3865b7525b910893,0.05344395111068835
ck_7e2ae8b69ebd5675,0.01433668834668885
ck_b4384b6c11766ce7,0.007482038094940317
ck_3d7fa32dfb9fc692,0.07648638028028609
ck_f4a6a7cadd6e0603,0.0699634689945684
ck_212525e2828a6c45,0.027192981974668684
ck_33ad8d53394ba77a,0.30132116593715746
ck_a5051eafe8b51224,0.006048799392908415
ck_f65e5ff7da565f91,0.0038540697994585687
ck_5c37f7563fa7591d,0.016795295508528863
ck_f1e0a006068aff29,0.018646005035720236
ck_c646cdead6fb79d0,0.006614178069406683
ck_f8b3cdffef535330,0.27144852070362396
ck_e5cdbe3aa12c97f6,0.009404438263715937
ck_986e4e61440506d0,0.03360138020453357
ck_6da9c5912e15d9a8,0.007514354641128653
ck_51d842e6dae74c71,0.009360555505663747
ck_5fc65c24e0736d5d,0.6009874720895629
ck_babb95a76c69509d,0.02800036390135307
ck_86a2d852a9715432,0.13462760798406956
ck_db4083a0d043def8,0.316354321718694
ck_96953b8945b7d403,0.006284195548507406
ck_7831ca5c31fb3859,0.10129606612271254
ck_60ac5e5f375daa38,0.0029607173161894204
ck_05d44eb1f5f085ce,0.0730124884053511
ck_432cc19c7eeaa46e,0.0408992179745446
ck_7fc513033af061af,0.040617849995626676
ck_ada6ede84c111719,0.047135852334216057
ck_6343e0d3b1c2962b,0.02204864425615474
ck_010264ae04f2e902,0.05169262631991187
ck_e9dcf535f8c289eb,0.16060632380363446
ck_37143d9cc296e6fa,0.025604840970783256
ck_61fa051192f3e810,0.07387764838553805
ck_f9f93d1d41be1468,0.8976841771200783
ck_c4f4f28457be8a74,0.0013235838691888773
ck_323a71f9452d21cb,0.561414216450754
ck_170f4688e0acd875,0.08128986231124234
ck_869b1878d09d230d,0.1969536915129905
ck_2f6b33bf46976229,0.0028026114739272026
ck_b11e22e75d9b99de,0.0011402780915808375
ck_123d75ffb75b606d,0.007837333387876223
ck_94295287a04c85d2,0.13737861910898286
ck_1b0434f096795328,0.004744487362680234
ck_0a4e191cd0a57ce1,0.001972834268974015
ck_d2fbd0df99634676,0.054534344718426414
ck_d51df5e9fbbbcc94,0.05106987936820047
ck_2d3d7d64a6f443f8,0.013935911936004207
ck_731943c682c9394e,0.013055715036334015
ck_5ccc0c94e5e1f849,0.018666013716090894
ck_c3476080516db25d,0.04022171470870837
ck_5010ffb1c94187b5,0.0029218271582053157
ck_7ef666d67bc70223,0.023720713765193743
ck_c1b493527224a27a,0.0025880584392281975
ck_5d1e25d7acc5af9a,0.01839681698582058
ck_ec30b61cbf517db8,0.004082335470454134
ck_79323eb5d2e5efae,0.0031507942692692286
ck_4085cd3bf2661518,0.019226065147147017
ck_2ca91214c357c072,0.08686501608998597
ck_7f3132d6be389657,0.07284975266865969
ck_e7a6b925c8f39a85,0.06470456157679638
ck_c886adec7bac250a,0.020834776556011136
ck_c3f360c2d0ea0a37,0.028119927391463993
ck_a7acd5b015823793,0.014718912548231159
ck_9d64187c0800f84e,0.023615076388368763
ck_5d4ed73b9efd7d11,0.01142430774191618
ck_874eca6776b34dec,0.00699762143823879
ck_96a9221a87be93c3,0.023016804792738047
ck_68dd79a51eabf5e6,0.040963548807617545
ck_8311cb6755b2016c,0.010584330869925199
ck_16fc77b2bcf5ec03,0.9433017970165826
ck_ad9e2088a33c8c72,0.0006547843945725588
ck_7176bbc97b1e42a1,0.005301645660825955
ck_80dfa54b30f65fff,0.781725417079367
ck_31c54d540b128843,0.007161029896699347
ck_43ea894480567274,0.03582491990783728
ck_9c9e8a38bd5a6c88,0.04169880918701839
ck_1c2dcae19539e148,0.07387142966756222
ck_b0fa8b84e94d8ae0,0.019014059499943517
ck_4ceb43ccd0a81c2f,0.011731584871766648
ck_ba845332b730b596,0.00394402858787187
ck_73d3e8c6077f61e6,0.19139851382220618
ck_b5d0d223ef56473f,0.017257611969296302
ck_949f08f8e80e93ea,0.0014850116039517413
ck_73de0b49709e5f8c,0.006588387542168089
ck_b5935e9722a39819,0.03567523651253747
ck_96247fee0eb44420,0.002927124780146568
ck_a6def1e4b2d57e0d,0.03596380891483963
ck_aecdc5a96321a2d8,0.01942067267865529
ck_bc61c59970f8de49,0.039122344518396905
ck_c43b4175fc9ac5bd,0.6598383634933378
ck_8ff7a9b23a55fd62,0.01998564248657649
ck_20c99b645f462449,0.005952617886714122
ck_a5ce2ae36fb410d9,0.0018439263825213255
ck_96fb9bf556842bbc,0.011978676448997848
ck_b5e4c6dbbed1b773,0.03051474588039731
ck_2085433978e72ea9,0.1496325221066654
ck_2c6b174b063ec637,0.007277439423950758
ck_b20b81b88dabe28d,0.004623474356592385
ck_243c18dbf150831c,0.003417763455063571
ck_2bb6a17e8eee35cc,0.05676727966536032
ck_66147fb994495396,0.09173033106830862
ck_73f124f075ede0fc,0.014771143500844061
ck_2e315f1b1e533dab,0.006905209403866127
ck_16c7bf94ed3e7a6f,0.0009776979329724825
ck_4a0eae220a762ac5,0.021994429292395968
ck_dc16f939c2f44ad8,0.11055293364914409
ck_817926b449754917,0.013822956244654402
ck_0c0dde42ab64ef87,0.011672196431149045
ck_cb3a40594da6a2ee,0.08593753695887041
ck_d0dc156441fcfdcb,0.015882279252186812
ck_66f0945add423e9e,0.006382035158892518
ck_a74f6a3030f5d495,0.03525635786877323
ck_1ae460f331e49ae2,0.014608984149779321
ck_2d177b2f4f0b40c9,0.16321262595021185
ck_92e474e4368c4791,0.011584190350404667
ck_3dee83fa2d109484,0.0029466779393282016
ck_80e5ea27848069fe,0.017292545582294684
ck_ed0c4a83701ca230,0.03375163778816066
ck_0b8b7c5c581fd161,0.0009614248682786613
ck_60bf8a2870956fb1,0.011320331468670656
ck_73a54b56a2bf35fe,0.9078379920032914
ck_2296d7a563424883,0.017093096603028306
ck_bc19c383560c7477,0.016132739751894193
ck_861d8e3d88f1079e,0.04900741869537675
ck_3f090fc96c24eb28,0.002258974404283811
ck_9a6a1f8102febfca,0.040014842002292404
ck_541b6ad5d2fa5a39,0.016433445693929436
ck_a760d38d1bc4de97,0.0028399884368442204
ck_7dca4d7ee10b4eeb,0.0025081094768353023
ck_15220e78d1545e40,0.012138840836284316
ck_ca24bb0de508efb0,0.004918887279789414
ck_56b389627d8f02c5,0.990778703883996
ck_48a6754977a44db0,0.005865010735417423
ck_333a43ec339a04cb,0.07657865597547302
ck_f22aacaf86a65d7e,0.055277583217413585
ck_04bd8a1ffaf3ffd8,0.003344176335856878
ck_2737a72de6b700f3,0.033704168451919155
ck_c35e03b0dd0c3454,0.01403968453653131
ck_e0571312f395cd94,0.017220135535787183
ck_09fab6b9825001b2,0.005249879497822914
ck_18c3a095606209e8,0.02487432074393177
ck_2a97db9377d01e36,0.0107610868695117
ck_f29dbbfdd2786bd1,0.011676141409766945
ck_35d6c510ad29362e,0.20111011291492167
ck_5468fa99c945d785,0.015602220702047436
ck_6f8102f62c876cc9,0.06329346450208165
ck_91955aab3424ad16,0.0030847681307621497
ck_9a43c0c73a39d759,0.05954356879681097
ck_60b023af6d1e30bf,0.8761865716508687
ck_9704c5cf8659cedc,0.03207765662812482
ck_7e5f02b51b9f78bf,0.10528978006953674
ck_7d3a88d1aa649708,0.8889078680951558
ck_8250eddc1ecb07a0,0.050650240507806636
ck_d979ef95ee44023d,0.019980597924860972
ck_5e5461dac83531ac,0.02385970364950284
ck_d1bb8890081e0a31,0.05195470139994298
ck_32246c62640648d9,0.0034934938133391017
ck_77a40c7d2f862a32,0.04122151139088554
ck_1c8b94efe9238f5b,0.002484519886368725
ck_eaf3b6d11bc3cb11,0.008004712681722323
ck_a4a7ef3ad799c380,0.03195134749921864
ck_d5bd8f68da073cd8,0.009608125105075633
ck_6e6258227fc8db7f,0.002976402985746705
ck_c35d444e05799db6,0.01830832443958628
ck_74665e1209140ae8,0.05051069248317959
ck_353a272478f7e903,0.0033535869670828894
ck_a2c9796ea229a4e2,0.002582458269969812
ck_e0171f91cb3411fe,0.022269141238867387
ck_703499f5410280f7,0.0026949689758286014
ck_ae3a763997f8f385,0.0820659459552908
ck_f7ff94c3df5ac874,0.016700173726274425
ck_f3c16d8f747db046,0.026903028487338318
ck_7ef019ed77276496,0.002267959272917219
ck_d6a4faadab58a3de,0.0041438237174030905
ck_ba7b78d31d74c794,0.02702300736290038
ck_36287d063350ce9d,0.005275193196727843
ck_5177fc7137ff26ce,0.004906342115751261
ck_dfd4e79aaa967b63,0.019712110431827506
ck_fb44d15fb93a7157,0.08185653349661719
ck_fca478361870a4ca,0.016568733033787926
ck_e57b94fe57341058,0.01895076148158268
ck_5448c946cc4758fe,0.0077252721975388456
ck_c5ece5ffb8800ad4,0.018590680337517936
ck_11cb98211b2ed134,0.9508340539571682
ck_f655399ac75c4450,0.04399395993179319
ck_c817259019588d30,0.04657408351986495
ck_8740a14d8096c6e1,0.014567330935454871
ck_0c5ba86f4e05b38d,0.015915756230754016
ck_ccc917533d4b73d4,0.014073081048780767
ck_9eb80edfa43203de,0.003750710668006113
ck_d1a1cf4cf61d6801,0.032839401337464956
ck_b17c239f160e6017,0.012505519938795864
ck_410c3e13b48e0415,0.0033902762816872397
ck_ab553954435e8854,0.9233146359104717
ck_bdbb4230c91e1604,0.1065369817699466
ck_8fd4937eadd64fb6,0.006683546399864526
ck_e0e90b196bef3c11,0.004040620344311697
ck_3dc4d464386f0eb2,0.08671738840982106
ck_51bbbf8f8e8ad005,0.994030714367602
ck_c05737ab74cf03c6,0.09087632857887344
ck_dceabbe04d99afc2,0.0034387997590694273
ck_5b86fd14e85bc9c7,0.527396875297974
ck_d4febf0083800424,0.014199816093842308
ck_77d9f86dcf251739,0.011921521424618902
ck_b4dcebc543deaafb,0.019398386434718428
ck_cb856e75c949b0cc,0.0014282563487824614
ck_61b067de8ffc1ca1,0.07642490994786913
ck_c0e8560ccfd9dd9d,0.012453691481497605
ck_173e1198c341087b,0.007449733741100074
ck_b4d55bc809000276,0.020964380682309214
ck_839bf139296b5cea,0.019832787159530654
ck_78cd402a2a4f2e35,0.0028388993033285907
ck_c2925c50ebacbdba,0.009314336396173453
ck_5e3bc76eddbdb0a6,0.004818878858251668
ck_b7793edca26fc512,0.010724311841224417
ck_d79bdf04d6f31cd5,0.008127077353594955
ck_4b97d19ed946f503,0.02417048381909718
ck_37139b41c5370523,0.060303870490216335
ck_8c346eeefa9ce692,0.03026384610815825
ck_2ab7eddee2d8c49e,0.011324742292011122
ck_29da59ea3bffb9d8,0.11495411555536299
ck_c1d05ef0ec6e4be7,0.00638893232998423
ck_3882423b449f6291,0.8909799710402947
ck_5647030283171ed5,0.848152676813522
ck_efbdcd9c181e72ca,0.008440554756448266
ck_192fdad892782daf,0.13082141102113118
ck_0bf2e13b9f2601ac,0.029447331668758934
ck_3d6046a533057795,0.006677296810214844
ck_279a1d3a3836e5cc,0.18351488786779188
ck_c375e929becde422,0.010767472858695488
ck_a59e90219939a1f0,0.005853929400970878
ck_4e9fba1ec54c3ff8,0.0238763997891722
ck_bcbd8588a13f5eef,0.0013344544120078424
ck_5f9a7ff990341bdd,0.0025207872551762157
ck_e0403d507519b7d2,0.008799792505851842
ck_c9490cb61aff5112,0.020246566433392937
ck_41dd44308e6a665a,0.17819015071068262
ck_76c23726cd7ca947,0.010978697484914656
ck_9be551300209fa83,0.022313126404494708
ck_a98848eec6c9581e,0.08263225676134549
ck_61176dafb33b2d8a,0.7346946553584647
ck_92de019e05971ce3,0.01972722224836044
ck_5d644224135d7c65,0.003090669208428931
ck_c767fc454fa215d0,0.0029451823622535303
ck_5df85a8924e11f27,0.045030519600514185
ck_da2729307af06ed5,0.016834518839857263
ck_7c6b577174af7a78,0.007183976808513767
ck_893b8afbe11301e1,0.0090712104872218
ck_e06f6fed020ae014,0.05060926046124112
ck_386680372fb54857,0.009915761540984884
ck_7a7f3c4fe0c9d2ca,0.016691641734245383
ck_f908b527c4db422d,0.0678709474717082
ck_ec2eee6a133e9a6f,0.10906228978192617
ck_d98934f9fe0b02b3,0.0029881889461832777
ck_398a1ed77b0130e5,0.009116111395204442
ck_d960af7a55b892b1,0.010867493996563
ck_4637e54a9f79e2e7,0.002801866627017379
ck_02b9f418524f6650,0.012663093069346718
ck_d4b23804cebb045d,0.012955364228815628
ck_35b1939c48182a9a,0.026056791843777464
ck_2dcbb71e39d64305,0.09923072299950034
ck_47a884dec960ff2d,0.01584417336762287
ck_71fd8c346fde5cca,0.17037343287148574
ck_98e1992ac8e7d2de,0.07710640439367364
ck_ae7780327e210522,0.03992357367909313
ck_e6c584b4b1ad6d9d,0.01053888169317359
ck_344b2e326a6c3dcc,0.006397036631469864
ck_9aa899a5230b0963,0.033851810037158044
ck_e48d14d5b70ef5aa,0.008886890220064949
ck_59d380a0973b3951,0.00586264744223389
ck_11318f7c041a5ba9,0.020661006121426125
ck_7061786fe2f22f5a,0.03206527274253816
ck_e77529651c416cf7,0.02442875142613671
ck_7f79878197340435,0.008823785655603489
ck_b0a0fb0ee9ebf106,0.008034032998749377
ck_70c7679199776a90,0.019800502987177768
ck_b9facd2210daca5c,0.06842276167584792
ck_9949f53c155b8dde,0.009267707531909843
ck_1c607e24f2c4397a,0.04925722602347897
ck_aefd1ce3ce093cbd,0.002224231124649433
ck_5a29b7018e43280c,0.0019206121187668828
ck_69eb0b2ccfbe5f95,0.016543762234220112
ck_fe037765aa465c58,0.012609275528566498
ck_5e512ef5362a3dd6,0.012988372784350255
ck_544a9e80b7fdc279,0.005504230413988529
ck_7825494e654d5695,0.07504926643091793
ck_f1f2c3c623553f0d,0.0012017352782380717
ck_52730906e5b461eb,0.7808860984780247
ck_01e0689157fe9617,0.2076006190778297
ck_9da82e567074da9d,0.01680001947774518
ck_6a17384072f904c0,0.007150702060085377
ck_8d84d771a21942a7,0.002239691653184372
ck_39638880292782a7,0.022382179882518886
ck_7d51c86e0eec72ac,0.023144717367663815
ck_45f4c821c70d134f,0.6887926009771103
ck_0af3c13ba56ce57c,0.002393068436995411
ck_0789a05e061b2784,0.47198260071819187
ck_6ba091eb42ffa9fb,0.28086861074307257
ck_265accb3c5c32620,0.0757412271013234
ck_179039559ff7566c,0.03037293961953375
ck_17c0a6a92b5765cf,0.012452493469509133
ck_59371c9140239fd7,0.014365584502321596
ck_f9c4f8b4ce2691f0,0.056381328325362724
ck_a2637e4872cf4811,0.09621920778786804
ck_1de43fd6c6c22a5f,0.0714056655751898
ck_6e4f31bd108571f0,0.005129897101821337
ck_da06d97db0b18851,0.0013376970659778008
ck_e0346d5081e640e8,0.020063787151313437
ck_c1c7d4e62c9fcded,0.1324872662177918
ck_2595669e421299f6,0.027850628626887468
ck_3b6057d51fd4c7d6,0.006822366063298155
ck_c5f8ab515840a0fe,0.02213872278101323
ck_435cb24538c6f77c,0.050173794396702366
ck_d84b5403da4cea7b,0.03595225266047971
ck_c2b61a98d1c8f6dd,0.8186226190932356
ck_c9dcd92b2f836b61,0.07831460359500689
ck_9eb5b3f5f672c2b1,0.001988538625338588
ck_e4cf189a8d31649a,0.009266193711241334
ck_6b114f2a48152b96,0.002624208765499681
ck_3fb95862b70f505c,0.03042932482516948
ck_7f780f465c29398e,0.00979601318284567
ck_ee387f9da79e67ea,0.035638128791337625
ck_fa3b1e85d27af2ee,0.04825636619024573
ck_e739eaaa7a1822f2,0.02664476286408405
ck_dfa0ac11fcb1dabd,0.006802022923595846
ck_6e8751b571ea54d1,0.03106169964534806
ck_2d695f8358383092,0.05723207565492368
ck_e7dce27edb700f27,0.01080712782194347
ck_e322da8b213eab52,0.0021154173142829864
ck_d0b32e039abb8200,0.003067809464562032
ck_b354003302b272ca,0.01340236925573614
ck_f7485cba392bc294,0.29065414202533124
ck_d6a290ff8362c7b9,0.08685330551531721
ck_c56a44fe315c0389,0.009263134658031535
ck_f77dfe6512eae322,0.00970443659193342
ck_35fe969c58b9e70b,0.08369130219870166
ck_4c518637db2322d5,0.06649302209602265
ck_cb61902798ecc4fd,0.048991348133998455
ck_56e6cfa32156a916,0.005329347497178981
ck_343e6ed2b9d35c01,0.028504180539245916
ck_51440f64f7250ad7,0.0438954620286116
ck_295bca29c34cfe2e,0.047248672729195265
ck_dd30558576b45e7b,0.011231516621129187
ck_3a30132a57181fe3,0.03371776225734409
ck_4a733aeb833406f4,0.014704703691962433
ck_1b0b7c3d35ab1259,0.08670247383051533
ck_962c3bbf27cd4b80,0.07783815490236441
ck_9528e1d6b1707870,0.009688372476617201
ck_b3263e7f31aab45f,0.024516435134367274
ck_e69195a3c885053d,0.003413606278227638
ck_a907fa8795cd4baf,0.00760768651700363
ck_205c3405045bd835,0.009035942599439874
ck_e81fc223bed3c46a,0.07809362134715511
ck_363751deae40edfb,0.09839746659443149
ck_6176baea8cbebbb6,0.02476051811405132
ck_633e6579f5c74a5c,0.37994275186098103
ck_ddc11fc481eef58d,0.028542268590419355
ck_e975002c979e12c7,0.0911188393019173
ck_8e039b23acaaac00,0.05742161618776132
ck_1d6990d94a4d2ad6,0.05149848902501756
ck_e7b583acaa3171a2,0.0704817207295067
ck_c0133f60d39b2fb5,0.01627272727896466
ck_7d6bff85e7a694bc,0.0025122783498931957
ck_d305b4d82f63f647,0.0029766691737622194
ck_22bd0fc71f95e048,0.043612278531189
ck_9a65fcfc7916f93f,0.0019019997478818748
ck_d61c837b0106085a,0.04500814569414259
ck_be86a1db08dea456,0.021392140066210614
ck_90489c405e6886d8,0.006851203000886109
ck_0add2c321d579d75,0.030804106499796837
ck_482dea6eed92cbbc,0.014551793756236112
ck_c24b47184534cc2c,0.9859185560708478
ck_fa04ac31e596e7d6,0.025603357571697925
ck_084322dc5a3a86f0,0.015568078134328176
ck_ccb72a33cc1877b7,0.015816451127274183
ck_afaf374009d3b248,0.0142137637707474
ck_b53084ffede19a8e,0.003647302764145809
ck_4760216154c8cac2,0.5904873239563158
ck_37ad3a65db673e70,0.011088169776280918
ck_0c2932cc0d553694,0.022520919806444
ck_86b853c52f20fef5,0.004643022354607369
ck_38703b7546d35a80,0.03335912479470341
ck_218b7e6e6dbd2da0,0.005363803975723176
ck_402db4184982fdf5,0.021082640353729785
ck_f917c82af80e4a79,0.08909567442230691
ck_3c6417a233c68c73,0.03554902367452313
ck_98068c397d70dd3a,0.02069865882254716
ck_b1cbd6679c0f8d95,0.0025753863237223816
ck_9e962f9bb0e7bac2,0.04661199766520859
ck_b08247c3ad567d92,0.3838179751950618
ck_3ef7a03ebb81cfe3,0.0014358387628803783
ck_5d7ae0e3562e99bf,0.08094055331659167
ck_c91a628236baf91b,0.08075089490744881
ck_7f8e816ca51755e3,0.9382310080526959
ck_5aadd286d188f5c3,0.01030256195498597
ck_a037aff5f8128c73,0.011270295801943142
ck_5df6529ce8290906,0.014812513772715268
ck_5f3609511443e5a8,0.008463479742783428
ck_a6f61864fac3c8fb,0.013053359832227567
ck_2733fc6ba23ae46e,0.12429814198579733
ck_22bfb9246646eb41,0.7641229932560307
ck_bfc2a57d8fd1610c,0.39294330660052634
ck_49839e761d0e74e9,0.014205804380024825
ck_aa4ba931dd37481d,0.015227898455223404
ck_2f9fa0d61829f815,0.021862719235877057
ck_5b82c774df10d49b,0.0013084138679885628
ck_411219470d0a195c,0.01878494668549807
ck_d07485ba10514a2d,0.3376347737134029
ck_219bef979ee21bdf,0.0024626346301669503
ck_eb1006e7285184a6,0.028478511038333047
ck_fd242b18575e3063,0.12067302400029552
ck_95188150ff059c70,0.03687990198010248
ck_a9ca2f447b984a6a,0.050197149890334386
ck_2dd39723c4088b64,0.01761383703431223
ck_aa2b4c662ff213b6,0.04131712691121862
ck_1867b1199c864db5,0.0676414333191355
ck_850ec97a5a0dab9a,0.019493636769163287
ck_562320295fa35875,0.007899423580297268
ck_bab5759b07fe2bea,0.002003222950544047
ck_b9f1465d803e57b2,0.11722418170316114
ck_8f21f2690c32c691,0.053726031726298515
ck_df87d6f61a63eb21,0.01314589365683267
ck_770475876d0e7e6a,0.009627569982311906
ck_b4c014d5c0cc9eb2,0.009504514791749168
ck_3add4d23124c9290,0.006148132033991768
ck_bce5b7fecfb6264d,0.19262640450854607
ck_604c17cb97dc89be,0.049206844762406825
ck_e52cbcd9aafd26b2,0.011006263052180274
ck_0ac9114076f5bf3d,0.018950167321692392
ck_dcc125b178b79566,0.002412657980911771
ck_4e333c09f0c37dee,0.012498695632346438
ck_ff7e31ff8ba731e5,0.029530392184992746
ck_8d0532d24f1070d1,0.0030636004055177163
ck_3689fa41748a6f6b,0.11501042987448822
ck_7509eb97c1948b16,0.007264758944550034
ck_a9161cf1ca22a6bf,0.009096818865857685
ck_bed3e3db135b782e,0.0803926327489681
ck_9040edd974ef8e3f,0.361388132539369
ck_fac32d76ed40f683,0.0397664404322337
ck_3d7b1078e2d57c69,0.003941658086296667
ck_dae09c4e074af5dd,0.03543054700224421
ck_fd84507228467b40,0.049993907291873724
ck_e2a2ce9b8cf44c63,0.01951031245109179
ck_cbe716f351d660d4,0.00747070184510154
ck_cba4162ef29a6d27,0.03167707306882495
ck_4f1e962ff8a29732,0.00833288095434941
ck_39a81899dded61e4,0.0208072962242499
ck_25382331551d22a5,0.06613682790791432
ck_6d64e1c07b19856e,0.014263789169762973
ck_165a868bdef28ad3,0.026233103011627
ck_88774ae52e30e877,0.025183798557071656
ck_fc7a9d0643570053,0.0028933706103644813
ck_c2017120b3b88a46,0.0037531596993656516
ck_d115ac6b9fd62a7e,0.023869028943426553
ck_439cf7d51ec7de0f,0.005227173849760486
ck_2468a7e9e68a0927,0.005051515690549716
ck_7c418947124dee8f,0.10774828225267315
ck_fb0cf32c4a56f740,0.025682360053978667
ck_694eb6c43193afd4,0.008764397346751635
ck_993beb188dd4abb6,0.007567590610404028
ck_77fa39d3b733c226,0.07592117128282616
ck_49969a9abc47cb69,0.021880380308260738
ck_d3f44bbe2f7e9b2d,0.024667219530465658
ck_fcf5b8216d0c18ef,0.004751920494503577
ck_daefe1e2d2bc362d,0.00553619226684069
ck_9c9287cb28950eb6,0.11267580120505782
ck_c1d1a625b885a975,0.037542652048775556
ck_71b37fe47490b4ba,0.008701908641390576
ck_5d16e257c0635f7e,0.31116346869032985
ck_15918075563eb074,0.0039606005887235125
ck_9a15fdefc47e8d11,0.00424438939721034
ck_6f04d047d1dde75e,0.0022984674450174003
ck_1af2c0b3b8d202c1,0.00813461600685513
ck_174be2231c5fd2b6,0.0019321001784942556
ck_bb0713a2a1d65982,0.032487322037694485
ck_0daec63bd5b0729d,0.026115233933374758
ck_c0b5cc3e8ad2ff44,0.017841985817849498
ck_35bee1fc12664644,0.07010969761219385
ck_a1c7cf63467df4c2,0.004494102290384317
ck_ecb1e15f0b185ceb,0.08499006555700378
ck_f280d31f54a4710a,0.07521953627783307
ck_30f4b2ee8abe1342,0.03563718383272661
ck_66bed631354de5b7,0.004320485488306695
ck_c2d3ecd7278eba2c,0.007857772541535447
ck_e901dec0e09eccbb,0.00207025442060997
ck_5d038ecb3c8748a3,0.012585657323298888
ck_283c5bea94b21e80,0.006203754515072148
ck_7956c251b85f009e,0.8104971697164125
ck_9f5f81d771146aa1,0.003366908770539244
ck_9323e6fc1e168eda,0.7403460805469447
ck_10495d3a635b8d69,0.026685664456458372
ck_1982d571cd36eb0c,0.01792503785246797
ck_4f5d7985bcc2eda4,0.006436165396621335
ck_7df526b2b4410bb4,0.029979491495751145
ck_dbb498b1a346a402,0.0027614862952114708
ck_ef059997563e3330,0.010389324687445335
ck_02ec4e06709e6b82,0.0018992620768543465
ck_9782c86ba6485f88,0.0026816703360692125
ck_d69de468b44143ca,0.012828118822868356
ck_6430a8792f400e0a,0.00369705324593776
ck_8285bd3c90af94f6,0.05812649614221415
ck_985c9ca112000e9a,0.021764849142059815
ck_e679fbf4f4f4aa07,0.002703052637386544
ck_016e8c8eaf9d511b,0.05741769044553894
ck_bc996c523944644b,0.06169567630859039
ck_5b8315726f6204e0,0.02748022928100649
ck_78181f8e998e442f,0.0032572080214839064
ck_71c68dfd011dbbbe,0.8528430431421588
ck_db32c95ce2b6f502,0.8932177015639409
ck_755010362a9b1bc4,0.005304000215873373
ck_114141d85256c9ff,0.001578235923007629
ck_9d1a5cf5a3b87e48,0.009822661841814287
ck_ab640420858ab5c4,0.14993288734867719
ck_97a8dac48dd62488,0.2247154965740132
ck_879cc3166fe1bada,0.003686380959739909
ck_b0ed11080076e381,0.008007918537253094
ck_7334a9ec656263b2,0.0067482095045090324
ck_6494f0ef13ce44d9,0.014146936026534072
ck_724e459b9ece38f4,0.066091766586816
ck_7fd8b1470401695f,0.6406403891934511
ck_292f81186358b0fa,0.032962575148620395
ck_fa7de64d37287615,0.046930027549244926
ck_d00e09e66ed6458b,0.17245378734207883
ck_b8d210e741be186e,0.004490226925213062
ck_3db59982cbae4410,0.01791494871419309
ck_69887d0a9aaca6df,0.001936046780130365
ck_4feb21e2fb0b3977,0.010347566755701173
ck_08c6cc1e143475e3,0.004024842315622609
ck_fe6e168cdbb46b9a,0.06192006897708986
ck_07f1734be7fac56a,0.021866787985324546
ck_d66d59981307db93,0.07132395422757025
ck_f928dba0d587d7c1,0.00468970162574369
ck_786448fe3004cbd0,0.002488766433200481
ck_29ea329fa40ace62,0.017823434316197043
ck_7ea52b6f27edcb73,0.09031724860173279
ck_18bc51bbf3ef198e,0.05268494785491813
ck_44950df09ff14ded,0.0024085378214046427
ck_c1466b52c0a10b93,0.018671249445172858
ck_6cdac067cc4db5c5,0.06809958813315285
ck_53f55c6e8cf2d432,0.003897828721466082
ck_95945f48453ca532,0.042470891779081796
ck_87cce4126e215153,0.013779646253775469
ck_1ecd5516c92caa4f,0.003381682090962202
ck_819b482bca14c068,0.18100120173427928
ck_a61a879dd46fc9f2,0.007646024227272437
ck_af70aa32c009c3c9,0.03199095921361373
ck_f4fe78e249092ab1,0.024511972858007346
ck_12c46bc52bf45b36,0.02436398088505958
ck_f05f5e4b40afa52f,0.13244664460935238
ck_0f8cb09d3f4fc980,0.07283490201036098
ck_80a64a7f0275a71d,0.009163970997688392
ck_683af7b1540a0b22,0.05098691595246618
ck_51fe0b613c076cbe,0.008164274973219234
ck_da1a2450219dcf19,0.04639045950046268
ck_2a7eba01ceba6c2c,0.13029066295392458
ck_4e329e29dfa743ea,0.28773302438363957
ck_0274d881d6db82c8,0.005816629219112189
ck_0af5b7d128035b35,0.014540215927228383
ck_ae0a7be6b0a0ea68,0.03182620189548631
ck_de5bb7a4d091386d,0.23627629176118647
ck_2bb7c17168a9d17d,0.0068529006413298585
ck_0ffdff7b2f5fdfe4,0.012409023142716746
ck_718a8390b3d42d7d,0.010852281608958517
ck_7c4f12d70f184533,0.0036344977293064464
ck_d3e2c26b8adff099,0.02049947988205697
ck_ac9d3d9754104cf0,0.0016989325978946277
ck_3b1766a1d51f8f0e,0.24634543492526295
ck_a9bf75bea912027b,0.026844656539196633
ck_687eab3ffe1f8cfa,0.029630456047811015
ck_25dd0b02af5b2f37,0.031305168381876414
ck_1747fcc466f0ae38,0.0022526648089098737
ck_f6e9d14dfb6f3c28,0.02583373314049787
ck_c6a7bbd0adc4d5f3,0.04399202065514027
ck_46656a23f4456d22,0.7554931984366093
ck_7519260415c2998e,0.0176317660660186
ck_754f30ea19df857c,0.018979617333838846
ck_ba88a244d5f7380f,0.0155662625359492
ck_f268416945316815,0.011714123786929709
ck_21860dd2159dff28,0.00653043870480679
ck_7a86ef4e2beaec38,0.0013277515964547207
ck_0414507baeea936a,0.01393594291539682
ck_60796eb60fc3043e,0.0057500665495973085
ck_1e0841ed17fe0562,0.016649060843723806
ck_0d641d32658d6e0f,0.0073470787775749636
ck_b36086ae6d87eec1,0.015651911172441448
ck_962e65ab33b5c311,0.8185610609183857
ck_b046a42684468e63,0.009776731985948816
ck_ab3426435b0017d6,0.04670507048444173
ck_fcfe06e44d09a344,0.03213166570128202
ck_0f6d916c92189516,0.07978656946158526
ck_d4c8f0d957c3965d,0.041678521244019974
ck_2ca83dbd728af019,0.005983293673363341
ck_2857a4ce9f72fbfa,0.004468199525208042
ck_a60e6edc48e3d0ac,0.42090813310059194
ck_0cbd3b27063d4415,0.061135017428468844
ck_612089ec90c37219,0.026224313523905862
ck_ec4e597f17f473c6,0.0033719784661791026
ck_1c93cc58f314bf71,0.019772670317463843
ck_2b359a979520276e,0.007388192584617191
ck_1496568ddc3b2d56,0.02405160265688447
ck_41d91dc9f5063566,0.022107710360083542
ck_4c5ff58afe3d7a67,0.004960638927638052
ck_81709736281fa3eb,0.0024408254322345153
ck_d89abbab3d4957aa,0.01806638271475928
ck_52453401f88935da,0.08769470793543241
ck_a477654d34783e06,0.005698212253460812
ck_72dd0dbdf808cb00,0.04395849781238747
ck_c183dff3781746cb,0.1023575450713405
ck_c8b7f241810b45e5,0.0023849910605473973
ck_f88028c3f306bc70,0.0829726008627169
ck_91d48d69e4f5d9c2,0.008443745538355857
ck_b74b9ba6d7c9aab7,0.1284532076360841
ck_03e904682dc73bba,0.013727200575928649
ck_fc6fed6ea96a004a,0.018374747156023375
ck_51efdd240e34c642,0.04366854920428567
ck_e78ab4ff52b5fd2d,0.01756551251187398
ck_4af7b97c24d89a45,0.04011622906018467
ck_295c0072eca7f7a2,0.01826628647056285
ck_8abd1a50a9227463,0.01494518951447209
ck_ecaa6f13304e3dc5,0.00302155099756765
ck_de436e7b319be1fa,0.9895029250021549
ck_c802cf8f61466027,0.0026131458996720373
ck_3d83e0a3c1cfbf8b,0.01723011975216836
ck_28d2003c2d16e4b6,0.004814693973641525
ck_8ddaf745bbb9cd62,0.002334443864389639
ck_493b6256091014cd,0.029124125045951924
ck_a2245822cfea997d,0.0032186877147530337
ck_f7305b3c64cf8a03,0.05593782244149327
ck_9937dad93a0ed3c1,0.008107445458179053
ck_d654449f9231ad76,0.005310644572457556
ck_850e2b59bc535490,0.054344344293472416
ck_e55e5bdfc0242aef,0.049821998822421186
ck_d35c51e981b98c5c,0.010524986407615807
ck_27cdf9c5e6f0915b,0.014966934742089981
ck_d328db1e1052d820,0.021712628332585242
ck_0ea30eff5f361cba,0.009645606334054478
ck_9994323f97109f4b,0.9639142043349214
ck_09054e97bdf9624e,0.007301495399636018
ck_723b4afc388113c8,0.004222783743955386
ck_588f6e6a6a6d93e8,0.025504036405229812
ck_e1d563fab4d6116a,0.016395409953459738
ck_53aca610e20598bc,0.008242745823640948
ck_c8131ddc7ed33448,0.011911231496314166
ck_899f88464305824a,0.040180864758817235
ck_1c17c65804f8889e,0.00969788170110969
ck_45a16ce12893cf9b,0.027337595052670405
ck_f9d481aa4f9b2808,0.7402795360782904
ck_1d5d74169cf892ef,0.075547050637468
ck_aba32acb61c1aaca,0.040676765715002526
ck_ec4dd3675a8d28cc,0.02533715500525083
ck_5dcd443fe0bbdeac,0.0048655435725308265
ck_3a47e3f54475e854,0.008795882211374308
ck_a9aa5c344c315532,0.008621445842825131
ck_9652283c9f61fcec,0.0018180704755687677
ck_752dd3d2487f78ea,0.01295144428125536
ck_a821980ac4db9943,0.30383379847839503
ck_93e0d6befb67f7a1,0.026550045839300332
ck_e7a3881c3e36bd51,0.33654531460887727
ck_12631b78f8a03df2,0.005774919882581404
ck_57b8226610b48854,0.025761746831103435
ck_352657008983fd4b,0.02294445378633775
ck_0841a5c24fd3dd28,0.11131790032878376
ck_db9b9d5d30f74070,0.04758167092913643
ck_a9dded7f6294e44f,0.06130240364038344
ck_91a16336ce3217dc,0.02541330922887605
ck_371bd9388b287677,0.003084043382323377
ck_f285e5e1912a7c62,0.006290826596017368
ck_368b65fca69fc415,0.03523683866443103
ck_d27a73596b6500c2,0.025590339872504916
ck_2d963f9b2c4d11e1,0.033833171458154676
ck_7c500e219af39486,0.021956391561433294
ck_7d025dea5951cba7,0.012283471560666222
ck_32f632706608859e,0.009165847023266524
ck_53816231f3ffb48d,0.005352263233018612
ck_9dbe184e81c1ca8d,0.03780897042677703
ck_d74123617f22a21e,0.012480907587015734
ck_275386782b1606f8,0.003923616951952516
ck_0b0e79d33e50cba5,0.008460956061622456
ck_ba93cb604f792915,0.048363612115780455
ck_a86cd653472eccbc,0.017757270501326618
ck_87771861e0447210,0.17376779453310648
ck_212380e0371d8a6d,0.13725689480298528
ck_ef0d702d7b0ed745,0.004512654555388919
ck_2b8f33e22f939372,0.8277327537771823
ck_480347ad92037105,0.0227167061699789
ck_20124c3a16c53ce4,0.013536232072730081
ck_c9e1e3229baae708,0.03585178826813461
ck_b1befe967f7a5ebf,0.07042390874255663
ck_4672167d7c989bbf,0.06416762237617434
ck_f0c44ee5e3a42e3d,0.038325456255553794
ck_c416357d20238a4e,0.008286861754165986
ck_d0f470f8078c91df,0.014086266912243335
ck_3a70b4ee59084715,0.009917507434493234
ck_179ed66cdfc1ce27,0.013799185089028797
ck_387e5a7f163c7837,0.06292876190072716
ck_08fb463e69f647c8,0.9839402110157635
ck_732f725747393ec8,0.04162566887190165
ck_7cc5e0fa3ca5a713,0.01077820896215563
ck_ad4a4daa826ac68b,0.09239513243177214
ck_472e0be7a3b533bb,0.03368375526982859
ck_7190177963eafdd9,0.013860769342831213
ck_647ac26c5900f082,0.00981829104585936
ck_272ae2179bbd8e58,0.004979486829559644
ck_09b0d8af304646bd,0.0012664011653710594
ck_ca0cc8ea9f344408,0.013356253606174805
ck_332ad134fb909869,0.023860418017569135
ck_fca2798914627dc8,0.12860516465791613
ck_4450b55f462ae134,0.008806006731797624
ck_d67d9dfb60b286b9,0.0037691708980511045
ck_a9d2bb4f2bde7052,0.004267834962843496
ck_929bcae878a3ecb3,0.5544517869184253
ck_59a9e000fa275e1f,0.0332896958377449
ck_57f17254e2688637,0.026281628939141703
ck_0508908697f60ce3,0.13602281862880114
ck_946afc2943298d26,0.009112536435664481
ck_7176d12b18f2cc0e,0.022629842247013626
ck_5c47b49c26cce286,0.038403223355155926
ck_b6a2bdb2d335e1d0,0.9879535545715354
ck_1d58f6caaa4d012c,0.01848058226930385
ck_71c917295020ccc7,0.04414385194094162
ck_bc89644ae3688995,0.008352335220976025
ck_e7c212f16d6df272,0.021766630853442742
ck_c6d2e11a368184e6,0.011259856718116225
ck_eed7f1f7548df15b,0.018533724097300003
ck_75b69034000ca7bb,0.054830265670135866
ck_38da3bf629458682,0.003387937007723551
ck_90114c891239d821,0.001953883647588347
ck_8ee08f6777cc155b,0.026282226267670607
ck_bd86132499defcd0,0.010288535643454277
ck_b95fbf2b5640aa82,0.010063730039405697
ck_c530235393360e3b,0.029205176679512716
ck_be52a7ec43241ba4,0.04194416655319826
ck_d96eb3cc55f2772f,0.005193589088788115
ck_dd34f0a844fb115d,0.419977158788772
ck_17cc7b411f448e66,0.018219450996739387
ck_856ea65fa27d06dd,0.02929042319596154
ck_056d5f0301c30902,0.17718994682076003
ck_e662b14b2bab23a2,0.09762664516014362
ck_209f574c8d92274e,0.008327036378351818
ck_62720b81617896cc,0.018990010593084243
ck_041614694b77e599,0.013545035800429303
ck_461e3f7b97db8d16,0.07806558877710061
ck_1b74b798eebeabdc,0.023164380898694624
ck_0ed2739384f1d644,0.023720345236397287
ck_5a4d19f1b83feeb8,0.011793093974213797
ck_463937167965a1f8,0.02323092160914917
ck_9d7151dbdf100e0e,0.02533151310635962
ck_20a7d1ce6cc27312,0.005412165938876209
ck_6031211ff118cf0f,0.004294098845202872
ck_a6fc92aa91e99b77,0.9733483248333222
ck_0aaaa9d2f75a0518,0.0716420558175389
ck_ec26e327cc1848b2,0.00704293297429346
ck_0e6bebf8ae9b9b03,0.019460261794706543
ck_e107537a4cb738f4,0.011648738714663653
ck_e8ea56e122a5a487,0.023406875425498314
ck_98149ed45d38c4d3,0.08421782723478101
ck_0e719b3a6906b8f1,0.0012517745472134696
ck_0c6e7bd357e4a348,0.004692141878877037
ck_d3b2b250da61db19,0.844174496892657
ck_8bb6b0a292754576,0.09157673847866761
ck_87d70f5fe48a6128,0.07517474519665483
ck_ea9edf9c107d429f,0.010785769115973731
ck_059806c52cebe4f1,0.38427153681884335
ck_a72d6df666e1c21c,0.012828608676101177
ck_1d2b80ab6c4944b9,0.019259537464249316
ck_60557f077abc42ca,0.1701573095081076
ck_e5f5cb7dd6ce4a37,0.020163743389793303
ck_4c4a939154446053,0.0028636342267275724
ck_50ede3eb561a202c,0.024221065368718573
ck_6d03a542922b2ae8,0.04770073037680391
ck_d6fe761ed0db3270,0.035987644640736435
ck_7f0cd6ea3096f985,0.004836913937227376
ck_23edb6d938a3b87b,0.0037512355764169514
ck_799aaf9f2b9ef621,0.015973059266338997
ck_f8f6a03613b6dda8,0.01757756195623119
ck_7cffb189f4f514ec,0.9325411641250397
ck_c081e1967dcd811f,0.02534379130628677
ck_583d6ca78c97d91e,0.30287651307780034
ck_9332bbc7125219a7,0.00761610299315285
ck_956b5af6d7d86c65,0.509669130703782
ck_2d634e3f24681c0f,0.03183230122829709
ck_7b35d218ed0c5a60,0.021194751724513673
ck_ca5b1057f8248f73,0.041946448480458254
ck_ec5ea81cf813597c,0.01851633940816572
ck_eaebaf4d28400fb8,0.02274246295198276
ck_ae2ab6be219219aa,0.010659879204272723
ck_d99a8b4c820eb46b,0.004671095006192647
ck_bcfb7ffb7cd428bd,0.016559755256932814
ck_3dd542c2d31be2c0,0.023162257221694623
ck_c7dd84401e29a7fc,0.0012782611524802133
ck_c4bcc7cefd40f8e2,0.0019065226721532652
ck_c251898b5d51e3b0,0.021296038922731703
ck_36d37be780c1291c,0.011881109403737026
ck_99b4f266b61ae7ee,0.03530455480500707
ck_c37f03995f0f0169,0.0017260880921484846
ck_65a23ac8e44eb901,0.008344918162499802
ck_644b1c1149eea9e0,0.017759198591099496
ck_9cf44eb0237c2429,0.003911932814846415
ck_20541686a94fb71c,0.04716426690261774
ck_c18245be844680f3,0.017264779519965932
ck_56de216eda6b7fa6,0.0038537810201878624
ck_406c4442dee45cd1,0.002715572562980956
ck_df1585c7d72a96e0,0.008131154925713726
ck_b8e8dba20676d87b,0.04328419168165256
ck_0ee6965e68efc177,0.02191405999093299
ck_c2a5c54ad8d0d297,0.025279272707586297
ck_bf6fb7e6470e95cb,0.0014864183293972716
ck_27fa694569140345,0.001909466722410335
ck_e04166b0ce66393a,0.003227735581654072
ck_8742114f4f0cb22c,0.12686969798700978
ck_6eceeafd56b42576,0.17852052183407383
ck_34f9951b0eca1965,0.016547828619304213
ck_384ccecd342a24ad,0.0016803151433188105
ck_49c98bebd1338879,0.002962089986536135
ck_6c26c12071c91ff6,0.006989028585453685
ck_01e5986ebb9a78f1,0.028864574308415943
ck_121db7ba3be29ee8,0.012652153880249331
ck_039e6d5a330cea1a,0.1595790355072053
ck_ae8c9163cf957d7e,0.009301137795614322
ck_3f5e8f3f1df0c8c7,0.055123260098117605
ck_b1c51fdafcd80122,0.03419214091007258
ck_12e2b5ebfe8986b2,0.007157282518574353
ck_d55eb81a4d543c59,0.011304677780220202
ck_f85155ca5c312c7b,0.09154937446365609
ck_133d8a1ac7c0e301,0.9962838052755784
ck_04212a9bb9b28696,0.9914587238933231
ck_4cc11c7d3ca61f73,0.0030996487437875875
ck_2df4854186ec515b,0.025846233576190737
ck_aa9b28e7fc43af79,0.4366254673290236
ck_47cad6c3def4c9e4,0.002456439709197203
ck_fbff7b5da8111567,0.014451169252704359
ck_bd25ea782e375b22,0.025969573057847486
ck_7989376f8cf64a9d,0.019252291301976993
ck_675c0ca1ebb1051c,0.008320143425216836
ck_1436f6e11d4008f9,0.010042573031924226
ck_812cb3a4482cc618,0.09188379435885347
ck_6e606f73a1094afd,0.01963924962593357
ck_1b708e2a4a0584dd,0.04438479828491649
ck_a60d6b324bae0330,0.027551432872764858
ck_706a4f673a9fda3b,0.7753866670361461
ck_a75ece9a9044eed0,0.00460991002179102
ck_9aa45c4e03c8c57a,0.029227066343617714
ck_9fe9bdce982b312c,0.1224334079744896
ck_c6fbdc5ba68a8466,0.046967510214978685
ck_ed0cc1b1c28f9511,0.038408504823766156
ck_a4e2607b4c8021e8,0.0009576970394518968
ck_e02f93f51cc8caf3,0.015304907454101943
ck_7084ed3cf20781b7,0.07779158482321154
ck_cd4c63155570d6ea,0.005366172556983562
ck_d1b9e5d32d2d789f,0.0029536670303368867
ck_68f56f6560a7a933,0.003200830097028059
ck_8bedacc6233c6269,0.020574340768596502
ck_ab7cb50407d6b13e,0.02632092630121565
ck_f17ed7e0fd687742,0.07304657910169171
ck_b0fe4b92fc70f72c,0.002311093769874827
ck_84d62b8196da2452,0.027026750588647834
ck_9e298cae167f4693,0.00869471596364354
ck_405b20ef9ad0ba5f,0.07417880731074615
ck_813e02e1ababd177,0.015234096849161645
ck_f234ab47061ba7c0,0.0027971216212977906
ck_22b587c18363899a,0.016982177464487686
ck_4e862c2f48c38aeb,0.0035400039360686977
ck_b89cb90a420c9075,0.016330829746784098
ck_be2251640f27a3c9,0.3909149490851074
ck_46bec0bff167ed3f,0.039909583761802134
ck_c0032232c2868328,0.007365943979639844
ck_030cf09525dba4ba,0.009909531137847555
ck_6ecf56236789fc09,0.9636520983500558
ck_38d4ed52cbe6d123,0.027711052020435747
ck_2d923d957ffd4d53,0.03173882989070369
ck_3af1eb88728ed8c7,0.022940830571432216
ck_2f8120ca80a1592c,0.02359432707951198
ck_6cabb1a133f0b151,0.010399592619722682
ck_bb6cf7e7b707731d,0.8247800163738037
ck_c8307fecafa90140,0.017463221921614952
ck_75f968be67f46d24,0.03075435071076782
ck_df6fe4ec5a233213,0.004089026450100664
ck_b53e88c0e927d896,0.0024394825196004046
ck_f0093064aa28f4d0,0.027087329903710912
ck_ec9976cabc63ff92,0.0038984864617829336
ck_30dac0a58c5590cb,0.0417797386432786
ck_348a525791ae6475,0.05212367183094618
ck_b898d912d1181ef9,0.016783474442727504
ck_f5b1200dc6f95760,0.025699706774004703
ck_54978a073e7a0b1a,0.026372176494462298
ck_55933936536a4071,0.010461959074377898
ck_d6ba7ffd2ae08863,0.026717920670806142
ck_404e2217fd87fdd2,0.003695265700578651
ck_dfaafdaefa5716b6,0.02551043288180126
ck_556c62e92d4e7e5b,0.08643718505879416
ck_7ce44f4e06d58111,0.08306483424795948
ck_465cb8ce232c7670,0.014672624712454072
ck_237508ca4fb37268,0.1670304000332904
ck_ba4a6b9aa63964ef,0.02478549036018166
ck_4802a0a7a1882c88,0.19741038459566895
ck_9478dfe4114c30f6,0.005670264537733525
ck_5138f6c575dec64c,0.025052981358532414
ck_aebb42afe430e2e9,0.0030126529893323255
ck_004efa95555437e9,0.010428663455201133
ck_11af112667c98394,0.019229524149604205
ck_44e9a18a8645c9d3,0.003921702863183773
ck_2605fd571219e28d,0.0015022700848717006
ck_dfc933493561d84f,0.014678587675981826
ck_67674348e68d1f25,0.017834429588544157
ck_dd97429277a2fa00,0.0677753106802013
ck_d3eab7a06eb48348,0.06009321679992417
ck_0b9fcff9667ec05a,0.005171113713193185
ck_fc4bfd6e739bddea,0.0029081124724793495
ck_43292f70a03ddf2b,0.03306745539034581
ck_5ff6108056a3fef5,0.016840482469634738
ck_767e0be086b5f601,0.03111002521461106
ck_b8465b1a5666155b,0.07284096270806378
ck_ab2e3fc56f5b3aae,0.026219500223340016
ck_1833c81d693c1e07,0.9842638674954464
ck_0308e0602b856445,0.0021774434157896135
ck_ccbdfe744acff8bb,0.013361761046836272
ck_b294aa27a0b586d7,0.004218245834285581
ck_a3747201f377626d,0.919221988168318
ck_edde1d7d1db24725,0.039284220906717515
ck_ae3b47d6e1063704,0.007302039289207464
ck_3aabf5e0f4defb41,0.014016343833440652
ck_f034adb57391f3d7,0.11183271301358212
ck_533672fb40531607,0.1563192789815415
ck_2a244f1ae08ef83c,0.029440647293357155
ck_a35d81bcc54ece2f,0.00659942391233822
ck_78a61215675b38f0,0.05381695889727908
ck_e013d88ea7939616,0.011105020368572823
ck_e5018f9418e0102e,0.037524352422772106
ck_d4e024fcda401a31,0.00869845736743747
ck_f736cffbdb82db34,0.0017142055581342542
ck_1507f5aa50cdf3a0,0.009837569812831364
ck_18270fee7c8fcee8,0.020469513078206162
ck_95ffa1a805a1c9d1,0.007143236396924448
ck_11132d245b94d045,0.00700556844064844
ck_7b93a622e40d8b14,0.02986384224894377
ck_3854c08d17704347,0.03664227591390087
ck_7717fcb100dc4b5f,0.03120607691801349
ck_ba54e0a1c328119b,0.35860030394064973
ck_a7afdac4ecbf2de4,0.4311694451471732
ck_ecfb771ed2352085,0.012368934261334499
ck_68be4fefc85a6b64,0.27037774192822134
ck_dac7c50bd6d0148f,0.006331166017800171
ck_87cf36a03bd63c24,0.0478670509307892
ck_8adb40b168b59d7c,0.024195270601874815
ck_8d2f62930777416b,0.15455737732623412
ck_9958b58da9e3c21c,0.04591523026697888
ck_9440335375701f44,0.012544229225194365
ck_e2f88e202b6f700a,0.022230078638885854
ck_4c7c50684827a2cf,0.008090684572551864
ck_8a6ea4a79b1c7a8e,0.008896493562998285
ck_186dbff4b24a3bbf,0.15951048207151855
ck_220fda3c11c59b6c,0.0752213168900239
ck_3acccc69f8b1fd14,0.07685449759951102
ck_9de191bf79afd676,0.013702862245609718
ck_6de6b1663f9457f4,0.0029645842696431625
ck_062754f8b79b86e5,0.004765938893816112
ck_aa153a89a52f7eb5,0.030088234491198584
ck_34a6bd3be642f15c,0.009441706659936409
ck_9371c700d9830326,0.06168211328625317
ck_a99e0c258ad7576b,0.020858219721977104
ck_0a7ba51d626e932a,0.06276741442224602
ck_852c50bbba1ead13,0.1892025122844849
ck_43dc13b6b6d31297,0.03159331642935115
ck_7d81b59d615a6649,0.03960109725458504
ck_39a3f1da060e88bf,0.009155882499805125
ck_6fb2d142c09ed3ed,0.09617074875413216
ck_6e5752b87324b58c,0.042427770609650015
ck_9441d48a12e8a4bf,0.14424186553802198
ck_09e9c51eb538b255,0.01020367262009483
ck_8d0cd981ed3a183a,0.023169481400703195
ck_57c07c45269ca8c0,0.014253713309135812
ck_ccfc9ab888ba933d,0.0189646617675371
ck_9658a6ef471053f0,0.004259836342449316
ck_dac3852758f4ea89,0.01016329302353622
ck_b1ed2278f5f14d82,0.03227386030551105
ck_333544d173524f70,0.07999136127233772
ck_fd4582e3853ef23f,0.013296582718419481
ck_614d936cef98db04,0.0035424627860416924
ck_6bc351a3d57aac54,0.014949377875712608
ck_af5842fa7202ff25,0.011479979686227734
ck_81307759252571be,0.0059822402813273275
ck_b4d2f02d2cd45720,0.26243835482700634
ck_1bd753a4681946c8,0.8722081016682567
ck_46d8c029d46867b2,0.006463350726162505
ck_b7da6640fa2f49cf,0.1567798532004417
ck_9ea3d5a5a91fef9f,0.13514572918224255
ck_7b922518f667f76a,0.00152127644077009
ck_2a5b31594206eb30,0.6941919389869294
ck_d9506476ad3f9e08,0.02706344977779755
ck_c8791f7ebd4d93c7,0.046670426566421216
ck_b5a3e20fd210017d,0.006677509672265123
ck_8e54386f4fe22cad,0.013541103741786551
ck_75296704f5806f56,0.039811688651735545
ck_0fbbc7a6af300368,0.005849533823062963
ck_d19bf4dc0627113d,0.004129733611716156
ck_7951bd4eb99a0175,0.0008145806606407933
ck_059e4fac6b7f704e,0.005933006741977609
ck_2ce8931af02a2ce3,0.01107339165591033
ck_9e665618a4860306,0.011322313478558787
ck_6fce5a893613fd2c,0.0009407648932162627
ck_9e3fbd04e3532f32,0.14951980523191127
ck_55f2ef0de3420e3e,0.0185997549390014
ck_8d87658a6f5d204c,0.63418774285218
ck_6d6ac1f5dd882aa5,0.002192503893723519
ck_55d0c7012d7ef236,0.03702197893460397
ck_7738eb085e5753d6,0.016347678330144305
ck_0e6e05c3cc8c8242,0.00525524469944297
ck_8d27ff8383d48132,0.0025012978927511638
ck_9afc3bb849f3a64d,0.02726802751213802
ck_27eb86a9898cdfe3,0.004015870173870672
ck_1d40e4fc541abe93,0.11740893667644056
ck_4fd9dc00e1913587,0.9603751351037741
ck_b26cdb2b7b165d2e,0.0469126335593776
ck_a79a27767a02e31f,0.012251623956488966
ck_f0c18cb9f951a71e,0.021936031951156554
ck_50460e0189de6274,0.7295618415753705
ck_5e5280539257c986,0.009096870224313857
ck_eeb854318b3a6f0a,0.01513653116813642
ck_943f66f28dd24750,0.002316351316087186
ck_984dd7452aee372d,0.025564750318868117
ck_ecaa6de0aca5e9a0,0.11643227430792462
ck_8f1cbc432e2774f8,0.027169547582472826
ck_d91d9f8445b9769a,0.12314857648476804
ck_73c18e03e3c7612e,0.007988603434489734
ck_aded05ada490da20,0.018984139353357004
ck_f744e208183971f8,0.002948976935208399
ck_02d4cef6358ad3b7,0.0028878329872847604
ck_08ff5bd467226a5f,0.003841439986416005
ck_f824b326d5089885,0.22084930053467453
ck_3420f2fd520890f3,0.04644864014051258
ck_1838cf8d00f5b1e1,0.02348857643761635
ck_a85182ad90b6f1e1,0.0020689980071395974
ck_fecb39c82c43e76d,0.008167460660570674
ck_162513e73782929f,0.026581768810424396
ck_2c27b77c59d8f23b,0.040343599416696456
ck_4221e07b17388fd3,0.04842938006624942
ck_adfb8472d5c3d669,0.015521600757572312
ck_0742fe64055d686f,0.0025682556535568616
ck_5060aefcc8b6f958,0.01786919552470472
ck_643f549b4ac78a26,0.2416432429885761
ck_dba767885bd6ad69,0.004087017613179812
ck_0dda35c0c64c7073,0.9454078200439774
ck_38ea56d43afa5660,0.021957673818504775
ck_d813e15ac91f487c,0.12008768565341679
ck_4c840e5585a7b167,0.10699114394582421
ck_cb8551453a7bb929,0.008813467633784036
ck_05a00b1dd5a03359,0.005152416179173427
ck_837cc7fd48453a01,0.015229066601085323
ck_49dd816b31fba6b6,0.5421976419919723
ck_86a61d9a39768e87,0.02750352371592382
ck_cd0e76f0e7bb38cc,0.021961269224543372
ck_dbe58392635133ca,0.012762409370944233
ck_3caec7dd6f8d02c9,0.05890853469057233
ck_bfd9bfc5b6ab4a54,0.32491567171590297
ck_2103399bdb2898a6,0.0182859395427425
ck_329f7de7279e74c5,0.01769018993606228
ck_9bf0d28119fc42c8,0.07018760832460609
ck_f781539b1042dc83,0.00424636413101498
ck_9986c7d781ac6b4e,0.014209470621068039
ck_a627734880aca848,0.0021743156994786165
ck_2106e509d77fdb4a,0.3425448763383404
ck_420d1a9c604293ce,0.01196690372415639
ck_fce0610c527e2b56,0.02401750641643844
ck_073da541ec3f9d3d,0.022227262361805868
ck_aa5f3ab48c17fed8,0.20238874367485749
ck_0fc1086e1c9e04b6,0.024728885206456764
ck_5c33bb46c1a5945b,0.05846032836839191
ck_500948a8d4bd8e13,0.012334879071139114
ck_19becd44f2c3d2b5,0.026144576181531296
ck_7d0fe77dd5ddb656,0.04062367349142239
ck_f158d9e5f101bb35,0.012469083031561967
ck_cdd7c77823c2257f,0.14077866670894337
ck_6c7b41374f9b2e55,0.017459956597910782
ck_417090dbffb1a63c,0.0550696033977894
ck_dd0e17605f970319,0.01179819703653326
ck_3646515079e6be55,0.008459580189419062
ck_89c8b06aa8c84b2d,0.23746921503493015
ck_e4d6dedd97233c07,0.026261149287485845
ck_bc82fb1895fddde5,0.003376853957678053
ck_88a8b1d442ca3686,0.03641193369849619
ck_5791f8f76a629a4f,0.03287478210110836
ck_9cf5e88e97c8c7ea,0.024545321925448397
ck_58fd684aa5a6f289,0.002746096933180723
ck_9800c21dfbd8e811,0.005005702959359252
ck_8ae64df60ab6ccda,0.018969222994317348
ck_e535fb0f0c00418d,0.04959397130740926
ck_48011996d54855ac,0.46539751604098356
ck_ac79c72a8fe3fdef,0.026979453625314703
ck_b8cc2df5192bc49b,0.04833519164723616
ck_e96a5e1f08f8a867,0.009410500492840134
ck_84df6770549e43fa,0.045740869022970206
ck_e5f7b99ba6ec5767,0.03509057133490176
ck_8347455ab53ff620,0.009450054453445893
ck_a84f2cdf695a71d6,0.010317587981580417
ck_90456160115f9ef4,0.018436112082673144
ck_ebd178b3f3a9c50c,0.03595230873453245
ck_e1140be6157bacbe,0.002748543014377164
ck_744ffc11d32b96bc,0.007209540538258206
ck_e12a9f7d027e3387,0.0096647906824783
ck_cbe525da0b69f18a,0.018209618949060133
ck_aa59702537557ff1,0.022533159450292793
ck_0348cc6908f7f3af,0.0014586231969839806
ck_120e995d50956bee,0.09083690259671734
ck_9fcde1ff46cbbea5,0.002087211133183792
ck_54b0b070689c50d6,0.003024937458917742
ck_966a167758fddfd4,0.05577622722130468
ck_d5194f2e92fd6427,0.012834873144008841
ck_2ee84f3fa27f2cb8,0.004830209292402294
ck_57d0a7eb7eae2eaf,0.050125551209999834
ck_6a2c4edd82e10969,0.0024026181074510563
ck_96e4d38ef670eaff,0.0094971040890664
ck_52cc2fd5095b169d,0.01731612104598535
ck_4b088920f3a844c1,0.039273973260692686
ck_8f3ccbd20d59f1f4,0.0032544750808240082
ck_e5e5dc431bed6f9d,0.004687002115597867
ck_e8b5bfa6838e28d1,0.011953716589360962
ck_4bfeb78b47b7c6a1,0.05550807098385185
ck_a705c61bd679496f,0.009362109274945806
ck_731869a0c39cb2fe,0.03731852354872251
ck_259eb102342057ea,0.0023145874367447696
ck_47a6005fabc33551,0.0035393140663213377
ck_682262b455a9edd4,0.003331746646907642
ck_e839d104854945f0,0.0066967170151759035
ck_761989aa4c47d746,0.0222499826260375
ck_44211dc210139ed3,0.015097575460884768
ck_9915ceedf63a5289,0.0512896176718735
ck_da59ab47cb6284ad,0.0042017866310845985
ck_e5cdbfcca2456652,0.005934124349381451
ck_13f2560c6a1ec62f,0.009702756481286936
ck_a0543e9b3abe1001,0.04460753782228675
ck_11c7a58e09e6547b,0.021722940933803433
ck_69587a134d43a4ad,0.06198201203675997
ck_28dc0de0ae291f37,0.026125845582755776
ck_298922703c5bbe05,0.028841460025438408
ck_fa5ba9ed9ed6a343,0.02668678205941207
ck_c08e64d424e56c05,0.04792273178980954
ck_598e036a28262aeb,0.03170494359419974
ck_3f7c870510083a51,0.01041721455209682
ck_364f8203a3e98d36,0.8529864126322828
ck_7333cedb61506ead,0.010842104620464171
ck_1d96d7fd65f208b2,0.013515515482536801
ck_63133a79f23e2627,0.038534982260683276
ck_901d820e0b72abae,0.003810643927482121
ck_5dd80b3c01457bd8,0.03580632759953486
ck_c0b8067c144ed6c1,0.010455824547515667
ck_cebb8aa8c8f62c60,0.003820045954272935
ck_79749eca42ff1f5f,0.018054632367491084
ck_2cc1d9b587f6da31,0.0883163129875587
ck_ccc7916b56d42195,0.009370392656224226
ck_e43e53cc7b8b8e41,0.016457184708056953
ck_4ab74a6e7450416c,0.004900167859495177
ck_6e44024e9de301c6,0.0018553070730784374
ck_dd78cb6ae2866cc6,0.008133131692339672
ck_c363d3b050baf3b8,0.06711288691931774
ck_2d46291975f0dd08,0.006216421167643246
ck_76ebeb5aee42f041,0.0395816313320266
ck_8395f004cf4d4c08,0.003196714504684744
ck_de7259c3741db179,0.011767383567744693
ck_3938e92585df2b34,0.03856092482606631
ck_af69bfcf4f07d932,0.0036282690184863
ck_1723900ab9afe374,0.09599416638881893
ck_3d58628d1c853c8a,0.007057290131760149
ck_12a074db100481cf,0.0364892051021033
ck_8716cbf892c50e29,0.01041538426611473
ck_fbf7351958ad9615,0.017743664768914397
ck_a50370907e6b397c,0.05327919486134453
ck_937402a60df0821c,0.0011574190693416564
ck_8ce9c5807acbef48,0.020702059497385277
ck_acf7d65eaaa4c31c,0.006047858308745058
ck_ec3eb6dd0967cac5,0.039399597239554864
ck_fc832b0c90c9bdb9,0.9508059459820423
ck_8129e81cde280131,0.014811608749241121
ck_52c0ef68aa2fb8cf,0.01853669659434179
ck_06f042e9b1b662fd,0.07334884945801325
ck_0bf35dcf7b38f650,0.0015924307731115454
ck_615763afc2e17a7f,0.0016450728720460025
ck_e72db9d4b2fc9997,0.9631607003896698
ck_13757bf0eeb353e2,0.010609215942641017
ck_abaf371ec8249c4a,0.06286725877791045
ck_9b7167da0920c37b,0.05430395752433005
ck_2e824b0b27494a17,0.032379274375856255
ck_9a0b605e9c3220c4,0.029687647550101337
ck_a5276af466b681de,0.003195414902358015
ck_9e0383e1fb6e214d,0.04804733564027744
ck_6a27c44b691dbfac,0.006824918628673845
ck_af39767cf583905b,0.0384066872016796
ck_243b1b9fdd3f9a74,0.0030714558427598227
ck_c0422e638a9c6046,0.025955140964870765
ck_e0f3ea3373dfc4aa,0.0219268735034595
ck_d56ee1654378ffc7,0.02124156001594907
ck_20cd2f5666719baa,0.001681426826341714
ck_4dfa1c1e9b69fcc8,0.010939682198920329
ck_5d22e9ca1d15180b,0.30167829995761086
ck_f4a7ac178fd55f0e,0.012420860320901053
ck_fd5609bd23a1eaf8,0.009883984827171935
ck_49c3bf13dc9471ce,0.021952309237396894
ck_724085c3452d4693,0.18884980899451417
ck_e5d1462846154a75,0.026926718853114845
ck_c69ef0f3e7d6acf9,0.03428531392670937
ck_a2d0417791d4132d,0.01310843859940776
ck_00a07fc2a9183c3a,0.0032923657357490973
ck_781b8288e54ba8f8,0.15266158829134696
ck_d74a62ab3804a81b,0.018918876400507666
ck_abcbde211b6267f8,0.04614593153736533
ck_16dbafc035574654,0.004437066938146673
ck_018f780215ecaf38,0.003430487248203146
ck_0b259620eac51618,0.010746116113070268
ck_4f875342394c110f,0.06491783553912447
ck_399e45e5fe9beaee,0.01506741459340715
ck_36224a2d394ebfe4,0.04864943198234113
ck_c189b551bd111332,0.0019720487803197542
ck_125c5a720ecb177a,0.07170190905735183
ck_76d010aa02eb477a,0.001199634340994378
ck_1071d14c46c92379,0.4937255676392153
ck_61d244b2cde483af,0.020339891605902702
ck_2ff1860da2004c84,0.0015714526129069941
ck_c5b583490198672d,0.013731861500528202
ck_1294f7af22fade11,0.05101308924759717
ck_e3a22799716df39d,0.00309139165949604
ck_c77e22834ef97005,0.42660136888728456
ck_73d3689728270a2b,0.001610357998290065
ck_295565fbf77ef885,0.007163526104529951
ck_80c0a7f54ff4895d,0.004461549463109444
ck_f1ef5cf7f10b16c8,0.17743206054941188
ck_a958b2461ffc21a2,0.05579444418699119
ck_0e7899a57cd617d6,0.0029100790019063773
ck_9d4fed252718f58a,0.05337751633300444
ck_83c2c34add971d76,0.001706826192331912
ck_9ccc030ba2de9fb2,0.021780881535886653
ck_cd691e3466fb3742,0.003235118474800754
ck_49df70f908dfd069,0.06330360439202666
ck_362ce13eec1e33a0,0.00814099610156896
ck_2452a30397dfc54c,0.00988701532535324
ck_a443d49c2b4863b0,0.008624708496765578
ck_c8b2e2cb349dd0ff,0.009568086309824022
ck_354909fecf5da8cf,0.008295000076034816
ck_841f598bbd54c83f,0.011252069467454277
ck_cd6fbd4e8724f994,0.059849045208227966
ck_e0b3158111370118,0.015797869426268766
ck_4c2f2eb657c2c60e,0.005435182969201704
ck_ef346071f0b7654b,0.010030223672008402
ck_f3bc10e3decefce4,0.0016584128663334264
ck_189b6fbe9b9192e7,0.008298253829824699
ck_5245cbc5ff4d4fa6,0.012590207238160012
ck_cb42e3be6fe87f60,0.0046893360834151365
ck_966d4d713cbc7792,0.010557148377202041
ck_1c8c969667cbaab2,0.7879772119253771
ck_d35e3aa9ef5d405e,0.08320595729277781
ck_a1c39df50a5873b3,0.050282532597738766
ck_a152165caf295b51,0.05782871394011607
ck_891eaedae139828e,0.016506101761413733
ck_1a46b56f4734d52e,0.003712946003936202
ck_5e36042cfad96c99,0.1955314963359467
ck_02a8582c2603e675,0.02444429964476605
ck_6def9d0429e4ed4b,0.013290891398257466
ck_e137400825a1e3e6,0.005152104913822654
ck_d91ab840848a54fc,0.0034474766655708216
ck_becb6e1c608e0078,0.0022434060123083612
ck_6fd8c86ac719d7eb,0.08202765424514101
ck_3ed4d13f12fd9d0e,0.042725197480517674
ck_007337aa99a4891e,0.0014481440278392894
ck_60c3d8306527a08d,0.0017474062407730247
ck_95458880a54df0b1,0.139276493555207
ck_b48cd8593533fc1d,0.6601006969055988
ck_021c6a4a7e3f1f0e,0.0027422743551284334
ck_764d40f865e710af,0.023786178992404004
ck_4b84357ae8ec7777,0.00823831125417466
ck_3397c7856b4669a5,0.005805273278015333
ck_920bb003b42e6310,0.006260500526493581
ck_8f59f11b512d5b7c,0.06867734051116949
ck_a3acf4b986afa98b,0.13232007452570374
ck_e89d25ed7bdeeaea,0.004045362569601305
ck_70e6bca473bf6902,0.008702125592549292
ck_186161ce152836f5,0.021713630168512094
ck_9191579254663f5d,0.011271465323527923
ck_1e6628879e9d653c,0.01566873895623078
ck_b498fa91a0776ff6,0.025592106085986617
ck_cfc2384f22954830,0.03381513955280518
ck_17673a1c2867888a,0.0019002737242819702
ck_523dce06515b072d,0.014144627177987425
ck_c20638a325ead2e4,0.00909815759640005
ck_d3877e1f907cc148,0.020191633720415558
ck_e9a2495dea8675e2,0.012112915120675114
ck_7e561caa5fa1f3f1,0.03118554915577275
ck_455672e652fe1abc,0.9482347428829732
ck_7f8f864fcc90ca82,0.034603823214337505
ck_1ad36046aaeb816c,0.02390939882682217
ck_de056e37c82e8e00,0.014009142842468332
ck_7484c214c889fe7f,0.011713883963227792
ck_32430e678c4f9f53,0.012646551745947473
ck_6276ece8f80ea799,0.015639501869253364
ck_ae8e5dc4b725bc25,0.07681401538320261
ck_f01be92dc78a2dc7,0.02116216939840933
ck_233397a8bd40d38d,0.009826550516989281
ck_f8124911450fdf31,0.8448249278972417
ck_aa0a3179f1111674,0.028371627300820688
ck_2366b29ed9887a5e,0.0038865559823329583
ck_1f22f04dfc08cf27,0.010713577733005795
ck_b62276c3426d680c,0.02646420640201309
ck_d099fca88691f66f,0.04431360607961303
ck_166bd1dcbaf4d6fa,0.003791610388752313
ck_7b1660e942436e12,0.029906643895339993
ck_4a9a791a1d409a3d,0.02750956297134222
ck_b003e5b54df65db4,0.02223403795020998
ck_64b4dcbf436f0b75,0.007893646597646525
ck_26e9a7bb2061a58e,0.026111862305241637
ck_08b77ad5f8f73007,0.03644842368656407
ck_366616a725afc6bd,0.019927813921620328
ck_934fb5064b6eefe2,0.003075860023032423
ck_c6abd5d57b1009d2,0.004771822052072887
ck_edcfa9e1cf29d813,0.028087771935235928
ck_c30201ebd003fdc7,0.01887947112125051
ck_c54643d94d3ce355,0.0540023628959251
ck_02adda6e91e49650,0.03520186470369672
ck_5b73d7c5255e58a3,0.10915911244853127
ck_129ffae92dc01408,0.0029141473648111992
ck_fa321945ebedb916,0.03534745640125774
ck_8da980cb2e1e2bfb,0.04168588331647747
ck_0576b00d728bdf19,0.03623922780712412
ck_c543d82e22b3c8a5,0.0020137929933829713
ck_0027ba644f9ae2cd,0.07876433077118535
ck_8dbf61df902a6bbc,0.003140744560768657
ck_90eeca1cda79fd41,0.00200860557867216
ck_86d7127391d4e01f,0.0028998186393104073
ck_73762038c7ff2f6f,0.008134653527033603
ck_a1484e6215fac651,0.19893349250782252
ck_cb83b9f806e90dc6,0.2001546318560007
ck_8c6f059c95872126,0.008084645790438945
ck_3174419a81e7caf2,0.0050725955468078785
ck_6a0f8f8fa4a3c2bc,0.04507184623479878
ck_b5777605668bfca1,0.0015103222676792767
ck_27e4de495abb4d15,0.00466915377217297
ck_7f6fa79c7a107161,0.019167496621747708
ck_c36ed9f8e6792ea4,0.04331430787978051
ck_67a1aa88d2ea554a,0.06732566136480037
ck_09748dfe4df3d540,0.0027058957114876755
ck_27fd85b1e38b675a,0.0031927119206204366
ck_2369689bd795ee10,0.011229027040596523
ck_4eb1c12f7d092bac,0.001089276127613442
ck_01fbafc42c8e33f5,0.006489240972335859
ck_93c4e05699b3b7d0,0.05029923319873363
ck_afc484d1b6907983,0.009700096997550213
ck_1b2d9cae92a1aab1,0.052911639594167566
ck_73b729cb161487f2,0.013881538857461639
ck_fe3c1d0ac090d960,0.06338893938297527
ck_408efac1d3885ff8,0.05502327280899508
ck_ccb4dd9d0a48a76e,0.010246185580467226
ck_2987eab34ca7805d,0.03207439710557561
ck_1dbf1f15193197db,0.08133529721756338
ck_4ed711fe4053e74d,0.22316066622039452
ck_6c54adce174f45f4,0.005569265498418919
ck_a6c740041faf0bd5,0.022862297622282302
ck_b05c4d33c4f43639,0.05332221203525045
ck_032880f1114dd51c,0.026354844909095707
ck_22311b037456a76e,0.0021956455173677315
ck_5866b413549765bf,0.0036938818183957036
ck_0e808afe2570ecac,0.03236108487685249
ck_634276b05f4381f8,0.007248695220435021
ck_5d8773badd0d4740,0.035727162093227446
ck_82b5b79ce3517102,0.8723001979730027
ck_b378b8d8100ee4b1,0.01664020625221961
ck_54e581f71be5430d,0.002452722200457904
ck_798ba4b8aa544fea,0.002322799423756585
ck_3fe86b6331ff95e3,0.10443636746406731
ck_81275d9d4c559e6f,0.009451999167815198
ck_99a4e5ef02d89493,0.06269501809603212
ck_54e2eb018d947790,0.016599368742871615
ck_966901ea9c77cc02,0.005187687098287925
ck_27d69ff4e0cb428c,0.10944928022351208
ck_2cee2dd7bbfc09a0,0.9213600919790426
ck_4136b00924695ab4,0.000652309664440765
ck_59a164c40c03a45f,0.028906601326685856
ck_3e24b026bc66789b,0.0018249401168111909
ck_8105bcf69a75ee47,0.010167011983803608
ck_7a1782cefe26a456,0.02063773752381725
ck_970c7dc195161272,0.0020820669464135595
ck_a48ec0c00ae20e82,0.0492831916367575
ck_54b374ade34e1dc1,0.05522242129911672
ck_74e5dec189761d14,0.003225068587213897
ck_4717f24f2c6f40e1,0.14231441677731813
ck_fc8cd8a8209e802d,0.02436490746735312
ck_71db4131d7efe218,0.006383792384078217
ck_45424ea6f0bc4650,0.1528347092799505
ck_3716c6181a5035bc,0.022398719555529002
ck_26de14b96bdad4f6,0.0038958775995275737
ck_99c0a41ac9c73857,0.002830327335903966
ck_645f15bbbcff3b4f,0.9920004544427423
ck_b7e25ddd41514d4c,0.002477505156782242
ck_d5c14e877ca7b755,0.0038884890280834823
ck_05ea4440dac6cfad,0.022848768984118726
ck_c58bafff7b1955cc,0.02553562603978
ck_f0cf85b67a9b840f,0.028091356904306048
ck_ce1500a7f0d03fba,0.021936660959788197
ck_d4972a775aadbbc8,0.014094943303771808
ck_3eb6146c262e0fc3,0.0028153310499004947
ck_afb23858a4ef42ed,0.9403398689135867
ck_2c1def5c91c52a5b,0.1227498319818388
ck_72e550559487b919,0.008610578669936067
ck_0284dc2b4f856b3a,0.24190402546486592
ck_03be334935e999a2,0.0053545639706864614
ck_e35a4b4a3cb4cedf,0.06086563985381479
ck_5abe57dfff4b735c,0.023258817282485262
ck_f5f87f772388efa0,0.023874491028460537
ck_5a22cb36d612236e,0.006517491801134354
ck_8ff1e6028e764472,0.9088086929521754
ck_2ab28149b0986642,0.03675848323170968
ck_c88fc1bac79fa6d3,0.09255457546977647
ck_5b137d74bba6b1b4,0.001599081323215542
ck_11f362dca2dfaf5a,0.035485217475388
ck_7f960541e5174565,0.003767381915688661
ck_d5458ba39ae94498,0.015242737707646501
ck_0a921a73a90c2e39,0.03950714838045588
ck_6ad56ef40086dbe4,0.015038111166307136
ck_b68199ecccf2350c,0.0007425948804771134
ck_6dac66c8198c07d8,0.01509225084571356
ck_9b9ce7bebc235fe8,0.0022991492355925805
ck_6b817117d87063a8,0.051126959112726515
ck_900d62b3184378c7,0.004156876653892771
ck_eafe9b89857149b5,0.008702343932074263
ck_e74716a525ee5b24,0.0026263085565225116
ck_4e9a6f06ab134102,0.010739173671556744
ck_b0d33b5a3716661d,0.012572282808246994
ck_8703543bf3134306,0.018126002684462073
ck_923d6a0f83accef1,0.010693219217598214
ck_52e37e2170532e2a,0.198693787785783
ck_c1c5ea839c58958a,0.07481493518934532
ck_660f0006780e87e7,0.015900186705519403
ck_830b2c5d1818ac07,0.06384308113489873
ck_b080ff636932d1f1,0.0015280622791882454
ck_38730aace405f2ae,0.987279926213226
ck_9790138467a06223,0.0018391297286886664
ck_10de0b0d86b17839,0.005705383881586227
ck_c3e37a4d3382c32e,0.003201159594822774
ck_dd8edfefa1eba531,0.0017582771772239898
ck_8153cdadd300d234,0.001952395926448262
ck_74d0e7c2c6b63d36,0.94332339993248
ck_c478aae3031bb328,0.002962454577746205
ck_cf301f2194975866,0.022649992553346446
ck_f4de03f44e3a5bd5,0.004544590867597584
ck_b06ce826e593b210,0.07276358214780079
ck_2fc70b6baf6a0e26,0.007190370351710393
ck_d208494cf5c90047,0.042502176534866286
ck_086d29ccae565e5d,0.0028118463274419926
ck_d5ef6dc116dee408,0.01181182583724665
ck_fdf0c5b722d83464,0.013085484394936214
ck_de8494b13adeffb5,0.004505816090177661
ck_556786868599143b,0.04894130090152078
ck_4940e78cbdcfecf3,0.015137082166775347
ck_d32fbbfe32c00416,0.011237515773737897
ck_bc7710f7e9fae649,0.0055078611345179395
ck_416f7ac57da081a3,0.013302106162042035
ck_6fb39b60c67d5475,0.0039720417687154844
ck_e40a156511345d6a,0.005124735755937972
ck_49ab879b5aa7fccd,0.12162257564219774
ck_bb643194d1cbc47c,0.9784792784542985
ck_b3ce8f1bcedfa043,0.009633895823019033
ck_558ebde8c29132a4,0.018165240743275884
ck_e6222925762273b8,0.06450431532198166
ck_bd80546b4807dd59,0.005486182269310686
ck_bd21164bd2bbb635,0.037975043725714495
ck_ea835557d7043667,0.004724653903068131
ck_1411a80a157ff39c,0.007044116376626219
ck_ab973888c20c9120,0.14623673643791965
ck_95b48972061abe82,0.011342623695912199
ck_fc4a43f8876bf10f,0.1667077558220354
ck_f34fb7ccf82f41e5,0.008714744755704636
ck_5af9934a56801ac0,0.008582869436343461
ck_fc7445ec76389a58,0.2298064856478426
ck_1eeacc26f02fbba4,0.06861043318716108
ck_4f325dd15c9bd45c,0.04570128339627579
ck_5009a6c8bbaf15ba,0.20528370512556618
ck_0f3de7f074bb33af,0.003149807763648465
ck_2cbc2f93a32eede8,0.06328129818494102
ck_4bb90a61c21a303b,0.012815322492460568
ck_3ade9eac7d7b0dbf,0.18532263839279856
ck_4859a58629622915,0.07565774961240597
ck_5fed957287ebca03,0.00784855046685167
ck_ec01ae5351500355,0.002604393760838548
ck_703b41624ae6a5b6,0.0051920024627111925
ck_97c38e7f61c27e47,0.0244678065966971
ck_db2c0908150cb2cc,0.028499647153713666
ck_64ac5e6fed86ab60,0.6814704159132609
ck_da1c853b0a061e83,0.032428044172977136
ck_9a36916b60178ded,0.8776381579376983
ck_3715bfa7fed2c675,0.002576616705900025
ck_dd3feb77d7d4f6d3,0.010821782921929394
ck_982ebb24174a4ade,0.009911870651170098
ck_f6b7a10d47dd9a1f,0.015418143627193669
ck_1f56fe99f250cdf4,0.0222581950309152
ck_deb3ac0606d6f6db,0.022162808358711567
ck_e666629e5a41b39b,0.013341686461404755
ck_756d2c13d02b3e09,0.029862394640207134
ck_7bc752ae7cf5d55f,0.00784567329572128
ck_fc0cc4b25e6a8194,0.013297758524011301
ck_9b2b0e286de78a1b,0.02669726945263317
ck_24b0803447211bf3,0.020840581601578662
ck_82eed68d05a42128,0.015631534491345026
ck_c8a03c516ed5b05c,0.17145372999617906
ck_e914974cee1bccb1,0.02101376123616711
ck_0c533ff2d0f9962a,0.01186774673986009
ck_c12805fa5d970a83,0.0703166096708249
ck_fc2cb29918631f10,0.24840561857678645
ck_c20e89afe575549b,0.0030136149450392473
ck_e1ff9e31becc27ae,0.06780660800622555
ck_18116d0ac08f1996,0.926042347722004
ck_885a83975cea5e64,0.004956453356936831
ck_a0c3059a959ba5d1,0.054231259092508324
ck_75257ca7d7da2861,0.28114498247308645
ck_2210f7a0d13bdbef,0.06583071705060778
ck_9cbd9ecf8374f65f,0.007829081685088167
ck_18f67c00ba21fbde,0.013328589277008961
ck_2d28f14d3973d8fb,0.0018830390197318865
ck_8b3401b44aaae728,0.007241154383570235
ck_9d8e9ef37797d3af,0.582677486366461
ck_9f50920c894f64e1,0.014188097260126206
ck_4737e0d56c6fa0a1,0.011506030335910517
ck_52c311f29ca3aca9,0.000714245295810319
ck_6a4981bc721df37a,0.03376078741474282
ck_823539d936c55fc6,0.004037900677619996
ck_df5aedb4118020bf,0.8998723033681368
ck_a911a066ff0f7b56,0.035413238214891105
ck_684609767df4a14b,0.06999277340634873
ck_f2350bf355dc919e,0.016912396320157983
ck_8452b6cf97c65a5e,0.01072913549067474
ck_084cd84501012218,0.6717743259775862
ck_ace6b72e5bf3e93b,0.5790440712042714
ck_2afdd69094c955c5,0.10552443555652675
ck_fa7d5be26bf7b31c,0.12968902915095143
ck_4b041217690fca2f,0.04350606810019268
ck_9fb8e3d38cdf276d,0.7047171474636251
ck_c1ee56d65a42f59f,0.03579385933168683
ck_fdeaa1cd085691f0,0.03408953059146787
ck_5de33a7a87e9aa62,0.042636067738461576
ck_7476e7fe1ff45545,0.05978671856626432
ck_b0a947b498e47018,0.0378988996077316
ck_e3894ed88a7977e4,0.002605939860008195
ck_c7e07ebfb0bc15f6,0.021153493164189473
ck_3a3daa8b376f2a18,0.0010656443581884651
ck_87809324c2675b0a,0.01961683525077304
ck_7eb4f33260f1dcd4,0.031691411561428795
ck_ab9f0e08af030060,0.03164290468077619
ck_5b8fc4a76f340797,0.036531169143796005
ck_0e7bf10ef49aa818,0.07295039277601967
ck_a44462a3853ac67e,0.9949217088584026
ck_2d14bcd2e0fc043d,0.00309685557505806
ck_df1f2dba802296be,0.7702764832413066
ck_466a7316eaf149b1,0.04787463713503096
ck_50df50af592b0c06,0.01203429135822323
ck_5f9e34c849704b95,0.003686971886840254
ck_7836bf6def26aa87,0.021262114845956265
ck_ba175b1bd8efaabf,0.005348839705977081
ck_1a0aac7f7b94b1be,0.2169933055530572
ck_6768c4b2aa8ce586,0.007040806847073877
ck_eefcf0ed15897898,0.008259323856119362
ck_7a6cb27e390b6ceb,0.022083266511034545
ck_5275be4e1577c1c7,0.0074656965371530425
ck_6bc0e5b8c0b7d2bd,0.11841608776480828
ck_4874bdec79f9106c,0.018684583531053345
ck_a678731156ad7bd2,0.21753119121540468
ck_db906debc36a5d1e,0.049315077473862066
ck_e87897767c612942,0.02317721868189986
ck_45ed5ee496ef8a67,0.009995213042325913
ck_ae20e28f9854f3ee,0.0353941412611521
ck_9ee044b73943a90b,0.029855580942288695
ck_dab34cf6f0626c9b,0.030360698275616507
ck_64a02b7b96149810,0.0024205427879586605
ck_c417d06f3e94685d,0.007076687449702393
ck_3e0149cdee4cb294,0.03987656656227529
ck_0e6046fc30f81705,0.023334084406009318
ck_c383aeabd53e9c89,0.042586579207637934
ck_2ef76f1f36e8b869,0.0783297705336007
ck_43948784650bb9ac,0.011666091389850645
ck_bdb966f43ac350ee,0.031495009146385665
ck_5bea0e0ee0b094cd,0.027186296412845822
ck_dff090f03ca5529e,0.00905969127147692
ck_a4691b57f837d88e,0.00996441624893581
ck_99ee90946395d74d,0.2619496251689081
ck_cc81dbc83a8879fd,0.014753186294794579
ck_f3dc0725621b3a35,0.002343268072441576
ck_1bb212d1288b9689,0.015037095752236693
ck_9e7278fc7679f002,0.02650360817879994
ck_3ded7a8720d7e311,0.015942071331944307
ck_798157bcdb9453e1,0.004747226546870538
ck_9fba80f56f357fe1,0.00682384931052954
ck_f1e1c8491f16f912,0.0059943438442238185
ck_7b1319a5ca2f63c6,0.9843698639345747
ck_124432fd5c92af7e,0.9182457999998989
ck_148cb0c723284dc0,0.022178573517045056
ck_b56c62c950eda009,0.0045405853605175895
ck_a0498755cd8d7188,0.0026323322163259704
ck_5379452a9d74efae,0.005069465274143514
ck_6c2453229d608183,0.015760589267601804
ck_f9d8b4813a88c1e6,0.004343860045072943
ck_c2c7d1e45a521857,0.028660525459824403
ck_4364a83a11743888,0.006610012753511929
ck_2cdf5fd97ba75e06,0.11427477158721322
ck_71bc01291e0533a0,0.025307605024084256
ck_a725d7aed2a0bdc2,0.0026622467465184656
ck_a9b0c4dbd7db6a91,0.045860048398615
ck_a4258806a533efa9,0.017809853182822917
ck_905e460591d9a278,0.06566630123156632
ck_20de8abfd8960ee3,0.01688988178446713
ck_252b0a0f1119b220,0.001869324855015307
ck_95e4bef65c36af1a,0.002652723575597034
ck_5ab68b434ad53fea,0.004554429520925676
ck_13677a1957078827,0.0018194969393890766
ck_d251e9fa09e542dd,0.9904824106473815
ck_700cb620f300dd47,0.016998488161598404
ck_39a68c55a1bd3ace,0.1921052372164646
ck_61a59a7944d6c53e,0.17198717707319025
ck_db6d1c6d31da967a,0.0024790884776504226
ck_650020c500b1b50d,0.01541843404141651
ck_d812eb6930192793,0.002795341466731826
ck_92f6ebc11ebca89b,0.19145732823742004
ck_d87e26eb5bc84b01,0.0013366039211938142
ck_66439e697695224c,0.005265963037868692
ck_f21efd504faa654c,0.01380952601546401
ck_15eed0f5652f0352,0.008551828390394027
ck_bcdbf57d98dc0d27,0.01656743222351978
ck_873ceb8004d3a9f7,0.06454433365122397
ck_70bef9ddd4bab005,0.004096359216831525
ck_7560f1891d66f294,0.0016323032795121412
ck_f439f16f8693883f,0.018468727467505806
ck_14f9535e53f9c7a6,0.007580676005765508
ck_5984be472d2bc267,0.4171389056940507
ck_ed01be7504dc4187,0.058603249090485775
ck_dc3d8b5c17b67ae9,0.005479010505305341
ck_9dc23031b6b494af,0.028864574308415943
ck_fbdac0221bc03f66,0.012869733737957129
ck_863708a99b92ef0d,0.07370206306608354
ck_22b52654776a1ea8,0.41280335415026037
ck_a0714f98001efa0c,0.017731962967312668
ck_9c56114f84e9a541,0.00555088933792352
ck_e155cf506b2fb699,0.005241184065136383
ck_65ed7e72f24731e7,0.0042655587390977075
ck_822d6e8e43befc72,0.22453323912728296
ck_b1182471d9ac6b26,0.003624080190300449
ck_821446adc95e6da5,0.015164201671327282
ck_ff182f033134dbb8,0.07230560424767014
ck_9c5feef7647b0588,0.010195084225797858
ck_df935d8bdd44883e,0.016157945515291355
ck_01eb24c18ad11fca,0.1544508948974574
ck_00d6730134a1eb51,0.021186415872897546
ck_79ba8e85678d0224,0.0319239513580216
ck_97e3b04a1350f6e4,0.056668298454346795
ck_74e9747954a46eaa,0.013135053667749941
ck_397d5fcc9972f909,0.03254546773274951
ck_9ede89e8a43c3f53,0.07983889827736093
ck_303b33910d67f306,0.003971684627097227
ck_3c17841636f6f7dc,0.010921133674766654
ck_78730527f8ba1438,0.2695798460812929
ck_5ee32bc6bb5d1d4c,0.1526614725235691
ck_a13fee8cd925d0dc,0.033483384051086196
ck_6f847263379f2e43,0.046532467219328105
ck_9b9d9e579e7b55b2,0.0346566444172832
ck_87c1d0a79e79c84b,0.024262976406332907
ck_bfc453eabb472f91,0.0029865006060973477
ck_978c21bb5fe3171e,0.03299718245451093
ck_dd882323474431d4,0.06089424475283829
ck_533c4f7400d5ab22,0.33252416492105596
ck_5f217bfe28954e75,0.9952778903868054
ck_ae96d35465b3b4bd,0.013492772125697114
ck_512ebe97c0af94dd,0.027724840099856884
ck_f558fe02bb0219b8,0.017332669668195147
ck_84092e23d5ef4d51,0.04264804517741619
ck_17d3022ca12eacd7,0.01613849321517226
ck_8a8f81bf3558fd9c,0.011944882522161233
ck_0ada6fed1864e7c4,0.01571098725761806
ck_21fe7bc59dcd78fb,0.010224059793082461
ck_e136e20c1c74fe38,0.005436832276955423
ck_e7a530e09d113dd7,0.06572531305875132
ck_7cb0c9ded4d63027,0.04758602376025131
ck_102db9615e722c9e,0.0728816638874739
ck_129e39ddfde92eeb,0.0012459777695814293
ck_d730ff21bfd7769d,0.012140978500726783
ck_54459b45d2be8459,0.005584974294373187
ck_7f1c20319eb60aa6,0.9773989777799804
ck_939fede90473e412,0.005486004733285355
ck_e0f9506a6d5f4a1a,0.003509491697587707
ck_9a4967cdf49265cd,0.12997451950351888
ck_b9eaf03453ac7d5f,0.008439574573723648
ck_522477be6376b450,0.004865549254699341
ck_9b6282e3bad50710,0.02772770959407398
ck_a0e3a2facd508e49,0.0838712702990385
ck_97ffae702f7c3d08,0.003621380722843796
ck_344a95cb7115ec67,0.003990892899253833
ck_1f2760764afa45e8,0.0025238316718512433
ck_720cd658d11ea428,0.009948317677658726
ck_04e32ee9834c088d,0.22336692644067419
ck_2bb1389e5e72c8f4,0.060677406962179534
ck_961e7dbc217cfbbc,0.0069979574355213976
ck_f3bce4eccfa6d6bb,0.005103158025880342
ck_e0ccfa0d689339be,0.0062652769432079555
ck_98217aeafa0bfefd,0.03650053062168913
ck_a02aeec1914c158a,0.016079984786846916
ck_20a17e8f206a14c8,0.056900334284783034
ck_114c32aad4b6183f,0.057704927359195426
ck_79f5198f0decef20,0.012607478737059894
ck_2209de229b4c71c5,0.019171431622770713
ck_6ee939b7f396975f,0.014677550945971314
ck_202f0c14b07ace01,0.08151475177090715
ck_fa24db9d416ab904,0.008071947213546942
ck_cf6aa24b92c4d33c,0.34261850369689134
ck_45f57fb8194cefc8,0.024094969782519952
ck_d5eb179dc45394c6,0.031307660646672876
ck_efb24be983342f75,0.019045960886535894
ck_245f5d62ead5ef28,0.012740371515683475
ck_15fe2a47fa7e92ea,0.0028135824243180067
ck_b6527a85fd682554,0.021430776228498507
ck_11f9390a11ce9ff5,0.036099799084780004
ck_ffb4d892c5158201,0.0017649801055712815
ck_d4c1da5a1427fd6a,0.0663962935677993
ck_2c041b1efb1c5063,0.015393039826118367
ck_ecc18f40b33be769,0.1529853237524043
ck_0525349f3945375b,0.09731157426203481
ck_0bfe62e0c7eab9c9,0.03166179385547777
ck_b7c37d410b1646c2,0.024272339400820447
ck_4b15b0746318cf42,0.1128161178678736
ck_e5ee006ecd8ff661,0.01683493329119673
ck_ccc83cf66365357b,0.017325547295922315
ck_34a33ffe8339f66d,0.8554562998714588
ck_4e39e3b165edab58,0.5694884017570652
ck_1a71f8081ae00190,0.9821175764349404
ck_ed8f1200fc049c40,0.9514274534000884
ck_8a5a57858e8c77f3,0.02679211068484175
ck_fff9fdc2adf5100b,0.5665005823256541
ck_c76f1bf40f3b787b,0.0013096757109609244
ck_1a6ddfeef82b1b1a,0.006419105337582289
ck_478d2667aa9896d9,0.004824883273448532
ck_641c8e7694b21f3b,0.01204366289612673
ck_293581d879f6663b,0.8672913743772773
ck_1bfa8abdb22be8f0,0.05351468018356002
ck_05ab5b03d0bf9ce4,0.18785211157903425
ck_35694db37f0cde7a,0.002437499358141742
ck_fe33eb743d714c03,0.03381872525960716
ck_abd10fbcbaf2b038,0.008125879832609728
ck_46d51648c1bf80e5,0.08235279644366486
ck_5c8390017fabfaef,0.009280286604515528
ck_87d55ca333f22072,0.0014577465721951999
ck_c39c6a1453e2b92c,0.0010202306061624928
ck_69ff1b0aa143a168,0.0020739755152248238
ck_e57c79eaab35ded7,0.009091729433416747
ck_463ae759e2b6ad1d,0.015312201310923557
ck_0dae4a7eb587f3ba,0.042626824341092016
ck_9b12fb56529ebc4e,0.012191372272338217
ck_1af547077ba2dd03,0.09531535143028376
ck_de13de941bebc7cf,0.002279168560965521
ck_83dde7da2bf647ac,0.0019028847532849835
ck_c80a94d4660041fe,0.15219144526879919
ck_f39cfeb277ef6528,0.0021237275804538856
ck_1cec1ed1512a2d3d,0.0018463527673947741
ck_7955a359b6448799,0.0011363010988346069
ck_8c0955dad13c3ca1,0.011390360208272865
ck_6d4cd2de601a2308,0.01930994445838207
ck_f4536ba8dd2d551d,0.009868388941582356
ck_b379c198d6db2d62,0.020389582430235052
ck_76ea90ebc74bcdc7,0.047437781649879815
ck_734f06bd4aa92781,0.0533911361623219
ck_677e1d0c14cbf569,0.001922684539683012
ck_259271c70f3fbcbe,0.038211452357554264
ck_c0b744eb9e7d4eb7,0.02284258697486297
ck_3d41faeb96802f68,0.004568890589154546
ck_8f604fa70fc3c8e3,0.035759308644120184
ck_0b3c3bea0e0ed339,0.00970664571412242
ck_be5df076b8a86409,0.00542114989819032
ck_6a475fe324d7d790,0.024500521876265762
ck_3ba3fa5387bacee8,0.0016636514829662821
ck_324b9939d9c1c31e,0.0026178528935521766
ck_a7fcf7b592f68ca1,0.06284141683165527
ck_5b2728f7cca414ae,0.0013210827255946398
ck_5f4a25ffd0b85a47,0.03378790411437254
ck_63d4f5076fe4406e,0.0023091594781943104
ck_af528d66c86f0cb8,0.008206914797043326
ck_ac7cdb9b8da7b5dd,0.036987590898909274
ck_3bece63711407e25,0.02728664299949077
ck_d4e0b2a12fcfc35e,0.004447521229519321
ck_ee3e7c9d3a9c74b4,0.05186963199885058
ck_50d7c4dab837bf66,0.014523765229608873
ck_ebcb93a2990fc914,0.08089465968892019
ck_2329cc9702cdf7a0,0.05500544709462886
ck_db1fa53d588bf99e,0.020014460717941485
ck_44e57a0bad5a0745,0.025015434582029566
ck_472c81a144f4631b,0.0022996205980004413
ck_1658429acd5306ba,0.015063906435405804
ck_466103ec5bd9444b,0.020584010663465505
ck_9757163e25262b74,0.008509022646648939
ck_34ed59bc2c9b0186,0.01193891064255295
ck_b7bd3a7f263f4f29,0.035185070668687396
ck_149662b09d632e41,0.01665928547283398
ck_a9ffd6b3957bd41e,0.001526783739724938
ck_ab80466ef615e85c,0.0020381616737292878
ck_f2c824d3473db24c,0.004784356953664915
ck_a4a01fd45936b078,0.024397308862217897
ck_8f6ce158c2902877,0.0019034070199409857
ck_5189a302cfa7cefd,0.0007653722195258527
ck_430a3d03be588201,0.008037542109024404
ck_b5f9dd00914b4db4,0.005291682307303405
ck_52dec82e9cf6135a,0.007272078208964696
ck_95e444a01e2ab4a5,0.019419938671722214
ck_e37cee7b123692af,0.03468790559387716
ck_d68d42858a55adff,0.07547259365834975
ck_3abfc010091d679d,0.0987846030213083
ck_cee4e4e1b62bf82f,0.03645624403466894
ck_9ccb17c35e636c5e,0.005597856183477742
ck_f72a5a3b0d6c1177,0.0024284367759444016
ck_7508aa554fae6afb,0.13927734027192504
ck_003aa842b7ca1d77,0.7267232704714399
ck_83b2b192f41ee2bc,0.1470693666628911
ck_64796b6b2c3c7f06,0.029643667067890365
ck_6438ae81d43cb196,0.006961090020685274
ck_2bd73d9098504760,0.09516824523076761
ck_aa8b9b36a099e4c8,0.02811078502632216
ck_e5ece47d0dd10526,0.03323920615783714
ck_16077ac345472e6a,0.02700213414522814
ck_a4d6e152b0076964,0.005209178246733131
ck_d90b1d03ae151f62,0.20071651031906507
ck_18b36d342b530af4,0.022149109847868893
ck_2a01e610348b84f8,0.05982510600519114
ck_0a93ed76bf36c8b6,0.027170029730182375
ck_3d56b477fe2370b6,0.056227038455348946
ck_17ab3068fa303682,0.0018015947472711396
ck_592a3520d841d11b,0.014138836005874827
ck_84d07028b5fca2f6,0.03208252662801544
ck_f4a2bb10afa85743,0.013075656130095542
ck_4fe4b072f03f2c1e,0.003291826285043122
ck_9ad08fcc183ea1e7,0.0028725876287508953
ck_130d3848b9dcdb05,0.005376542309580601
ck_bb399ed6bf28c230,0.03959473913261713
ck_a31a64a39a2c4941,0.007539660508625667
ck_c49f25dfb39909cf,0.03321224973336837
ck_55f50a9ae2db8ff7,0.00741778295335667
ck_09faa4e771cf876b,0.00921407725486616
ck_df520a7a6e405889,0.07800240791999802
ck_8c8c98cc694ac900,0.015030534618590243
ck_7f0c4f609673ef62,0.00812364007902982
ck_f51fe59cd445d2cb,0.008196702492909132
ck_b3fb83f0d772a831,0.035364389586176194
ck_d6e7e257751c299b,0.0017150959440901726
ck_0d362ddb4a1cb6d4,0.024302628853386393
ck_a574a08edaf81781,0.010303966266112645
ck_a823f5bcb0e4b9df,0.0027754895068278418
ck_f792586ad0381eac,0.014671112670690038
ck_54bfd70022c66983,0.0038494925225234424
ck_fe0a9372c9372de9,0.0047378600598578825
ck_5691cd6fdb6d8147,0.011001051245151503
ck_a95f212a02433d23,0.009272720613011317
ck_f5adad75e1c06731,0.06383761663350605
ck_e09c97520eb0533c,0.009954786804683135
ck_a1e13c0d58560340,0.0026162529681116784
ck_cacc2ca410cbe80b,0.02038228761998574
ck_c0dde2a6ef1e08c5,0.0021610683341072036
ck_a04403073c90ce38,0.0013141678341391742
ck_03d3026107175dae,0.009740087590596505
ck_50176dae5b1b716d,0.008698841511816852
ck_6c084bfcb38e96c3,0.037555506529005724
ck_36d2be9012f7909e,0.039559496261326474
ck_958acf84c6137a22,0.020039849794617908
ck_114722e12db90a73,0.025958076670606622
ck_203c2a22c0c165ac,0.023884796811471296
ck_2c44ca550e5cfa82,0.01809189301978746
ck_df0a8f20ab8f14f4,0.02477041537093811
ck_826a27ff7555192e,0.01410862995154644
ck_09a988ebcf062297,0.02264981459495567
ck_5c82444b3b9160ae,0.015849473548848886
ck_f6a4a7ed27fe76fc,0.08755785900015242
ck_17de46314b5c6a92,0.04590667973424124
ck_335e63101b1e6c4c,0.0582841695967787
ck_c5eefc0697451de9,0.11625251359190096
ck_49a0efb5d4067b6f,0.20812492184929657
ck_c1f4509c8f5dac5c,0.013144100512561319
ck_57658eda1c59bc52,0.004139691908691602
ck_0d5c0736ec76385a,0.0015477148630560252
ck_e0239e6ae30795a7,0.008719347488230113
ck_e4459115cd8e5e4f,0.009485101975641409
ck_bb4aec09d4968dda,0.12198443266801982
ck_a1b4c96faed3e0db,0.026304718238154175
ck_8247b79ac67aae7d,0.029998496087354904
ck_fe2fc7d6e5d83f09,0.016182874477581054
ck_f6aea576cde8d592,0.0015901927816816795
ck_b7e7f7d0cd886412,0.07155036259589509
ck_ca7b993e8286af7f,0.003699395292450461
ck_47de038381a9cd65,0.02099454234372911
ck_d38f941d09eec820,0.0524535712586227
ck_d9ba2a6c0d926b4d,0.00459584067429491
ck_cda72f597330d0f3,0.00263087115161628
ck_16d2d27fadeeacf7,0.009618311564266081
ck_be05447853d423a9,0.0029554388145362435
ck_cd92852d7376a4a8,0.0031016231940192824
ck_2faf7ecccc9fec58,0.0007850999040458683
ck_db8733fd92f20cd7,0.01564015490687158
ck_a9989a3a94c26634,0.029253328174543985
ck_957fb25437c75e41,0.05980114654836484
ck_e6a6caf6e7de17c2,0.008677868001605454
ck_f7bc569b37e8bdda,0.015002817922167667
ck_703b375dd86a6124,0.022405717728925967
ck_d3cfb3603f2c6ca3,0.03578488089985734
ck_07cb2b6f2a4303e1,0.022569062068076875
ck_31631e2028d4f855,0.026748248519936752
ck_1631bab0ba1256db,0.019057913684189222
ck_5fdafeaec036f016,0.020936552032377116
ck_6eda4c36aecad602,0.004081720206521998
ck_bd1bf9e3e29de281,0.06591580533467803
ck_bf378ea558a4125f,0.5614943643091245
ck_7aa2deeda0e57412,0.9742234359166244
ck_d229cf7f5a3f38ca,0.008605532037827473
ck_9e109edd124492a5,0.004349178766160465
ck_779491819995625d,0.7423274438228249
ck_b89c6fa2ad0a12f5,0.016333430407181822
ck_1d01b4a609918c4e,0.9353202419613378
ck_714c5d7cb17bc9f2,0.010237685136062843
ck_269f1746f2609ed4,0.01758855818280046
ck_4be03a2aa62b93c7,0.0012764582951913573
ck_cf920313f6dd28fa,0.012851266436621727
ck_fb00aae4e17740c5,0.0041853378524700285
ck_085d8c42739e2b10,0.9956532521926559
ck_c72a7d0d03cf3e17,0.10569819997533683
ck_8f6ca5d3b17eac6e,0.005895761118054155
ck_d9573100bbff4014,0.27555306734512164
ck_79d6793d1d0cf43c,0.0015495647290350212
ck_91fa5032f7aff0f1,0.06070785529104036
ck_87110d84872c0fed,0.028559362719091087
ck_8220da627e9992a5,0.003999111029489138
ck_2ae44938847f3852,0.023056629865019263
ck_b0f191e44f9b6f35,0.041536944707806
ck_3049d744b527f4d0,0.016423214389512428
ck_47d3e8d1dd3fbcef,0.023470379976859312
ck_ddf787359d2b5deb,0.004355969205663543
ck_b27a9e39726b26d9,0.0036615713601039056
ck_80c4e9274cf976b6,0.9738831261520816
ck_c6afa913168ce8fa,0.013679626112162724
ck_52427b3f8478db19,0.018315285954000074
ck_3b810f15ca0eaa55,0.01174919678962895
ck_0c9e420f97baaa06,0.8784146815437247
ck_f8540cf3a8b2f8c9,0.029630456047811015
ck_1402d24dd623df72,0.01499029135091685
ck_eb4f4267e24d042c,0.0074421905779175086
ck_6f661b428d6fb8e4,0.012769371305509338
ck_519a26ecf3d29c90,0.004026921669868392
ck_e886ba71d4a6fd73,0.018532199508423785
ck_437f9ecd2016a1a8,0.004543177950746003
ck_f01af1b0c977cc06,0.021616440219495738
ck_614f777c2eb5d537,0.011290500780330521
ck_b804e784cde9af8b,0.014282537671887406
ck_c2dccbc1b24b137b,0.08561095215078728
ck_1df4a1781a0f6999,0.034493180637260264
ck_bd2cdd53fca26171,0.020421389123067592
ck_424c254249a109f0,0.026484936539470993
ck_cf2ca4f286e289ba,0.029501306983295512
ck_6c33cb15b0d8af54,0.019174519627631056
ck_311d395fa9b8550a,0.01607201969127536
ck_9f792e7e721ff7f1,0.010210439070051048
ck_4c37586080edb7fd,0.0019803171581278295
ck_7c4f42c5397113b0,0.0031113271626869604
ck_fc418f53ce4aa579,0.9179532585753617
ck_1ba28fb7ef726ce2,0.023806229386805815
ck_d932f98bf6b83956,0.09066584779759683
ck_248b3659a9239240,0.03102677217951771
ck_6a92cf5f4cf5de38,0.009324834790757639
ck_65519d0fb137e0c5,0.0053723022738781006
ck_ddc3fc99eaba2064,0.03380680649198321
ck_7310cda3bc65a73f,0.003700306978310386
ck_c01c85bd631d4054,0.005200039872856362
ck_b4954d16b9749829,0.0223279780938623
ck_f301f6758e170d66,0.013150075224187837
ck_9bf95f8c47e7c7b4,0.015564765347019982
ck_c91b7fccf6aeb4a5,0.037622714197048546
ck_785fa45e86bc5e95,0.019911553627809858
ck_2a65f1cc23f1180e,0.002900646953435059
ck_a49a2c1f881a3560,0.005803395495694234
ck_def344d68f06d749,0.04986955553350434
ck_abbd1465fc730d78,0.003258963666388087
ck_07a5610ed28162fb,0.021971521974108215
ck_7ecdee2d7127be8b,0.016421104400806057
ck_67858bc00e81490d,0.0019648096194001814
ck_b4ad165ace910222,0.008088243072172149
ck_30753ffe481a1b8c,0.25523077713097164
ck_c401a26725b17177,0.0016254247150638982
ck_819988d8a7f26415,0.006302528460831787
ck_3364a1d9261b3638,0.011814486989220803
ck_c484c5bda389bf20,0.0031402770409167443
ck_ae416325fef92c9d,0.9669392469620007
ck_5517b9a865960542,0.011965391735980513
ck_a0e96fed380440b2,0.011938922916712202
ck_e83409471d2b0b44,0.03527614863408377
ck_127273af97d7827d,0.018137416592588048
ck_aaa9861c91bd14dd,0.012869678049467115
ck_a378c58294001a36,0.8760706631704676
ck_abb9d65ff1f95b64,0.03771492517435163
ck_a5ecbefa849ae569,0.011658855226304481
ck_aa9953c0ca2bed7b,0.0019072739404952497
ck_40bc6de252865f32,0.00533733249884176
ck_9fb11688dcfe1513,0.007715569982853789
ck_ba68841ca2ba073d,0.0145175443805491
ck_1d3e561a7d20be0a,0.9455181943896113
ck_99a92d710a29c1d0,0.06332122418144388
ck_ede2e887697ffac0,0.004248379885689858
ck_e6de67c0d82a7b83,0.01796503728787964
ck_6b38763bf5ddbcef,0.04308332504036388
ck_8dd44eead7d765a5,0.01732433669648261
ck_30bf5b0056eea9e9,0.11261386635157067
ck_2981d16f8a51a8ed,0.07088079859570992
ck_fc60f42c68c7024f,0.0698978986393304
ck_8e2b2251ee224aa4,0.02321389728482019
ck_1906f0dfaf6e9bad,0.5726389505584976
ck_dcbe6814fc4ca0b4,0.05664736699257854
ck_f7e958a286ae3b57,0.003414395808268581
ck_713649668a7ca824,0.014512447655749047
ck_6f73cdbf9305e2ea,0.01745794334237967
ck_dd1c490050cd9051,0.03015776947155723
ck_e30db36e376606f7,0.13916800063909032
ck_740d8fe8028b5a2e,0.005934317376924858
ck_ebbc9418cd41f692,0.018759120772590034
ck_7b3cc6cc3f250f39,0.016741693314993502
ck_1d30eef7110809e5,0.21322191248994884
ck_77e0589ab339ca66,0.00424281962248232
ck_15ccbf8ff7d14086,0.011896969869846303
ck_246989b0c288664f,0.031651849710481024
ck_fc2a6e27b10b10e9,0.004558688643542911
ck_8afc1112c12f5402,0.016488859464866317
ck_a76e8d83b9141364,0.03211795732578597
ck_51d3e8dd7465c015,0.005360925698291841
ck_e7b4016909405981,0.004253232622826996
ck_e7a3cfb9bf908e80,0.021590035861737033
ck_2bb49dc2388cdc1e,0.004420962359896906
ck_94f4266ee7871345,0.010405332117637422
ck_b2c896beec146477,0.029695365395473163
ck_fcf5d4a4748cdd53,0.005065500271805427
ck_fd0483639811f62e,0.17254463455290003
ck_9a21d183524734aa,0.06347867594359649
ck_1df4b46c0a4c317d,0.02866285558317026
ck_638df9e8a22dfe0b,0.017442447451262208
ck_65acc43a6dc3e65d,0.020067925481091507
ck_7c67b73196e3d0d9,0.05451366623710749
ck_b0ee3a98175b462d,0.003233659101317812
ck_20fad010969f1abf,0.002466890190497249
ck_54b087bd873af8b8,0.007103888496219832
ck_8007824431fa803b,0.00463729354208598
ck_23aab322810b9fec,0.016042939695679857
ck_c8001bdb9aafc8a6,0.015568186033995282
ck_3a34c3ac83cf84b3,0.020697971379580314
ck_60187ac2c473a662,0.9438157910463014
ck_6a0ccd7357979f0f,0.06429842587743062
ck_27f20337bef5ffe0,0.021819253289235434
ck_f9fc468915afe49c,0.07553057153443625
ck_1eabc15a94bd9009,0.01412913720289484
ck_26896c494b2768ef,0.01163213373797106
ck_348c874eaf0354f4,0.037807624486358535
ck_be9c46acd216b45d,0.0319318610957178
ck_a3cce46d15cc20a2,0.04550654351505345
ck_70804f60d9704128,0.10561036297163867
ck_a019151ca8e7527a,0.036356987592847556
ck_571133b2aa8ead51,0.034273567448994846
ck_0afa4449f20d5196,0.006308269316550456
ck_4d503c41cf4e5034,0.021287769930933415
ck_d6fb9cc5171e3e9b,0.7690633251547306
ck_05ed92a7c3e10e5d,0.04600382638062104
ck_bfb067986660afe3,0.07274466018445261
ck_c1a31690c8573226,0.00860918750821785
ck_cb88ef3dc1f42225,0.004832815235150016
ck_21e3b3bd998745e5,0.019030909218598874
ck_cf52e46fa54e4540,0.0016376927611713153
ck_b72c7ac4208052ab,0.014324551199092945
ck_e6465c56b337e6c2,0.0077209717023997955
ck_5f87eb05d18186c0,0.013068436640475217
ck_263f6c5ff26b5e98,0.002912513795982333
ck_e0b7e2c0bbe228d9,0.004661085635656375
ck_b657ae3c146cb7bd,0.0017301098704409238
ck_abac514d8167ea58,0.05816161450170035
ck_024dcab126876002,0.017390730138230413
ck_5d8481e2b38bd99d,0.012178417807115286
ck_edf229c17d25dac1,0.09427551644435672
ck_6cb7c97b72d6b5d3,0.031026205943943144
ck_c96ae2c28086a059,0.04740870967643924
ck_2f241b97c0f8389e,0.016466265578884552
ck_9158bdbb63ee8987,0.011583701713334237
ck_e7b40b60786c1530,0.004191624056943135
ck_66d38518f68e6194,0.0018263454923297992
ck_8c9b57ad2a991416,0.00580021846242533
ck_cc91bd7152d3e9ba,0.040993516783340685
ck_0d846660c7957a88,0.008669567451609116
ck_60896cdac2212bea,0.120535643867373
ck_dc4db8b932df49de,0.046313086083552626
ck_2dc31db181150e20,0.006333554403211437
ck_2f138fce1171e277,0.010354755963015754
ck_68b8b859a6ef505b,0.03026424736494372
ck_c3fe0c6c5e1f40f6,0.005952398285905796
ck_15886fe84866de92,0.10863605740162748
ck_ea269b35406473e8,0.001527012554795811
ck_3ce7cad1f69b71d6,0.019628653852395372
ck_054ed4288ee58d6e,0.11524573856680893
ck_3d4913a86f207fee,0.026972746905067166
ck_23ff85f9d2355e8d,0.024197600475216522
ck_d87ab3261322216a,0.0012135640962431815
ck_fac046ce336fe39d,0.016757500480949865
ck_beb97e498e6cf8e8,0.0354044782374873
ck_1f517e0ebf397b51,0.004917430776893789
ck_0af57ebaa45877a1,0.0039931775060837215
ck_f99bc1732ce5e999,0.015814649518985473
ck_abb056a9deab275a,0.030234691597221208
ck_0bfc394c5faa65cb,0.05790825524189768
ck_ddc865af1dd5670e,0.022452016704416985
ck_68b5542459638b56,0.018610250361137625
ck_0b1d84252c0b46c2,0.013490314382385543
ck_520ec32c4f253604,0.024553547111787893
ck_79ffcfee599d77c7,0.015561472011725051
ck_eb224c0fd146253f,0.052012496642824806
ck_0e477084434da450,0.0304265220205226
ck_07840bba5570785b,0.017657605100908233
ck_6b67fe8e310ab865,0.03357772410275373
ck_e2a1068c2fa22525,0.03504742652496602
ck_b9c6b32f6bd92a3c,0.003964436420226188
ck_c1e7d1021ae58f00,0.0033238631899628374
ck_5d7801201749ffde,0.01196240795153474
ck_c8806749e263f70b,0.001556099850167231
ck_c9eeab826781dc91,0.012801564975380117
ck_309a432c160a17b3,0.005978224053941596
ck_b22e3337b8e3dbb2,0.00688857643524676
ck_79c30169c71b8033,0.8396342779403179
ck_5a6593d954085775,0.00416704359848901
ck_70b9b79ea1aacba8,0.023033277970847286
ck_63743141ffa11f45,0.05851212250833692
ck_dfd3dbd0d97a642b,0.040077099922262535
ck_635646a661f05b4a,0.016302647862428837
ck_4b123d6931b6d0d7,0.3604645888537413
ck_f2b0e7a47f442557,0.7014605997434212
ck_1b1df006b81d38ba,0.013928593033748882
ck_360237c1bd30f4bd,0.009091286632890749
ck_5e84bca0e362da20,0.05689124245131092
ck_142dba210ed2f3b5,0.07446588081107762
ck_a3564236069e3524,0.06397696247460363
ck_cf36d8b070ded782,0.01999252657545586
ck_ddd6625c5eddad70,0.0018590179212855642
ck_ad54292a0b2f44ef,0.00804908834164912
ck_45cd5ef6b359e9b4,0.010347794856598945
ck_982c2392238b7be3,0.4339800374109786
ck_083e4ac78685c3bb,0.04349620934137136
ck_729cc0b46cc2e546,0.12826438478610813
ck_f2b8995fe5402759,0.007719562506032095
ck_73e24f5a8da289b3,0.04112328858057485
ck_bd85f30c36f5998d,0.06798799678376782
ck_ee4ff3aeadf912c1,0.0029455668215258145
ck_63d2978706e193d2,0.01725760122622257
ck_6a0684436a1e66c3,0.4364290284134124
ck_182dc4a2f5a366da,0.0018278856277445979
ck_e6fecb82fc2a82de,0.0028041469877273582
ck_cfb06f07394dfe64,0.0016987961687531632
ck_7bbe1dc8add17ef0,0.01936396766817057
ck_5cacad76e02c8e3d,0.816519021796098
ck_ca68dec0c7df5a12,0.0030239979470855593
ck_e4c0fc52c82065d3,0.008419319056055675
ck_f9197b070416f443,0.005093807689913155
ck_2a07c7021b71cf65,0.04949067570713656
ck_4fa85cebf707de2c,0.0015378869872381235
ck_0063d2a9507467e5,0.004761064641702135
ck_ec986285fff05b7d,0.0023348166526727014
ck_279d43303708109b,0.05769288442073706
ck_a406bf11e48cf8c5,0.08856383819936912
ck_064b2aa3f0bfdb6e,0.020610428761301525
ck_95790440bc4bd2d0,0.016820413514002947
ck_70066eea13b4c34f,0.024447720034773055
ck_19468fe07e26f992,0.96019762808212
ck_86bfe328e0a533b9,0.5928283296117525
ck_ace3b96c977a7560,0.09793487568869423
ck_642344e5c652d8df,0.03214619895404283
ck_074be35c951ae10a,0.0250384630924539
ck_f14dce41036486a3,0.9829737235629671
ck_5cf67a3a747e684d,0.12188608893478528
ck_f7285b92648c1c81,0.0049422445488373195
ck_bef3193f124fca5c,0.15220290772626524
ck_05c4dcbb45de1f8d,0.005014685896710808
ck_d7c28eaa05bb7144,0.004732029541158989
ck_320df984791a1b99,0.0029023451971458567
ck_f45bad1606fa00a7,0.017003262118520338
ck_6f81c199e986d9fc,0.01532699278431614
ck_d0c9633fed57c344,0.04660109605518695
ck_a3c25d6cc7478068,0.004993556436791938
ck_4185506d12cf9fa0,0.0019474423644129646
ck_7a02ee1bfba7353b,0.01644044074187678
ck_1b52590757c0fbeb,0.03808315947883238
ck_a0e5656e1cf9cbf5,0.004591948025526628
ck_ace21f6daef94f6e,0.00512896449305273
ck_646d8d0834782d6a,0.1369186096670959
ck_1f136a4476b5e775,0.017263894029735553
ck_325c7643cce02da3,0.042668885765020564
ck_9b5e7fe28208f5d1,0.008525859895512035
ck_05d81b1a150f31c5,0.0015910405023006227
ck_0e9ec486bff403c5,0.03415837440246446
ck_ee13c091bc379188,0.024090248550837096
ck_f7a7f8f5903617c5,0.01680566589974279
ck_96c3a3517153390e,0.03229056949264761
ck_538dad7f096458ad,0.00502004477193375
ck_8758fc6622bbb7df,0.010985060320855323
ck_f7e53af3c91fec64,0.04109268097349929
ck_80b50fad7f255e1d,0.009419334846260287
ck_9645e7adc08631b5,0.11372746834967051
ck_e007aedbf37d6ec7,0.02965147466105878
ck_2951d76c41de2569,0.020261036768990905
ck_9439bff87e616d4a,0.012876875461020525
ck_a73045e96af0e4fe,0.03019828267693587
ck_7b382e533e2e925a,0.03756005844433145
ck_730226c2d216cacc,0.007674660540870139
ck_bdf837d761a7cec2,0.20252830379726178
ck_0b34197335ba3341,0.010797442677962985
ck_49170c4b31a20f5c,0.002325040323999136
ck_cd553ba6589d8bfd,0.02442412320056432
ck_56b992c6f136fa5e,0.038868422151456174
ck_8beae3d7328fa41a,0.02257372401491999
ck_1a065ea906ae3d6a,0.007129144492764797
ck_e9e3381d5e0e5051,0.006385906344278152
ck_a6d4f998dadc90c2,0.914083836096327
ck_d36733da917115a6,0.014032593766962314
ck_e738e920bbd74a7d,0.011751254752205108
ck_af65eb885a51048d,0.0016853659566161373
ck_73f4eb09af29b1c0,0.022031879771122535
ck_8fc641b1750a2542,0.03459361498646773
ck_41b954c7a948c060,0.00619255347248055
ck_25fc3010e8a0f6d7,0.003720232441595438
ck_a2624e0387974e0e,0.07199754836209511
ck_5cb9d7b2329d5ab6,0.06825860204297428
ck_6c83aa1d100a7cd8,0.04495061438643767
ck_67025c64588abd1e,0.004609570385562699
ck_f5dde68f6f0468e1,0.002295892028952257
ck_46bfb2cfc29a6d2e,0.012427226740019804
ck_49dddb894d33f6db,0.11787688719188404
ck_f738b633b8862d18,0.001565423456937309
ck_3d6c3c00d854f5a4,0.04863573568506774
ck_cdb8061d8d1a6c5f,0.003842258404054994
ck_5e1b81848718bdc3,0.03812771823783387
ck_8def763034187436,0.15378578657715283
ck_8f8e4fb9c6190272,0.006939168064988338
ck_368b968b5f33431e,0.0034733176029890815
ck_ba7e347251ea399b,0.02376869460289807
ck_9075432001a64e75,0.011596199410417804
ck_73c5371635aca173,0.673203037818982
ck_81793387b38047cc,0.005847851053366353
ck_0cf220816e320ac5,0.005546085005323146
ck_820219bb9c761b52,0.5390782581056999
ck_70a932ab39d86a24,0.0013308862005684356
ck_2c4be237a7ed79c7,0.0030360542718862638
ck_acc764b49ef02826,0.2046723107017759
ck_74c3c3452e4e7cce,0.0031266535699290437
ck_34dfb57e5bf31d2f,0.07184884189232026
ck_6ec39903f765956d,0.050096218567062534
ck_5986119e7d81e831,0.023982772138549213
ck_2ddfc948b8eac752,0.1539468215593972
ck_921ff5ceaf40a968,0.02564758373438636
ck_fb3b68b4424b5f92,0.10306091946585137
ck_c3db1b3ad4f16679,0.00863715235607394
ck_124a197be41687f5,0.026180766730805854
ck_c58d9151834f5bad,0.023267371420930282
ck_389607982eb6b701,0.4036962007251042
ck_fb0c138c003e933a,0.004442640042491628
ck_50d0bb7edd8c69c0,0.037961378609271706
ck_c6cb651149dc9a8a,0.0020377051991692773
ck_81e21354e477eceb,0.04258646769474962
ck_7696e38b3e4197b0,0.00856785788747098
ck_586001d3ed9e7fbc,0.00572905051379946
ck_bba413492dc46f2a,0.03876725383711911
ck_95b894380ad2702a,0.03545874528925245
ck_277621473369614f,0.9802085636440814
ck_a50621b5eeca84b4,0.001928699632337066
ck_bfa7ba218b988cde,0.09846475699952563
ck_5ea89567dfe78e4b,0.017875301318309847
ck_6c679602a6476ab2,0.003523322077646314
ck_d3885e286b3b11d2,0.02968787148844764
ck_cdcf6671b37c9c92,0.025193072707057715
ck_b5c93e6d34f8d366,0.0017170318576213376
ck_c24f61925dc158d5,0.07317206231426346
ck_cd09375e6c81d2c4,0.016936371298853305
ck_a95afc7a00303a26,0.0172379747677343
ck_8e89ca8b39f3f8ad,0.00307841783611191
ck_9a84b396aada3fa8,0.10684906961852628
ck_5124a2e415384945,0.05203665720100422
ck_d66bb1f063357f99,0.012673508477947647
ck_0fd9312411b0ac55,0.02043917576587754
ck_ad8cbe6e27e47ede,0.026399905417905146
ck_8398adeaf41f9cae,0.023465275462352792
ck_dcf851e7bb5855d0,0.0033385031831723944
ck_9affb0f26776b642,0.004180355840768318
ck_f0424b3b36bdbef0,0.11941793718849843
ck_66746d1090d6d9e9,0.0017361539509034804
ck_e5f8c8a5824db594,0.02262600857001345
ck_3e91dcc209431984,0.054986682613736536
ck_126a82e8d42e5ce6,0.003800302159979009
ck_38e4a74ab256e2eb,0.01586078849746195
ck_1225a97fc413a419,0.06805589438312586
ck_9b5ec0f78e160e65,0.0037873133365606566
ck_7c5529bcc079600b,0.04565151848178797
ck_29640fc2fe81c251,0.3330446250887144
ck_160e9ba0a3f7c1fd,0.003033749592449399
ck_bff090cb4ab76b9f,0.010940951806647609
ck_aa06ed358e43db69,0.04421387261048425
ck_7264486eb512d84a,0.00613407604168111
ck_f5a32e6160b28379,0.009471085476065481
ck_4ba8bec14c2217e1,0.006658727513057326
ck_610815786d729d2f,0.021024764701049796
ck_e267999226b6321b,0.0029935210113568606
ck_f3996a3c8eea1ea0,0.010650126280605774
ck_e9b75ed7567a3f23,0.032291853601295904
ck_d21612d48bb4f7b8,0.059667218862782416
ck_1f871df76c6a995b,0.042871839051465695
ck_953bd5de48ccd70f,0.7822995493923279
ck_02a9104419a6dbaf,0.01472497347294404
ck_1eeeee651e05d535,0.03791142069165928
ck_e2ab04136a442a98,0.006136816623394087
ck_f0d806624ef3d359,0.017227043989928737
ck_4b68b38c1b3326a3,0.00737618476938719
ck_74e60495f8861156,0.01267795120490994
ck_398f3f4cf05c721b,0.0095071772856602
ck_f761b7650a0c1a85,0.023868997811290118
ck_7dadef33f5e2d94f,0.9929002882451008
ck_6ff6883633b8c7ba,0.0006291931831375674
ck_4d2159603045109e,0.025862787900523102
ck_a38bd07a5fac5c9a,0.00448411922872629
ck_f517f06551e69507,0.005500035049784221
ck_a7ea00a1760ad561,0.9874322789992636
ck_31fc51d5a3dfe16a,0.03185865352325937
ck_bac5233623b25ca4,0.007292937371526017
ck_385188ab27784fe3,0.044647895534157545
ck_9947a323bab5cacd,0.1980414695675818
ck_7973edc9f22ee7b6,0.05001470995924206
ck_f97c477986043755,0.0034796384209087984
ck_1a3fd2cc4b4de196,0.014072841703919614
ck_e18ac29ea62cb435,0.09714960372146167
ck_9720a472a3e0140c,0.011043891938333198
ck_668c7fc7d7e47c0e,0.07798870239023108
ck_214af0806470ef48,0.021573374927100222
ck_a46c1773f01f0be7,0.13171121434950644
ck_f2bdcfb4203ffdee,0.0385687483328501
ck_40e84e6ffe788a4c,0.019062996334436068
ck_dfc6f5712d8d6678,0.05636463055400642
ck_01ef1036b2e66a4b,0.022681613241609125
ck_3acfec10eec32f9c,0.03400791082891446
ck_084a85145c15ed77,0.019284399918456447
ck_fcdb4fe2f095fba1,0.11048377906535238
ck_023908db0a193076,0.15743112720363345
ck_fec0ff92fd622253,0.016788619611448036
ck_c009c97d5fafbced,0.05831028978899349
ck_eb9f0c06ee017ee5,0.0057719953876294245
ck_d7792b429620fc24,0.006296063149409083
ck_5e9e149a3b69c726,0.04288911539185275
ck_ce927322ef8f651c,0.01804202230563085
ck_b8fd61a8e82bce32,0.8669507450461021
ck_9aafc33fba1474cb,0.007822980072801322
ck_ce81ff9b8b35562f,0.006769284301335259
ck_25bfca1d8eaa152d,0.03397007920225485
ck_170c65860e2a7e23,0.01739546099136181
ck_952da7ca9f33decb,0.02453235909758771
ck_1ebd574406235957,0.04918287715302788
ck_589109a188adc2c1,0.005531974731516759
ck_f0cbd5383bb07778,0.028115518186543842
ck_242521e261148fba,0.0060241535008293485
ck_509cece86a558de4,0.009289699747074774
ck_0dd7c5925d28755c,0.004459336886647718
ck_a7e669cf1c3985aa,0.009059288887319127
ck_acb84dc2351eeb76,0.0026438740158533734
ck_b837c7dac2a9b931,0.02501375422836011
ck_18eb1f9181f95df4,0.010072636252735356
ck_b0b9047dddb1ec84,0.20271604767566598
ck_43aa136bdb0a2832,0.29372931976471284
ck_3e47f8c56c811700,0.012410219977023778
ck_77c587d24695ea15,0.02682562630393514
ck_20578ac693ea4e93,0.01895674298351478
ck_b9f6040eebd1605f,0.10371909489787803
ck_ca9d86f65cfdf018,0.010240883162274958
ck_a4fa8833995c716a,0.006252361053991514
ck_f589f1e29301b5fd,0.010596009009846663
ck_961ddb8ff55d868e,0.0012271833927954326
ck_5662492a54e6688b,0.049999632234823455
ck_ad48826c1c26eb78,0.24136413036380183
ck_621c9ddde6bf2eca,0.047837956495673385
ck_417a3500b2c717b3,0.0702949701047278
ck_c7e129058beb3ac1,0.01280915242348955
ck_ec1c902b9b9b9c5f,0.061836060412682574
ck_317360ec0a67d27e,0.046621822805854876
ck_3e3ea5d8c4a229dc,0.059105977257662284
ck_d11d27de7bf0b973,0.2269495944412447
ck_d37d56e931105db0,0.006495382987694315
ck_4863077723cd6ce1,0.001946979855443942
ck_479a065d5903e9c3,0.0020620551128506764
ck_e66ae4fd586fedea,0.004025865828584279
ck_192bbfd0d5720134,0.005247282535318834
ck_3b436cb29af99f3d,0.03345643812420845
ck_7c7ca54969eed187,0.03277806669599928
ck_826ee896c9f1144d,0.15482349031351242
ck_ba1f6dd43fc8a0b1,0.010905395403375049
ck_49685deb63e4e8f8,0.023188485048373873
ck_687ab5d5554bfa79,0.043193857808523854
ck_41346ccd9242cc8f,0.005516994198485303
ck_8f8e5e2b9dfec3d1,0.061420593826157346
ck_94d5ce61a0c50465,0.06921270311182956
ck_6b954c75aad8c012,0.04896871209037653
ck_748af92828c9d288,0.002645573468439843
ck_dddd14091ce812c2,0.05901611104906007
ck_723323f6870fab59,0.04831183877508288
ck_dbdf8d0708cc6718,0.006658577603085459
ck_f04938570a154de3,0.018832508270151618
ck_58afa1550b3b5294,0.054049790509207184
ck_3b150afde386ecff,0.07740922304881302
ck_666b95e75d99ec4e,0.7546357127925861
ck_e00332597cf1eb24,0.019156696024982284
ck_9a9e3dac79280d7f,0.24246055920153317
ck_e8d37262e859d9a1,0.010598563700286607
ck_895bb39d24bc1c4c,0.0030362102642991877
ck_b367449195e36499,0.021587483629185444
ck_d23f9a50d1135ce1,0.0878962852666707
ck_670dc4910cf476c2,0.002465359057035993
ck_3ecd8a5ce65e21ca,0.022719026695258347
ck_8584fea2df4c6317,0.0358127505964449
ck_0789ff4562202b20,0.045491442807030866
ck_749e0e50c3907be8,0.0050279718684511565
ck_c3ff6790cc6d7e34,0.0031063302577452427
ck_75fb7e56432ee4b2,0.006418963344580707
ck_529fc3170fd11abd,0.059704109732965534
ck_34a69b3b4a681796,0.15103162983593338
ck_255f0e5888ae9e23,0.0297279965316295
ck_65be698386474170,0.0016098741990199924
ck_5eec9ed855c26000,0.002532620904472774
ck_5ab39bdc9610f6f3,0.1084945842693984
ck_1b5b75762f033462,0.02909001896365352
ck_d3e208671cf37f91,0.6881848802750461
ck_5068ee554ceff971,0.06017311668719383
ck_d7d50fb57fcb2d0e,0.00225652874396706
ck_ba6e1115fceaa067,0.03268771174002932
ck_d07bfb16a4a7dac0,0.8984930523599687
ck_ead68310311690c8,0.4120771622980248
ck_ee53ce862bc9c111,0.038897420968096875
ck_97e56e6037024dff,0.003791838978189724
ck_80b04344c98ec072,0.053904693794430504
ck_5954f45a2ab45f43,0.016085061044750052
ck_18ddf7e836256e3b,0.01309971205132874
ck_89a1a780144d808b,0.014122653465575525
ck_a7331e8b808c39aa,0.08899399995000064
ck_a1fd0ad03ff9b776,0.016587999815622843
ck_c0cf50eef030b401,0.003218483815722677
ck_074f20921189e7d6,0.009906026796361267
ck_e2aa7be60794593d,0.1535801402338756
ck_72771757dfb7f7a8,0.03600656272351872
ck_a9cd84a6dddfe584,0.010833396991441908
ck_142c00f9f8557504,0.018723797183103647
ck_221b5d40358230f4,0.04649946911313098
ck_a2d7a563f520b7ea,0.013386600456881233
ck_66cd34bc568d95e0,0.014725163549079384
ck_a17128972d3e507d,0.03217803357922877
ck_bda299466bb2136e,0.021737156686848173
ck_2b699066665abe8a,0.018167183184713668
ck_0ac9848bd4ba0c14,0.003409371699987129
ck_98d2f9a6ba3a3077,0.6639040081818114
ck_a872df31b28a5f7f,0.07293918651288223
ck_7e73e1d44ce82ed9,0.008365374470610119
ck_1a415416f620d49d,0.0026119950949071067
ck_c95c786d2f8b8edc,0.03228966439926272
ck_e45012f22b7f91d5,0.0034223153090046092
ck_aa0b083e2a6813eb,0.04806176443598182
ck_4666232ddbf77756,0.0034211123250392126
ck_e08e9c8ec5f23d8b,0.03287777829878526
ck_31d4c0518e5f52c6,0.006379702212187604
ck_c1ab40638f04cb02,0.03074772353335008
ck_4c1fdd1669c7cf51,0.006918747389953887
ck_11662cc7940ffc82,0.0441559172227717
ck_2e679af24adedac8,0.008467885699860001
ck_454b9e21b7f25a4c,0.001889836582299068
ck_355c4f29089731e8,0.7901003606463528
ck_507e40760a24d2d5,0.04281726437461068
ck_0943e0f305078e34,0.9589329888670394
ck_abc54ed7111e9ed1,0.0016076227666624095
ck_a60fe02fc04407a9,0.11648434329174444
ck_244b897bb4d57c1f,0.00829304173966408
ck_8c84fcde93a04334,0.14275363909609326
ck_9eea37d2de633b27,0.006980602745126787
ck_b2cb9e6610eca967,0.00753642078983032
ck_09aadb4c41b166f1,0.0825424212065026
ck_8d94fbb4828ef326,0.00433860862872154
ck_089e3a07abbe3b8f,0.019789841228255483
ck_dfee9de05e3971cf,0.009715147772446827
ck_6abf8302ce052451,0.19144225536100953
ck_6ffa90143838a4a2,0.0034393027993433606
ck_325caeab5c7a9c3a,0.013246830184376593
ck_1964ee9db929a173,0.6811172862762646
ck_942b95988a6245a6,0.07090924505757688
ck_913ecdeeb8e21a9c,0.009936190002851142
ck_ecf9794349eb4b3b,0.03465128287573686
ck_b6cb8d6ae828eed1,0.01377757240982537
ck_2f82ea66c4f53b33,0.10313923591716277
ck_6e676daa4855b58f,0.041920977923248844
ck_2a37fef48b44e9c8,0.02034575463249529
ck_3bd12d468fdc2450,0.011072502873365742
ck_1a28b6a40a6bd3b4,0.06407868216041857
ck_61b79dec96d15713,0.0032029745455423
ck_31d5e3daced93d3c,0.021051224677037236
ck_e6c8611c0cf233d7,0.0015457418581124366
ck_f04761b4a937ac3b,0.011044603199557157
ck_38c1c75cf055031b,0.010696898772565445
ck_59a561f3df01441a,0.02332860561511318
ck_04e40f556a5062ef,0.00468943884087202
ck_8409716d174635b6,0.003398187164135885
ck_3019afee83342701,0.02688667695073646
ck_b51a58e7f032c9a8,0.03432417553010514
ck_5043e474f848346d,0.029187083850034164
ck_4388abce33ecd01b,0.39332128728424204
ck_c93def7392f0aff5,0.06067529829582777
ck_72e7b1acc19df820,0.0064491960546139955
ck_f253130dc3ca5b3c,0.05010051442065537
ck_eb264d1b180d4b4c,0.031003768514967046
ck_c2504f5a113433ee,0.0019879394352137762
ck_c16ab1e4dafb4910,0.12733862177495484
ck_4bc42878fa180991,0.0644536818548664
ck_1c771a7c78f6622c,0.038100844811344355
ck_d523f0e50a2747ad,0.0056086504467133605
ck_9060f4e7ab7a1b0c,0.01205889578535415
ck_6b55ec4e87a5e22c,0.08737182060976403
ck_55fc62a5f89a7251,0.01462673301024149
ck_bd2545c62f258231,0.06787273181360665
ck_1ccdc69d0bb712b4,0.017337561743538246
ck_710f867a3bd5898c,0.0022545700605969736
ck_f91d48c40337d375,0.016892057390972364
ck_f76d929541ed41dd,0.024110328215639933
ck_e26a6659c237b650,0.03954077846626638
ck_184983177b73dea5,0.01694109469772168
ck_6d0d081bfa8a0022,0.043180439835815806
ck_2f6e64f638da0f97,0.003638802805218902
ck_15b93103ccd38609,0.020860143586135124
ck_094d10439b7b4eac,0.0057889159488274345
ck_d2ca47180a926ba2,0.028617784288044443
ck_a69ca7b9d70972bb,0.011081809760978355
ck_68914e67343a7d32,0.009341408989911896
ck_8176616132458c0f,0.018836636500634576
ck_eee99af3598311b8,0.07301325228004174
ck_94410eedfca91304,0.052140390047630394
ck_cfb11a0a2325bff5,0.009887816680573595
ck_75217ee144b715f8,0.08272954247023241
ck_d56fc799542299b8,0.0027352206655443653
ck_4c352dd3e7c81269,0.06290636660622784
ck_e23e50e02cb3904d,0.08183860840667041
ck_b921af37d500e139,0.02714755510792863
ck_82181b935360dcbc,0.9690557676469712
ck_22a7cf3b99c5e5fd,0.016070026674913945
ck_f67ee7910d532216,0.020219381992812875
ck_5f48762a14a0326f,0.005510849337924345
ck_1757fcb0e6e3f88e,0.08195625440888553
ck_2c2f080ba185016e,0.02419481429865837
ck_4c25570eb72711b8,0.0035032979118765906
ck_a3be871ca22ac416,0.02433826308171899
ck_ab70961e7c6695b2,0.016866823321512226
ck_a1cdebfc42a52448,0.005278997638323052
ck_f1b80b821a20186d,0.02308320981996263
ck_ae668e4564cd2aa1,0.002373567027338087
ck_0e2bc3a5afa439d8,0.058098313916405395
ck_3dc378f37d0b74b8,0.019035802533879934
ck_9f9555197480d1cd,0.008237806147427683
ck_bf4e7d48770a4a8b,0.07876847819784584
ck_614ef655f0685060,0.01019192399034565
ck_04d2ea38ee27770f,0.001775375262582423
ck_e03a9d8ac94161d5,0.031810143180980015
ck_d4007b5b26d9d854,0.001356175680761923
ck_2dd147ce6d61749f,0.009295144691167469
ck_ff45764ea7d6619f,0.04692653623753533
ck_dbc487cb0a6c18da,0.9581947520501861
ck_791d5392bbd80447,0.005277510667023813
ck_b4068439c413b150,0.034248789173010726
ck_85df7b7de9700aba,0.00415513993840072
ck_001e42551cd06e40,0.007340675410870181
ck_a6c02ae50932cd9d,0.014821950817670109
ck_9fd0be2c018ff5e4,0.009404659907991513
ck_32a495128395fde5,0.00414377924237096
ck_b6f2a2fd232c141b,0.013274667409458304
ck_28dde633692904b0,0.05800499027582593
ck_a1a93c5f375f6021,0.0022505251683489526
ck_e3982142336782df,0.0442322760560558
ck_a9812ff3c111ea94,0.04387475859195435
ck_f04062216f95fa00,0.04275088413342042
ck_7c560467daca735f,0.0010322017489397697
ck_76ee10d6e2dba70f,0.10572073694384598
ck_3521243bdac61178,0.008506513236986944
ck_28588fb03b320520,0.061059198569313175
ck_580dcec33ec232b8,0.011641890221933775
ck_7109923fd7dab20a,0.021933561196667447
ck_7c872c99481c1e9e,0.012744298104355026
ck_46f4e1f5026f4d1b,0.001701193865193125
ck_00d1ebc31ec4653c,0.012688809882790123
ck_aac70764dde15168,0.04534341949676241
ck_648c03f9aa4e45f1,0.032953560701695535
ck_5478eb69ef912785,0.11234415671003965
ck_79b8523137bb2603,0.04440228082226721
ck_795c49f312640019,0.0007274487863267367
ck_89184bf7b7fe41cd,0.2639961242084843
ck_97d4bd922996fa10,0.010131135974403694
ck_1cef30d08f3a598d,0.006081097637049893
ck_2f9fd36a4a40a6a8,0.0035773752428801416
ck_40780fc0f8d6f309,0.03167374389931497
ck_9083ca9fec2a7f4c,0.006562937767242185
ck_62081bc35aa59931,0.0096379242629586
ck_2e1b46c5fc56b863,0.17464673065157651
ck_3d139692c51b604a,0.05907615295378764
ck_b5e54e22e3d6960a,0.005076726854256308
ck_c0c4be3f44311b04,0.0036474295897208943
ck_82a8bdd2692c2a5e,0.0014033848285512362
ck_bdd2da300b530c5a,0.014014612489288931
ck_ee40498cd97183d3,0.009864764237305989
ck_70b9274473bd6dfe,0.003190029328831845
ck_473d6314ea614b29,0.008832433618787933
ck_7443d6dca8cd1352,0.004773537129017898
ck_3b49768b448b071e,0.019860423539758646
ck_b43f04431c267dea,0.002872741795122054
ck_4424a5223ba2fe00,0.0654310620365742
ck_819bf3e8231f4081,0.022976951079960475
ck_91d417507a8c58cb,0.08764515774779472
ck_e88e86b19cada4aa,0.013524935316227242
ck_59684167f9c6bf4c,0.05674705511753735
ck_d5f5b0dc97b9dc27,0.007957528221010786
ck_13d1b192bbff8f32,0.02833399862552954
ck_b21d8630387cabce,0.029622266408456138
ck_e4ac22046699b99f,0.009826373157630916
ck_74b848064f2ff45d,0.011271556372374661
ck_166aa980cc87fa77,0.1917585491201772
ck_98e337806104dd88,0.004093714077785575
ck_66eb09be007f0755,0.010319012202753832
ck_3ec9b9d8dd7be11c,0.0366440464093941
ck_8b8b9de339d75d0b,0.051470189622944855
ck_6715139e240007d9,0.007513529610396849
ck_a0255ab46e122d2f,0.003272456894646263
ck_66e81a4190c33510,0.019545679060527017
ck_5d75ea4f5c9080bc,0.4025561161421207
ck_df69858b8a8b3165,0.004607816936929663
ck_e15252ebd7553422,0.0012693712876783794
ck_34d6d74bb3ed11e5,0.004772570567035406
ck_c2608f78f6851d10,0.08219258234278251
ck_bb99071e8f58c8a4,0.7095027944183813
ck_06010f0df5b7cef8,0.050031438694284315
ck_8c582eb0f6c0148c,0.012767027789373126
ck_0034d010d28aea78,0.014604052532653957
ck_01c1f06692566ca1,0.020371945214894185
ck_4807726e797fb893,0.048602220350408176
ck_edc9668282e3c8cb,0.03253117965230259
ck_5486768475af7bb5,0.7683510701124451
ck_3fb9813849e51837,0.10418516327795808
ck_861af5a9a9a6d619,0.005154480016598801
ck_da39653add0f1109,0.006309827005132305
ck_74a4244eb1f162e4,0.000986152638812426
ck_9a930faade55b8ea,0.007313584353355937
ck_fb6e06ca88519dcd,0.030059000819750496
ck_9776cd8263a9f415,0.00784490943439869
ck_b3dd1198ac5aea73,0.024563919542034438
ck_b6675a04df1a4276,0.004611932941490487
ck_5c7ad6e731b69333,0.22006507138980136
ck_28dc0fdbaec00580,0.21467999775118626
ck_8e7a32f7e3905f4e,0.028355898093360372
ck_8563fed6674afc77,0.02000948733560232
ck_9a2fcccb82da663e,0.028356351541984966
ck_6a519bdac0d94527,0.0020365070033676286
ck_a0dab7aa9c4a39a9,0.004999500467605014
ck_a3ce05e9e5e32142,0.019172405652100797
ck_7a7e40ee3f97c035,0.05556126270434093
ck_9e9a830785112a73,0.015678256068103195
ck_ab1bb02f6b189304,0.25215613829031924
ck_7b8cb0f90fbdc8c6,0.01894487035519152
ck_b138fc249e659e60,0.009743400409863382
ck_e73caa3771ec5e0f,0.0070023555445706785
ck_18a55b06ccccd88b,0.02325593002061723
ck_fdcb1d9265d8fec1,0.04927788478406097
ck_e21a900556b382ad,0.009674510181188563
ck_c6bf67470f526771,0.024451703711003525
ck_b568ba3837afb39a,0.0032299158893774236
ck_a2858979dd5645ef,0.004942733117351757
ck_1da9d40837ebaa57,0.02547404147527306
ck_9341c7959543c542,0.004311519384841644
ck_c8ad86806b9a2369,0.07475858545773469
ck_5c85d93ecfed4b0e,0.00499946939301037
ck_f07b09879d697b82,0.002973489980091053
ck_fe43da07608b1749,0.015487008097408498
ck_4bca22b5926b9c28,0.0037750926355940534
ck_aba573aa942b1d41,0.003958423881787147
ck_57c14e32fa4683bf,0.003936772652199683
ck_891530b489ce402b,0.004430588537910245
ck_5e74fdadb93ff293,0.04545024565322216
ck_14436a409ebcc90f,0.04758381578492303
ck_00013fdfa0bd37dd,0.004649346691702566
ck_7dbe24ba01316775,0.022320841587511527
ck_0e3f80c1553c591b,0.00779441988100227
ck_3edc45db58760d76,0.009994745390038553
ck_29076a13f539187a,0.15314266942668256
ck_b1e81b58b9a545ce,0.07691150228163984
ck_3f8571d4f7420b2a,0.10215990525227774
ck_7dff6abe4bd644dd,0.17881759089979932
ck_2884bab237af16b7,0.008692131390567693
ck_231e6dd1fe708000,0.01012693282250734
ck_33ecaa7b892e73df,0.009660776508042408
ck_b109ec4c63503030,0.019381652988167686
ck_a7f522382509cef1,0.0026883597180377716
ck_748b3ea941d8b3b9,0.004336645070495153
ck_29f3a1737a2d9634,0.018912457254984652
ck_cee8d42475a0f020,0.003848765900977269
ck_c6b6ebe145a8ffab,0.003287257497578829
ck_21c99e1d6b881894,0.0018208247592271434
ck_5ad798286384484e,0.040050856613797724
ck_b621b6ffcc7f4848,0.002369858855376872
ck_ea819e337233475c,0.36220591206377145
ck_9e3896c2668ce06b,0.12917474065260234
ck_501dcf1ead036d2b,0.013181978705732306
ck_8d5eda29a2cffa3c,0.036511592509717285
ck_4d3aa36ff83f1132,0.40696167609853673
ck_8e9faf94e3e6c757,0.0016540848968731921
ck_ce0ec41f96951048,0.014098244801057496
ck_f09165d73ee903b1,0.011869304504130382
ck_a432b1bf1d3b3d5e,0.4446117250077856
ck_ea618f720ff0b4b0,0.005907336770020504
ck_7584e7bd755cb28a,0.012081250703227561
ck_e14681aad43e1a72,0.02352925572649803
ck_5e18870d8e30e379,0.09074812169367197
ck_ff7c26a62bda8089,0.0036341452446244527
ck_cc5a35175d381d5a,0.008303605872332802
ck_3c25029e40aa8a84,0.007297849244634019
ck_771247b5bc16c12a,0.009209670561282255
ck_664b5e02759f985a,0.005479829883880363
ck_692a9e8f504b9762,0.0005658877185098832
ck_df8ad2deb0a4ffed,0.020663748983468035
ck_eb48c0bcd12ea654,0.022633177679757605
ck_7c77e597c951cdad,0.027298672022320416
ck_4f75144c6f3b13ad,0.014771918022735323
ck_1bcff399166d7c43,0.01662798495491816
ck_975c2aa3d4a8c51a,0.010571199851588917
ck_bc6f07b06aaa4ce3,0.07275901336021166
ck_80b072b7f3c7e8e5,0.008978091526791599
ck_471e4018a23b4e56,0.005266351210021901
ck_53cddfba570b4a3b,0.027380408942841883
ck_630530e50764f229,0.016392696314956552
ck_dcef7887a4f1e435,0.03996663063370155
ck_2795921a055643f6,0.024451197593555477
ck_7456df89f3792235,0.0024208262380485115
ck_5014a3b07e1f049f,0.17552894241813002
ck_d4ec44760cbe03f4,0.019771342561814453
ck_96810ad39d4cb7b0,0.04339001523454616
ck_3222ea25aa29bfa6,0.004739664602299589
ck_f6c42001b84a10cb,0.17724677241780787
ck_5ac86682385c86b8,0.01864464330631647
ck_4280c33af57eb4f4,0.0019902903405791287
ck_05f79ddd8eefaa56,0.016455035517648042
ck_3a57a13ce032a6fe,0.009096160095490975
ck_a721f0d635fad68a,0.011937466067366849
ck_a3f821bdf408c326,0.008079702736030115
ck_0ada63008be5685a,0.03296704241453139
ck_8c949bdc6e8720fa,0.1480078977284338
ck_c0d2c56f9c722e99,0.9632531963338227
ck_5d2b9e6e087b8dfc,0.9911764198484331
ck_5217b55593a332ca,0.07185010547522815
ck_7a7bb9be5a7e48ad,0.015216443908557762
ck_24cd0d779e866287,0.008748285306270153
ck_7367917891a63771,0.0363725903740845
ck_4b31a8862a857e6e,0.5891657643702738
ck_81429c4910ca46cd,0.005501235898416588
ck_b35d803568f82d9a,0.05504356142438498
ck_4b00e75c2d2d0522,0.0024529622021304625
ck_77fced07f6dff42b,0.01169813710856
ck_3c9a06eb07c300e4,0.0028864365044286916
ck_b3867f7f494db64c,0.00596325329627701
ck_0c45e54897ab34e2,0.08196307161060284
ck_507a6a580ab55c76,0.016718362387411378
ck_291bffc7809f896a,0.0025265827818843857
ck_3753cc5b9d02e2fd,0.0035634577048696183
ck_4f63d5245b3ac1dd,0.023575392123814952
ck_9dfb2ae78659240a,0.015981123313319145
ck_90f6f5ced708aa75,0.0027838876847823485
ck_8b5b5a6b5539e39b,0.7161206644978991
ck_4719112b55d20161,0.040102125005134825
ck_fec888a7108ca52d,0.9953876339923962
ck_4f5d022c99f118b7,0.020870405678558857
ck_e967ff05514b697b,0.05288661879640665
ck_839ce35819bfa4fc,0.0025267530725721116
ck_bdee1221b9addff8,0.0091963692701611
ck_9cde4036d0914427,0.010760345823516848
ck_5ac959cbcc5e98f3,0.0025791635552588296
ck_619842688294dabc,0.014111430984891756
ck_7373d7b04c7799bd,0.03149184072837294
ck_c1dd3feb9a0b6471,0.02781087057329528
ck_0324a4812ec319c6,0.03473414074439668
ck_7f3685aa2933b251,0.10736032184501536
ck_06aee5a62a67a84c,0.028329043470766528
ck_3428910b44b9d08f,0.012630422729351453
ck_c3ba7534cefc1de8,0.05778557795352867
ck_1f1273a67cbad5e5,0.4878811109397342
ck_124565a11b2f8bb8,0.013850576085120215
ck_38e46bc861e0165b,0.008999043198141873
ck_c8ad3f01319c065e,0.047287224982392274
ck_3f94a34f5038f7c1,0.6945401947315208
ck_cee56be5a502fbd1,0.15080159659728123
ck_2b90b76cf4d162f9,0.006343858707122233
ck_884b2e463ff1d54f,0.008065680958753013
ck_fab4f2f8531b4827,0.06470945995306991
ck_4fc6256e0e60a926,0.00712248258397096
ck_0a2f8b2f8a5b6f02,0.03506995761971891
ck_9c0deab8a8367c5e,0.0013729875094814054
ck_d3a2a4c011fa2554,0.00461141668242012
ck_4108b4038f762817,0.35011398871784394
ck_4df036e2aa7e1056,0.005770383559315744
ck_ec094eb1cbb3efc5,0.0019122558809488573
ck_09f8f51bfd2492c6,0.018012115988977298
ck_b60fb9a10d6f4489,0.05272976413674904
ck_3638bc3388dbc1bc,0.20984412020508852
ck_7a58e0cc9943c39a,0.0029482927198813853
ck_37dab6a0a536ed49,0.058272553070086774
ck_adc576690df5b33b,0.01983402369260568
ck_1383b2b1875000f2,0.035533184939962444
ck_43c1248db37a2eb0,0.01052414160316361
ck_29c11bd68858e923,0.002171227860951194
ck_9401f9e11f65337d,0.01898391933625422
ck_ce5ed372b1a2ed6b,0.012530492812599148
ck_08b4619490e751a8,0.9746742026893727
ck_44b9125526acb05d,0.036836420050052825
ck_ef1a1de20d2124cb,0.058771135705055426
ck_e5e2624b7fc89774,0.06879330735089685
ck_f5100511609b92c0,0.0010294170651943511
ck_64f3bb17101b7c42,0.027515087494486046
ck_ea1e5b5128ecba2c,0.0035347959217190794
ck_516163fcf04d5e77,0.014564335400623107
ck_7f9a748110d70005,0.011968125072014137
ck_d263b55f0a681cce,0.012705969826083841
ck_0e962eacf98a813e,0.009273505837712052
ck_0406931800e0e2e6,0.00366947748182723
ck_0e9b982afc88a3a9,0.9921583181411765
ck_8bbb625384edebd7,0.002177367710146161
ck_5eaeb87bf6207406,0.8955804353385082
ck_cc3318839c4b0745,0.005158235185193935
ck_08a0355d1f1890ef,0.0038519415258226742
ck_af7ffd1a822460d3,0.19087184070868435
ck_2a09c7aa870edb6b,0.002689709482997556
ck_bc04f51c23290bcc,0.018246761963685486
ck_d3a8333cb389f4c6,0.016012212070186244
ck_88e3dd3039508332,0.011521517678325167
ck_b8c7771de9b57705,0.00634108981563851
ck_585ababa02383b50,0.006370885913392508
ck_e988c108754cee9c,0.015985880947381768
ck_4a691892d9d6cf89,0.015161958352701543
ck_7cdce37d895eefb8,0.010807052810201561
ck_483fb981a1fb4317,0.0071161487014488435
ck_c1e5182bd99e0e35,0.1554458255414547
ck_9a1e3ec9a1839939,0.017894233802220362
ck_5c3f13de0dbd5086,0.03317311519760041
ck_f4f6f0caaab70040,0.005868474407616568
ck_791be3378dd7d64c,0.014293146760990886
ck_956dd784525f5886,0.17410760333581365
ck_098167eaf124c279,0.06600824994467468
ck_33ecff7914349ebc,0.036963721227629115
ck_e05d44e46c7174e6,0.0286215844314946
ck_1b2ce474fa6582b4,0.02682780694822008
ck_ab581082e8f72e3d,0.007404206343791877
ck_e63256667aa19070,0.04611043923197724
ck_f568772b6cb3febe,0.019732939832918305
ck_dd89a282375bbab6,0.15025908057998422
ck_a39d0bca345b492d,0.003451464566073176
ck_d12d2924d0f7a64a,0.008960162133657176
ck_6a548da1728b5823,0.9635377338176536
ck_6d64193681d2a94f,0.02603702708659309
ck_ced6b6dcdc7c201a,0.011299214875753345
ck_d1b0699d26282871,0.04132632225231794
ck_58f757e40a9b8877,0.022179513438710063
ck_3272c2c4a37d5220,0.3214280225949162
ck_d94dfde9e03c9d1a,0.026051132613962615
ck_08a6d4903a7fbaca,0.01157864629151106
ck_6c72a36b05fa0f4c,0.0781478603817472
ck_dbb4bd4eda97255d,0.02429849032397614
ck_94b59bbc824b307a,0.0015113060301638773
ck_0229a07185f15469,0.013883938810271916
ck_11bf1039f8b3025b,0.03304996436687402
ck_36789ca11459131e,0.039908456021463624
ck_8572c5f5c1447c62,0.016604318885913478
ck_9e75c6641939f4fc,0.06855781879474873
ck_b45e47c39d4dc7bf,0.005000497828124626
ck_02903c48b6cfd65d,0.00370554790528178
ck_b153386f1729de81,0.013313566619816754
ck_36979996f33498f7,0.3512861513577179
ck_3c02d4dbbf6716b6,0.010158411116345111
ck_66c9a19963957531,0.05599442259923789
ck_bae8dae7cfd8baba,0.0016511394900511516
ck_bba0ccc6cd968680,0.017002615092996203
ck_3267fe3aac05c71e,0.010882864117966764
ck_40052cac10562cde,0.007719417852161244
ck_d973444855403e2a,0.017711831584954336
ck_012519bb095ad36b,0.9818331556661154
ck_ad7c256ea10c4a00,0.1006449180287368
ck_70a60e095e9b706f,0.002609686274512137
ck_f2734417c0db4ee3,0.008324465232289947
ck_9cb89cc3178e0172,0.02718387185332759
ck_779cc0f2de4d5488,0.09107768175502585
ck_35f8656bf93e3b3d,0.03842200735120252
ck_bdd8eba728800e29,0.05636868908565458
ck_002cf760d173f0f8,0.046772283846605756
ck_b046067c6ca3831e,0.007638119346529972
ck_a4a42d4bff8af645,0.008145970928420142
ck_bce253d2396681a1,0.021312975423683277
ck_00dafc060c8de32a,0.07118866319400077
ck_968a99e097ee78c9,0.029480480032282708
ck_66949171b387bb93,0.015321476843013793
ck_ad305286702b1958,0.0031432610040362493
ck_4732da7e0d2dfc7c,0.009883024147571386
ck_17a95bba77217d85,0.027751503724753015
ck_3e2516a3e35067e0,0.0065323072679969625
ck_0b615ed566da1f58,0.043014825265014454
ck_d2b3ce1ebabe9f93,0.02623441843016337
ck_a892252e4e0c2828,0.010280044227779051
ck_cf606fd6ebfdf9bc,0.0016061212041517433
ck_718865237134ebe8,0.010025823676147794
ck_878522cb775b904c,0.10457901867727447
ck_9ed53de6ef779ae0,0.00496469251969572
ck_3f16e2cd7e6874cc,0.03405243910581203
ck_3c59df37895ead2d,0.010417228551094162
ck_6821459b626d492c,0.0018016205268637348
ck_11c7667920541587,0.009526841401427516
ck_23a016cf6b98d89c,0.03000405357680411
ck_7137eeb394d200f1,0.14057890825309202
ck_9c4886c5c90ddbdc,0.007849918563153658
ck_1422a7bf7756294d,0.9346109120476497
ck_7ebc5fa7f0d3b8f2,0.04246673679989448
ck_fcc2059a8d5c41fa,0.10220559985159167
ck_00ff7389d6a83e29,0.09417780924205636
ck_03129b41457795d2,0.06661670535796035
ck_38ba64efa7c38250,0.010303422366077758
ck_57a6b56b09bff24e,0.00872356064774522
ck_e3b3c5a80a567418,0.0044817567986985924
ck_fc40a16adfced018,0.008739820872365078
ck_9d4b5e6b43bad4d8,0.0046196169125135
ck_61129937ee466b49,0.034204298277412615
ck_74112e47b8629c2a,0.03889312318031961
ck_b4703ee97f94d7fb,0.0014140056957144583
ck_e560f720a988d8a2,0.8072333465319016
ck_708fea345f68037e,0.009644913903558332
ck_25394c1b83e0b803,0.036493883045684995
ck_17ab24fe914ae44b,0.0035320564338869645
ck_16c501470d9bb006,0.0046954602348209685
ck_628f449e248c19b7,0.01858704322643343
ck_6d64190623dea714,0.006885845136103304
ck_504a45ee08db72b6,0.014265785013332125
ck_6cbb011e0c70bc7c,0.010271188897416598
ck_b3225a98acd04f83,0.008960974930558226
ck_aa37993f1c17cd1e,0.05283051316791642
ck_558cfe5f77a55a9d,0.018891273512513546
ck_0d0a1a021efea5b6,0.03049143075932915
ck_daf7aea023b7a8f6,0.047084410387856115
ck_d75f25184ece2b51,0.005608871413329243
ck_466d4b5366c50b98,0.0020219522859879647
ck_88f27ab479063852,0.04159122574992718
ck_66779098e78c1760,0.007454384461742403
ck_b150fe4efb449b05,0.004786828705488793
ck_9c3aa9f23d01fa1c,0.011109291935455772
ck_6a01c375fc26705a,0.0027858106331655748
ck_002eb6552b504ea1,0.01013659865450109
ck_affa5aa0bff9bb0c,0.015265189410494642
ck_027614eeba8b1a4b,0.011115155930148269
ck_67e075c982add719,0.00973685854201065
ck_399b0d510be98bd2,0.014388273199426729
ck_e9b0bca7368555ef,0.002735021131000952
ck_59c29d9c57b4f994,0.030785310717749006
ck_37176850ed68831e,0.009366773511887755
ck_a0db4ccca08030c3,0.6220842860969873
ck_aa188e5c25f7f42a,0.05029970320625248
ck_7de6997178207800,0.0017182538344671493
ck_c729d19053387be9,0.10020228078599498
ck_f2d3e3d90608596d,0.42390703828743015
ck_2db3fb565e0211ee,0.010546965321519408
ck_bed8a480e27e911e,0.016442290756364247
ck_d7ad9921a4d25926,0.037804733241667575
ck_2a59f23fc5194699,0.09407960086068941
ck_63601a58a6120d8a,0.04614711579461517
ck_efd7b9e22c6317d6,0.01928511769889128
ck_9ab42875a0f95b43,0.0431925725366422
ck_85cb5033fca7c846,0.056407665600033054
ck_5249b223000915ec,0.021063844950333387
ck_3efb0e9bf25612c7,0.005936274589273502
ck_678e74532ac19700,0.10761220277524887
ck_a980b296c95153f9,0.030212811500621547
ck_01ac687ce0d696a7,0.014203757342067023
ck_52e1418cf1aa9871,0.016220755269379442
ck_7d28da4f1dab09ee,0.06945460404837438
ck_010d0c2e6c1657fd,0.09347646556037034
ck_b524f7a2e752b9d0,0.015792952543670597
ck_cc447fcc24a0772b,0.1415471076078842
ck_2cb3c99845e572da,0.0059813354009603
ck_604c710141327a81,0.013081694204810078
ck_8d5fa65717d2e0c6,0.04754116227249734
ck_31199510b40602a1,0.01721914334168444
ck_49e253ea12f4e922,0.1846630101113632
ck_780738e0d71e7e43,0.009030001544375867
ck_2cd21137a07fdd7d,0.0025442357586641833
ck_5e021f2a3b66e256,0.054194511118611545
ck_efbc79246e32c66a,0.03660837340262328
ck_9951bd806c13c7fd,0.060515883560105455
ck_7a52674e2806d8f5,0.0308968912398051
ck_1a319e509f1efa1a,0.00451799183546299
ck_c920901b9a4ba993,0.7894074946530215
ck_b71279e807d0b3a7,0.02832005655689964
ck_47e1032f490bb018,0.018814707850040642
ck_192579ecdca7ff83,0.015821414889749176
ck_b1496c474c4a3239,0.0013715175004388209
ck_5e68ea2c5e893cf0,0.030056129280254588
ck_f2ecab85d4693b4e,0.10679765647006373
ck_89d7bfc81c3df597,0.029486166775043163
ck_7929284327667791,0.10861949664824982
ck_494ec63c5ce8e150,0.006566373828394379
ck_319b059bb2145586,0.02721185141676985
ck_ccb3767c239018c1,0.0036483987969397605
ck_a1c7adfe26e09a8c,0.02940500344718683
ck_0e13c4f73818149b,0.040956229924844725
ck_c285a51ed6214f52,0.014767221192099538
ck_916784595f028226,0.11328866433283488
ck_6cd8e0196365c474,0.010272117186177158
ck_57b657aba4daffde,0.024962132739962426
ck_562c76a3753fc7da,0.4363829356023018
ck_66cfc1ebc9a513c8,0.011441127565095606
ck_0f38d4aed68d7d24,0.05169001806056091
ck_d8ddf5e99f7859e4,0.025082207150642275
ck_41bc3efa0fca700e,0.02039381282378914
ck_40799e129fcf42c5,0.07483211794334432
ck_786f079389126e44,0.04708058114152503
ck_bb4c6b713eb0b978,0.04278453647360373
ck_4f01f7eac0efaba5,0.013547641085370953
ck_47d29c01b20cf69f,0.010626451151753813
ck_bf15a1f8d67a30d3,0.01887509654794425
ck_bfecad7586f65e4d,0.04686391147311009
ck_fc9f16df35190eb4,0.28259961501753195
ck_c09c914e416edd08,0.034935821911975515
ck_c54c5d8e4433b0f2,0.005093947075529806
ck_1694c28f44480e98,0.014677123287023097
ck_1dcaa3078dbb7571,0.0017312465547608745
ck_af559f990c640e41,0.014672016930089354
ck_9b436162039a77d0,0.05582640424971474
ck_79d62ef181bd0cd8,0.023227566261995902
ck_23caafc2cd34242c,0.006290505150909829
ck_ffe2aa26f597e552,0.014115783027691757
ck_e6ffd0754ac08661,0.0017911791572073573
ck_beaacb4a783db21f,0.003472147767993635
ck_9863bff41d24ce9b,0.02465644643376602
ck_323b9cc5c49f8ea0,0.5480363489131717
ck_ab3de3d3e41c2082,0.004273269324996216
ck_35c93b2924900376,0.006473448525196279
ck_5a9d5f9901e37e31,0.0222779322187054
ck_782b0be796164335,0.004046968851689363
ck_11960b5f1c7a5e2c,0.00922968461715501
ck_9a66cb13a9884cc2,0.015137552788663182
ck_ba666a425930615a,0.005074883852979322
ck_40140bef4db73741,0.006419734706422058
ck_e05e91cc180063d4,0.20439944497808674
ck_c7f6f45710bc050f,0.003440981036242096
ck_055fb9f2e1c8c934,0.0545905373341763
ck_58bb02d98e2b9cd5,0.02638022982255331
ck_d9f8efa6a7800f76,0.009463061832327806
ck_69691226c68fd50b,0.3032897051661814
ck_6f2f0396e5b1c538,0.8950116135470683
ck_78bc3f1d0f35ea6c,0.018593041836117038
ck_2d5a6b6636a2596b,0.004917676105328377
ck_7878545739af0a73,0.00246474761538921
ck_03c4fa4f3ed3512e,0.006699997360331267
ck_1a9e51d092d62c84,0.22385149920970612
ck_9f3861940d8d873c,0.05814199424597893
ck_4684fdd61c6a0fac,0.012682240648254977
ck_715966f86d5c913d,0.005494104562055888
ck_77f293d44b4a3d2e,0.04376810072918553
ck_24dae044dc05f849,0.038846966985882456
ck_00b9818e2064405e,0.10891302966774076
ck_c1c2cb49c3c1b0f5,0.2671016509072281
ck_bed50fc64fbbf8ec,0.023634679656843665
ck_4f6ed5ea5ab7c429,0.008205637929588646
ck_458531c22ec2f9b3,0.017575942879834126
ck_51c50c4c443df31a,0.5891362350515006
ck_732d45bd578dc39d,0.016803617158989773
ck_783fe5bc20cd02db,0.0615563300397576
ck_7f188aaa63d1d442,0.026823097394837594
ck_ef307a6aee38d1fe,0.865587597316002
ck_e37196b20968b73c,0.03544291247376334
ck_4ef9de711c3d93b1,0.02605091561583923
ck_17946516d5df71d7,0.012224957845794675
ck_3534be0f4efd313c,0.10399765241189336
ck_29fbabf855cabdff,0.004201761953555738
ck_191673540d8486af,0.031337599189651136
ck_5f52728d777ff2c5,0.016728006102783157
ck_a045a19369016818,0.9898127945725151
ck_4eadbe7298b15e96,0.01918905099498933
ck_a3a0bd59729fe619,0.008212934069592915
ck_a1e77090b1c6ccf4,0.007166656725683369
ck_69ab9d4784eb77bd,0.02068902225307177
ck_baa47383ffd50f04,0.011769078880170042
ck_e35b2ed08b9e55a7,0.009348988224590342
ck_b6e3af0a5119d9a0,0.11759195645339414
ck_a7c1dabf3869772f,0.11429903454506035
ck_80b8fca67a14e0be,0.22376318606482215
ck_dd9c5f0c42878e67,0.008240777324358135
ck_41ef7967faf5ce82,0.0023062662560567595
ck_a93560aa348d6225,0.045119335502568025
ck_ffe91d6f0bd93fc6,0.05651030925066694
ck_fbf630c960194033,0.021437157515732722
ck_497ed60723283c0b,0.02384159029656602
ck_2a46b7ca55239413,0.007524703850736928
ck_1a4e5ace078dd782,0.03555582764804351
ck_616cc31910f5de50,0.003721471787080262
ck_0d65bc749eb42710,0.04242222267691256
ck_2408db62e4395ccd,0.024359495867008727
ck_5d7721930106dce8,0.049108040549739405
ck_e8a6acea22b20312,0.1755906998243995
ck_e2f792fae128b18e,0.1566912609149756
ck_e6d3ce445b86003f,0.003997643494733915
ck_263334d722ecbc97,0.2588764727087994
ck_8c5b29f6666d4874,0.01583466083884202
ck_7ea0bf310fc20c7b,0.9276898876252919
ck_54d463f7fd89ec3d,0.07238912710475989
ck_79e45040dbdd6447,0.03548357026816452
ck_60b4d59953505682,0.527291068309702
ck_fb00dd5021642507,0.046846332892510736
ck_f409ff994a210601,0.02523803094684046
ck_2ca0020038bfec58,0.20638423199202607
ck_adf84b9df54c3d80,0.032947216501663386
ck_942dbf632591b65d,0.03766027369977469
ck_454a7e4d859a3409,0.0019987584877039647
ck_2139062d4569aa07,0.0067041143473018415
ck_e949a0f4df0b3902,0.07254378541584118
ck_bb113e3e6716ed65,0.0115749343585779
ck_6a28ea6ce69cb869,0.09141384697409599
ck_7df9910af2bba21b,0.012836385122225704
ck_78aa4b731cbfe251,0.0073191916248947966
ck_5839f5cbd8165b1e,0.01640338601374611
ck_7158ad9e58769ffa,0.10738167363028055
ck_acee218cbe61df69,0.021122164250820714
ck_f8dc8473c2772729,0.04618645105829562
ck_f34c93a8173555b1,0.06682174569877737
ck_7cf301d075e4e709,0.022521908195606313
ck_b87e88ee5512ea17,0.0045809919480877224
ck_bed0c020b10afa3b,0.009388078576463363
ck_ca10102961f99eb4,0.004052296824881757
ck_393287947b5c8d79,0.020357768619086704
ck_2fe6cac002142f67,0.038020661056951795
ck_79c7f0d29b1db1cd,0.07627435887564217
ck_c735b643d3cbf67b,0.012373692807447998
ck_ea4332c8fe48e2a3,0.007082358705481298
ck_d39864119cdd460f,0.006441066818036054
ck_3b963d6be2773861,0.005500258916955125
ck_df39e3b8a9fd0bfd,0.49157796355126004
ck_6236a461dc0d11a3,0.00286734344391366
ck_475ebccca25e30d1,0.0637141924393686
ck_c10c8bcf5bcd516e,0.053049862879635964
ck_49ccc3716a564256,0.0031413552905951827
ck_4e4f99102f6938cf,0.009004491199076778
ck_a97b481ade6f7972,0.048812134762267756
ck_3fa559c679751b3a,0.021226189020305406
ck_3eba1fd2c7acc4c0,0.11746573934501821
ck_18c179b4afc4fccc,0.03877830106753777
ck_cc1c0b93d05b7d20,0.06830297464798202
ck_742f7c28ddd019e8,0.12102145061982374
ck_04470bc93b8a0d71,0.008281665430044749
ck_6e8f8ef7a03cc6bf,0.023352847307292365
ck_eb1ddfc353b4da83,0.004551074939257797
ck_98831b57c7ca2e4f,0.0017598030598844998
ck_a6c7b8d6e8596d4f,0.1016284343719503
ck_cd7d24e3b095e96e,0.1318906129751448
ck_3f5ae4673a9f858e,0.008061409646940017
ck_05f375fc8ae0afb0,0.031126068396342077
ck_1fc98436281ee39e,0.004863210439525924
ck_6c48c58678f64bae,0.0018963582978688384
ck_8c95aeec6a4c75b0,0.0031879956188398946
ck_364cde38958b7af3,0.1261515491790854
ck_85bf21aa1a00452f,0.014442824324747035
ck_796d3eaabc667c23,0.9911516240158166
ck_ac449ee0c315edde,0.0047074089290732165
ck_6f9fd15ac6b163de,0.003206959987584183
ck_4087065be2a45ad7,0.24158806502993885
ck_ecf006bbc78ee3eb,0.09046039292382185
ck_8ca808cc5a49cb5c,0.09844209530016916
ck_94b90ab8b2dfb50f,0.018079895939598106
ck_59fd11b3232de9dc,0.936461215194042
ck_67f3794d93e2dd67,0.28443584110566744
ck_b7f5acf5df1bb13e,0.006771622565490857
ck_fb04ecbaebb774bd,0.02690726316100419
ck_68ef3e7301c621b7,0.031135141499409484
ck_41406cfa209b6bda,0.00441875634388211
ck_b0f8f5408662337b,0.0064894606241720125
ck_0d2901bfe585c391,0.08191986293983188
ck_3398551e81dbf3db,0.04747579106516677
ck_61c3e3e277629646,0.01830542333167885
ck_2825e34dd3e7ea2a,0.011268476226993762
ck_20d7571ba830009d,0.012789155639511924
ck_c98b16f9a72a6568,0.001871340919523811
ck_e7c8a9e4641eb9ed,0.0017942974599791082
ck_254a7c97c36dab8d,0.04445940591138176
ck_e98429675b46272b,0.009372636073313146
ck_c2fc0ac460786d02,0.035519416731756015
ck_fba15647b3a140d9,0.015128480882389068
ck_15ce50f2704227be,0.01293659450165131
ck_8c748aaa4a4554f9,0.027580517061257474
ck_e00e82a9419ff086,0.10149067523245077
ck_832341c98254bd84,0.029528680764595177
ck_27466468d06db4eb,0.0479746953043727
ck_9d7b9e3ff1f3e71e,0.01170789302798964
ck_42c6973d3a6fe983,0.0023747596632504994
ck_877c85bad118bc62,0.09676602868786138
ck_75d2a2715259c4d7,0.02564728463645526
ck_37d3e5c681a2214d,0.16483965742391724
ck_bf285dd49f372de4,0.01821268503824679
ck_a5bdd026fa9c50fd,0.014506259667177288
ck_88d9244a9cf7a77e,0.4810873354383269
ck_5881b174e49b04ee,0.006006729331428489
ck_5b16d67c5ea89930,0.02046272335765631
ck_b75b936aafac56b9,0.009056404611625688
ck_aed2681e1646a0df,0.019203294499346796
ck_f63cb5e8cc702bad,0.009701759403436186
ck_1805fcfc4a9e4ffa,0.9351636415970318
ck_25c355da356c730d,0.018402955284990013
ck_70396398e4a96449,0.0031200115311067556
ck_0f743bd13373748e,0.022681906415663068
ck_4b387765f0e916cd,0.0019318690512974176
ck_e971faae8a10a260,0.013381389864359963
ck_9eb08369e983abfa,0.0018789523475268236
ck_c30c5844512e429f,0.03497738464614541
ck_59e77e3a81f1fa0d,0.06858441679005368
ck_ca4465f2b5c1a52e,0.9281747874145124
ck_c89b9ca398402f1e,0.002994132144957857
ck_36e72ef9273e7a95,0.012274597319291588
ck_2bdd8616870e5e1c,0.006449843730989753
ck_216e87a41de22b5d,0.09000259083687166
ck_60f4fb44f5efe3a0,0.003018296482066331
ck_05652e8ace6ce6cb,0.0024362560980211697
ck_8c136dc691e65695,0.0010765852407206016
ck_a08f8dfadbdca112,0.004830368653362243
ck_bda4041a3e90d860,0.008359685818819663
ck_15dd3ecaa8ce0245,0.4320490963123042
ck_3e3c64b3b7876ce6,0.05536081035245233
ck_46225858a38b2e57,0.012952173308126319
ck_0cb9f54928f4feee,0.030129952819816272
ck_152671fbf8a9a78e,0.02139760889431717
ck_ee7a515e87d17d4e,0.020505568607476866
ck_f7276091bf513d22,0.001380205494259063
ck_4f05daf1cf0d5755,0.0022870436050009446
ck_83a69c4a5d55ef19,0.044500154245599985
ck_c50fed2a7c9198c0,0.01562540879381572
ck_70d19d5650ddc8f5,0.020405565145649066
ck_4b4d99e443618904,0.01933839969312044
ck_dca0b6ca93311ca2,0.034745080764184394
ck_b7431d4706461ec6,0.015715589876754785
ck_7b59d22cadef3b05,0.15239452030782444
ck_53428573abcd606f,0.019123676857658
ck_f538ab6aecf2adfd,0.0012580807086647564
ck_d321249fb065d2fa,0.03928677367147667
ck_72fdfc7e6d8e1436,0.0026698580037984687
ck_b52b99dad89ecdfb,0.025276469495013533
ck_d2d4282f9d256b3e,0.005457706689164803
ck_c8f2a1dd8a6141a4,0.00535275753835623
ck_8d38747058d0aeea,0.4072728939119254
ck_3ac528caac74f563,0.025187627458211858
ck_8dbaaa00ad829ca9,0.02187572265554381
ck_7c38ec898f0fc21d,0.006911667973407592
ck_8171ef803f5ff604,0.030548726534800147
ck_01a750db6fc1168a,0.14054416090498048
ck_ceb017baa26e98c8,0.07398850237387498
ck_e2c66c72cc0b0f78,0.04103626550487668
ck_8d9518f64b222416,0.007225562734804395
ck_804c5a1fa5753617,0.018915392311923948
ck_fca7cc9c42695453,0.0068698063889204115
ck_3a632cdf2c19051b,0.011122057834233392
ck_b2b63ea65edf1dde,0.08562786124817971
ck_27b07021500ee841,0.03141369270383996
ck_9724718fe64c6557,0.9229643182703987
ck_2786cbc3e75ec034,0.24077863073143094
ck_d9c2622cb6df380b,0.016745027172235288
ck_ae1da8ee98e402a4,0.03173581437133841
ck_62967b91504149f9,0.007293262608006317
ck_6b255bf68709109a,0.008871941903990634
ck_c55afc68421d85e2,0.026483295422254065
ck_7c7266f6ef2a8466,0.047282085459324594
ck_885cf685a9541190,0.6069456168357482
ck_1a4bb7d3d2ee3227,0.012493634212775353
ck_b4911c42f3bff740,0.0015700737068038934
ck_66f9f78d4c6a3edb,0.06086373623636057
ck_49bdba9ee1899dfe,0.039901178661226576
ck_79b235d51718435d,0.02237286830178819
ck_d840db8cfe2ef6f1,0.0038335873912560565
ck_610c7bcc1cd7ecb0,0.03242076213873576
ck_cf49b6544aff6c50,0.4527833451657807
ck_de05f97c3d40dd1b,0.08574363064863466
ck_0302f67d75973dce,0.017567372401118806
ck_54c2604c9ca6256b,0.019133235246641213
ck_a1c88c0568f142d0,0.05464164481741964
ck_5d72ff6cc2963d1a,0.008291795030102977
ck_0446920a1004c596,0.0030563436011228407
ck_71044c29ef071570,0.016307551839312935
ck_2122e9bb1afffef7,0.009780112868220166
ck_d1e3de178601d3c2,0.02859884146777476
ck_bec8324a3587ef04,0.005464465040391849
ck_b616b6f45225f319,0.045185596994912404
ck_ce1e695884511479,0.06807732077814148
ck_a662b4bf900781e4,0.002677286904075145
ck_b5a84c5547378c10,0.0012039354706698743
ck_f80af368cfc6cb7e,0.010722211326644986
ck_da3526ab6c5c884a,0.007464231128386187
ck_bd20be9a3392d79b,0.0042918681884981874
ck_b8266dcd90cbfa62,0.0052116006930237315
ck_ac84b33304362c06,0.034644676740117265
ck_794d8935a895e33f,0.018753050559588622
ck_8fea7d915259f1be,0.0048467763590151055
ck_7a1519ad5ff45312,0.0009245641387831571
ck_9bf3ce30b65f75c7,0.03704413047626924
ck_5f864d72d1eead99,0.03544028499570085
ck_3c48e0cfc2a58041,0.3531120146946089
ck_d902183f80cc81fa,0.05552091102512389
ck_539cb0d117db8cd3,0.148442904231628
ck_28f530aec8e77130,0.053479204426882455
ck_e7d903c50d353361,0.014218415317403855
ck_d288b77d1e227970,0.0534855498056505
ck_017208fcc01b5d40,0.006986798442725902
ck_7e3923d278a5106e,0.01680054531974832
ck_9700a00ff9e66216,0.03047901292884612
ck_5c36c78b7a4d138c,0.06558720350015722
ck_c457e9c9224b773d,0.034770085011878143
ck_1dfa91405d7e66bc,0.009726431530575829
ck_f1d8a2695a575e56,0.00806666273831994
ck_3b92a46daf8d00d2,0.05413594658997691
ck_aab23b5470469649,0.04197984112460637
ck_ecdd01a391610d99,0.0055970098443738035
ck_abd3aa292f8edb4d,0.053255843557605494
ck_7fc9a0776e1339e3,0.003887639857510813
ck_c0389ebeb0e65cb8,0.00808696636880439
ck_48d0fc4f6a2109fa,0.99768291139086
ck_571dee4f3336c7ce,0.018172183678760154
ck_4cedf26628c84f26,0.120158834792397
ck_63356762d24aab81,0.018499965285291922
ck_2c5bc11bb7ae5d2c,0.9739704382332205
ck_6d26a152f900fee8,0.01055534823082629
ck_c972b0e781efed3b,0.0039448917257108775
ck_fa0ecbcf9a33d6ce,0.006317481212196769
ck_fa3a766e49dc77ae,0.010833791323157059
ck_7baf1e55db0dc558,0.022723382690194225
ck_e8bc49e6494c1f37,0.00278545870460196
ck_8ef1d05cc1e53e7e,0.02421795706520539
ck_cef2a485a77e0723,0.002708370854562676
ck_228a583f23abff48,0.02239543941257491
ck_ac32c6e374782b27,0.04685496113753684
ck_b9485218cef413f0,0.004466752465669181
ck_7f15503048915d6f,0.004979502337748984
ck_b62f5144db15ad34,0.176440676983332
ck_917d82c552f95a23,0.017037823671433902
ck_fb4797045077bc6d,0.0018263049907807653
ck_2cf8a44e041217de,0.037126791519399426
ck_b7dd681eb3d2ee38,0.0015846549606455668
ck_e9e8cacd2fa35e79,0.012026039378099228
ck_342a79f91de5d1fa,0.03288864691750183
ck_2c91f62c05685ed7,0.005221748894244656
ck_e30cb64302939f38,0.03564514861628576
ck_d0e95b90ba86da10,0.006134900555415978
ck_1774faf414a5d49d,0.43999214673931575
ck_2401e8ff89e574fd,0.6021093256958975
ck_0cd8802264e0a1ef,0.01752992157293967
ck_da84a0dfe947fd3c,0.005367353870090834
ck_c8affb27ba7fb5db,0.09119150697472046
ck_bc7ece8787ca7200,0.005338552180576511
ck_469a0578d05990c2,0.009478595126822883
ck_eef67f8dea702338,0.05672780459229011
ck_4f490e379e9ded9a,0.003800275075627017
ck_354379de065a8ff8,0.0048773826376366635
ck_5db1cb368bc41ac3,0.013717952811813375
ck_9b1c3742dd6fcb8b,0.03260630322024186
ck_63ce4f44c92d7143,0.036697606284314926
ck_e15e3390f5ed45f3,0.03728545067753855
ck_da645ea91d66aa6f,0.35233181225914534
ck_834ca727df855f07,0.0863695263060571
ck_e1d5ad20c737c745,0.063203647977944
ck_ff8059ae5fa5f1ee,0.0012132050204128103
ck_8bb9e75393954a1f,0.0026294463774279874
ck_4e1757d1347ab387,0.9707358180183616
ck_af3f74b1d75a5d95,0.006167305781977043
ck_6b1ab0742ff04c3e,0.021380294013627902
ck_f56073911c9f1ab7,0.0031351557438880715
ck_51bd5f69b4fe0b92,0.6502654580534942
ck_fc3d95030b81f416,0.0008963506802401628
ck_cf78169633a1600f,0.0015703886381649118
ck_ad7269eaa65c67f9,0.021851860583559108
ck_cc6d33890d47a6cf,0.02898838400294414
ck_bc8f31f4a2ffa1ae,0.0054750593199934154
ck_720776a46e56dfa8,0.020133947023565392
ck_e2d1f212f259539b,0.00829803791156602
ck_eaf6f7082c3db2bf,0.09315916422273436
ck_773efe58c6278c3c,0.028576700175852874
ck_c4a72c09f2fdacc4,0.015545531435877643
ck_8982888dd6611143,0.002452079433496049
ck_9d5049e195eda029,0.021867177181255807
ck_de58ef6f9fe2b546,0.016913670880618865
ck_c0b50c11e4f5adf7,0.029923094358212977
ck_ddaf228487858bb8,0.03536254813360113
ck_eb2323215ff70362,0.09572344021400737
ck_168c96a1a636ea15,0.018623648560902626
ck_9c46711b14d9eebc,0.009274689234604701
ck_de8af660806b97b5,0.0012262747082872518
ck_6ab83f45bf16eaa6,0.00644823442877961
ck_bf2228a052815840,0.006823831285159401
ck_3f943f20a9da9bff,0.013159898349282202
ck_3baae40454c00938,0.015197974665195147
ck_bc2e771a1d8d2dee,0.023332889189708078
ck_e55f5ca37f30ce8c,0.009096589915372351
ck_4ad5937bef176d89,0.004185425575540256
ck_126531a9126c17c4,0.002645832410319936
ck_7ec423cb56257516,0.016876255576878763
ck_54748ae0f2daaf10,0.029968499772708553
ck_ff24776280ceeeed,0.004955373805030341
ck_3c3a1a1365741bba,0.005372701218894316
ck_615277c8a4e2b18b,0.016153234520512073
ck_a96aaef34173aee6,0.08783759314714353
ck_bea56db7f3e930e8,0.0026651810742335793
ck_ca491debd3b32a59,0.028343564565762355
ck_d9ea77f4114a389c,0.003812213264170761
ck_322ffda3332d08a2,0.02684577878061371
ck_c40ffefe4e30b001,0.041918001742526675
ck_3b1d7648d4580bef,0.010117267784576143
ck_23981a3261674131,0.00658268581214116
ck_11667f5b9fac7bc7,0.006821651269263481
ck_646bb3c7be5f0817,0.009249973768433412
ck_ebd0a45712dcf07a,0.030329792712392174
ck_baf43bf1bd963f9f,0.03721363543164753
ck_e0ca2c819658f6b6,0.994357360795558
ck_f0d6633d0834fff5,0.041907372875262534
ck_91081be0254878a5,0.014474026601998187
ck_1325000bc7f35b5e,0.004038054880116399
ck_c624b9063400fa3a,0.13140887736574472
ck_0ad6fa0e23c3bd0a,0.15870389513800812
ck_6ddb55b1f23c6cb1,0.02120299444432215
ck_dce1fb3acd65562f,0.011145586384225824
ck_a9aa389688ee5aea,0.015772617706072235
ck_5c5284c45d9ad8bf,0.0599506251630668
ck_9ce743dd3e92549c,0.031010910986086344
ck_8342e08cc2f9bcb7,0.005893113147216172
ck_25e551a0a8d2fcc2,0.03291620760608013
ck_d4fd0e438c97e0c7,0.022510652527838647
ck_ac7fe1c344190c50,0.01718008139965393
ck_ddd65711b5651f89,0.002372642698506023
ck_ec7406cb5cbc8f10,0.004002719155034142
ck_1c65e8d5be3b9c60,0.5172410023189726
ck_38ee42f15a573e81,0.029248068731523514
ck_0e5385c70c6de025,0.00440814557129914
ck_d3137f0f7629040b,0.012832240814114004
ck_9129c92c12e0c8b4,0.003455345175670535
ck_c86520a00e50a926,0.04007422931492424
ck_87f82b2b5fee757a,0.03077503781994696
ck_643abfbd7548d0c9,0.10218309813681788
ck_be51f4e5e6b85768,0.21735854533964472
ck_132c16312f37810f,0.00460152026170663
ck_c78c096ca8cb33ac,0.0034659550631227403
ck_2ce5afbc014763b8,0.022042699613724754
ck_50ed8f4e7ae6710f,0.012846270015344342
ck_5a4eb535c9a11993,0.017220745282556602
ck_9b665ef46d785324,0.012051024523595424
ck_e066f71f8b296b7a,0.002448604062665736
ck_560bc6017870ab06,0.007021341321923474
ck_fd78f8a8663646d7,0.006464253721218393
ck_4af5ec61ddbde1a4,0.019685407340495467
ck_c2ed04a9d218410b,0.05681449952101678
ck_2455d43bbdd2bb69,0.014389572704889263
ck_56eed7041add49a1,0.2066248181197529
ck_5f0be7b468a72333,0.04839439789276881
ck_19660cec756632ca,0.014411277867712846
ck_fb90408f4892a21f,0.028886541682706872
ck_833a65b86a5d9bda,0.0016195599964245213
ck_2ac36e1dff211d38,0.024832156332348896
ck_c00e70606904539a,0.01855019654157216
ck_ba8affe4b9505a95,0.3431629514795745
ck_0c3dd22587b08018,0.02365152224533435
ck_618c4e5cfae99dcd,0.04515788259280805
ck_c9690baddfc4177e,0.003375265496031595
ck_59fae092fb0c4aa3,0.03361029277360454
ck_e03b7d0fa0b28f4b,0.004556997662070634
ck_d451d24c780b5884,0.012412422397994075
ck_e980d325b8dbb8dd,0.0005268817863018893
ck_cff18e2d8c520272,0.001648301771209446
ck_a0e46b67e986ab56,0.011474739277669734
ck_3a469039a5b9d963,0.020800588530393502
ck_12cbb211ebd2b437,0.02901040628456577
ck_b8cdd6d6dccc4554,0.006326028639432272
ck_794ba5921cef50c9,0.03371010880636067
ck_2c7667f64edec2b5,0.007977463370876814
ck_7262b4e0c29c942d,0.011408567135051874
ck_5d818522cbfe2a54,0.07782090800622259
ck_de39c1947fb675ee,0.05312528556184106
ck_c021495606b4735e,0.013413043972541656
ck_1fc03ba33edd9e67,0.028436286216789074
ck_a6fe344bbf67f14b,0.015196522988326739
ck_963762210edc5694,0.0147164082287165
ck_d064428b7e7dc409,0.0062780423462548965
ck_59be61b53d971611,0.017787895217163216
ck_ec8738ec663cd2eb,0.017593148441822765
ck_59d086fab5998646,0.01866490146348512
ck_bd32dd3b2cbb7888,0.9740788842830141
ck_ce0166addb93bbad,0.008516556698486583
ck_7c0fdfbb447cdc04,0.011154657780217628
ck_cb1bd7635968ed8c,0.18408190501181662
ck_66f94903177f20eb,0.008392045777176716
ck_1d7cd5dcbcdafd7b,0.5327153704075075
ck_5e418a7c04437b4a,0.028342173819803057
ck_631ea1ae91ab333e,0.11631134669304526
ck_0a8029e79a5ae7ce,0.017064722275489146
ck_c4cca8278bdad9b9,0.0017100159404636814
ck_4dec3df58077a257,0.1739580719035245
ck_609c249edd88c565,0.011441194441443099
ck_02e5f9cbbbf2f078,0.03417868316048176
ck_32e486859130458f,0.8304185266365323
ck_21ed2ea6386c5a07,0.0029552935228041445
ck_1242aa4496576a99,0.005944761881046796
ck_475ea9aa6d3898b7,0.08990843135390948
ck_fe1b1adae3be70a6,0.7222141520132467
ck_c5414d7a8031d4f5,0.0032713909164441553
ck_ca1f6f01868e978f,0.022124615839387136
ck_5eff0208c74ec714,0.009792327890481008
ck_a315c9619a317609,0.015621895307912845
ck_2b87683c90acb852,0.024539731767851274
ck_7cd9f39c50748ed0,0.009529831473562216
ck_16a06d58d71935bc,0.11195889895238234
ck_d116e0e7c19b878e,0.43868537235366906
ck_931510e384b1d0cb,0.01727474074021615
ck_e7651fb87bb24132,0.003996467068191237
ck_88ef9f85948e1a01,0.0025676382309012874
ck_17bf38d51115a8f3,0.016043408875400185
ck_2659d1d3762a2825,0.057043542290578994
ck_a7285955e2852686,0.015389329507098233
ck_f2c33d5b65b321db,0.03947295573693249
ck_83e5979334345622,0.023066929824995266
ck_629537d8b4d0f395,0.010834123313535119
ck_72022008a92c9386,0.05423805108438578
ck_2973b8274f0bf69b,0.017070159195671175
ck_565e3418d2f4061c,0.00945405872785065
ck_54bb53b8f8ea32ae,0.995972441044622
ck_af0a6540ea7a36b2,0.024418927267521668
ck_888651bfc2c8cf70,0.006292280145292977
ck_1dedcb48ac381a1c,0.28768109873697256
ck_f73273e220296be8,0.029492966971558014
ck_8424bf65223a5a9e,0.006339819331529289
ck_337b930fd149a696,0.012340079748926359
ck_8a4952de8a123ef8,0.015802668253110278
ck_884168153c9c0c81,0.005060712708668082
ck_fdda581aec411010,0.001414714621624829
ck_2b7cadbc8b180d32,0.9498166695200052
ck_8aa8b9968233a1ab,0.003386571380833644
ck_0af18b3ce015d294,0.007509160509579413
ck_8dde670a735d1e90,0.1465492027952648
ck_62f46226f244139f,0.05678012683354995
ck_f948e8a8fdd79b4e,0.04198308719733352
ck_fa00aa0f3e859904,0.02841988935911735
ck_fc7935f784a4f249,0.012669693572198965
ck_e7501307c0698e5b,0.021966729923460864
ck_549ed417f2834cee,0.05226066294011018
ck_fb2a35571ec719d4,0.08710175134967023
ck_25822068c86c856f,0.0010142736487425297
ck_8f35d229b62c8f23,0.0281818938601478
ck_bdcf049c1e7d0c95,0.013405779486656768
ck_0aa9db36eb16422a,0.0018608178616675718
ck_42dcf92e9e016922,0.05563884261643484
ck_42341cf31c08c981,0.018603450998812048
ck_0b20bfc515ba42a2,0.06331468953037299
ck_0ec820b670d48098,0.0015128496982981978
ck_1f0bafec397da8e4,0.05612956415674555
ck_82f07504ab59ed33,0.08247551296624521
ck_337b24a474010abb,0.9964480041826035
ck_703703bda38fdcf8,0.012419394860515116
ck_01e7960c63dca3a4,0.8693369244277653
ck_be5bd81e3715cb8f,0.8906750496400315
ck_197f8058cea1fbea,0.0018425100766992055
ck_eb3fb1106f2f1b21,0.048125664998370586
ck_658b4b54be09a4bc,0.9625859259295646
ck_266ce7ccf41ccc50,0.014970579930111765
ck_110608c3b03d4038,0.2984132499652395
ck_1be8cb95d6d9bbf8,0.001997738405548241
ck_8e16a64a776afa82,0.6434440620952314
ck_34bd190d37eda534,0.03964235218826921
ck_4f521611ae14ae66,0.008229220913261856
ck_d839798f9520363e,0.0818597262411992
ck_d1bbfd246c0ac9d5,0.022462593510688765
ck_f19030e6e85a6776,0.07252342392024469
ck_cdabe60ab59f9d5a,0.007405570891022912
ck_bb84b2b30293f566,0.5630991521753614
ck_427b91925952cb40,0.048388540197453304
ck_1078b1e155b5b640,0.007314491153598895
ck_95fdc264eac72fa0,0.0077098918972843085
ck_e35eb857c61548b2,0.5980304893439677
ck_69bd0b1abea7e1f0,0.18984800668500745
ck_59de511b20c842ba,0.024724698453174293
ck_168e7ea341a36b80,0.0035398120082655886
ck_4937cfa6526ea138,0.14741384765654683
ck_bb1a981306b750ac,0.09323198605148085
ck_f42a43e4c3f34ccd,0.002365413736263562
ck_c7ae1d4b3ab38185,0.005321595982021954
ck_bd23cf9bba1dd33f,0.062126288430070425
ck_0fd826fad7ec7cd6,0.037811695480166795
ck_f143641bf3dd0414,0.050117674952158624
ck_ad6d48c20a3688a7,0.004795655690200421
ck_7bda5b5b927b2905,0.06033589089689075
ck_a337eb38eefdcc88,0.039155261231383694
ck_403da2a2d800df9f,0.17524730685642306
ck_aa01d5aafde73d0a,0.004529210818877877
ck_494954023f0eb309,0.07854686514113156
ck_1c6820fc38135ad9,0.009403730738077083
ck_0e0bab173622db9b,0.025660376442840013
ck_547090bf35a3b243,0.009466950651100484
ck_d69455220b21dc9b,0.004042705325227711
ck_90b4ac695b9c6bf7,0.00808526920385129
ck_8d2afe17c0082e6a,0.020360623177835446
ck_926b81c0ba528eee,0.023752257939198176
ck_ce36b0c287bd198e,0.049548508906927045
ck_8026e017909aaa6c,0.006664425474834072
ck_dfba788f35d4c372,0.004313402521325748
ck_f09f9d0e0886e0c6,0.011297864079537917
ck_4ffe0366df388604,0.008977483859200422
ck_75bb521de55644c7,0.010255374228067651
ck_81a960fddf79ecf1,0.9502161493823986
ck_8f43459991ea511f,0.009505555955726953
ck_f878b68d66fbfd4b,0.004369934929741865
ck_e84abfc0c747c9dd,0.857389451778276
ck_3ad3fd3cceb56b66,0.9859700319540827
ck_7cf562578c7f158a,0.006455273837706049
ck_f81a97d350397306,0.01882579452663705
ck_255d87b7fb40caa5,0.023799478159819348
ck_b3905153b9eee924,0.014845808850917918
ck_2c80a592fb4cd6a3,0.00981775884369177
ck_57deb202d4188a29,0.009197488919366422
ck_e3cb5f31d8e94448,0.7608415792336656
ck_0db62d5f7f75f80f,0.03682334267352337
ck_ced9163ea85589ea,0.06814144849360602
ck_e16528edc694fb33,0.9663309459999333
ck_78cc5ec4940fec3b,0.0049701720578733555
ck_31742076e9a998f8,0.07712957598682685
ck_5ac335f02280271e,0.018624824102623193
ck_7cc2e091806cfa5b,0.06882425357292303
ck_3152c7115257f084,0.010154954039831047
ck_ab1b9d019921bca7,0.012418435346749353
ck_c33a762d98f9b290,0.004764523435665645
ck_b16a7c51b6f7a6b1,0.15159331673840667
ck_97402a153348e68f,0.0030344521006288906
ck_95391029a21caa24,0.07997197085649278
ck_c2015a1200971fe9,0.1511873642991966
ck_ed4427962c68918c,0.932791766406046
ck_c5e4a17d3efb19a4,0.4429962859688663
ck_8aec3d3dd51517c2,0.002496407720999012
ck_f5178a658225d8e4,0.010016208093909866
ck_8594f165e95316d2,0.003201221695338689
ck_f0c4aac04076a6dc,0.022968860495217486
ck_ac2f7397801036ef,0.03332755315110716
ck_d1ea4bcc407c7d5e,0.012462072743713564
ck_cce8b6657a538fe0,0.021300632279924136
ck_66d0c6d6b67a8d58,0.0029239945667789294
ck_1a6b30320835e57e,0.04304925630539592
ck_8cd274cc85aa35d1,0.0206828892985321
ck_ada46085a78280e4,0.031074399747489267
ck_ce1b06623e4a815e,0.006421950175350405
ck_45e70c8a9686580c,0.06098948167260838
ck_0084d8ab6b1044f3,0.021993819689802626
ck_a5f7b6fed6df2aba,0.12961228513767964
ck_94940d783e7988e6,0.008040243141344192
ck_00f9ca84d1d8ae7a,0.004740914554556613
ck_0deb56f3f6452818,0.004924953962016379
ck_a58e900469dfc3f0,0.018302063824838365
ck_028c41b195280980,0.057394976939421694
ck_7661d7ceaeb19f97,0.02373408531015136
ck_6957905a65c47879,0.04213455069670317
ck_f7c6c26ef3c4ae06,0.019780624409024276
ck_8777beb11aabd66d,0.011896141991056972
ck_7db098a17374bbf8,0.9452442408691232
ck_66aeb00e44486cda,0.14541085696446562
ck_838c52cc1d315ec3,0.02649781122437656
ck_1745847cd4e5dc83,0.01045052623041172
ck_201687857ec8b3cc,0.0450050703236916
ck_81818169208a8cda,0.023323001062558024
ck_3303fd3f64632c7c,0.11438525222280735
ck_edf1096809e83ef8,0.001730977033216116
ck_235ce9603c7dccbf,0.04434022818882694
ck_9df7e153868bca13,0.003518553315354741
ck_3cfeade2cf270fee,0.017590086856432898
ck_982b0bf2e2b6c4f7,0.003947294096868289
ck_faeb0da678bb86c0,0.021249314495187056
ck_e86ad2fe815b6ed9,0.01523962794896434
ck_70d69e5d1bb99e85,0.02509976388267826
ck_7e9a8924eab779e6,0.8814730265684767
ck_019d5891103e7da3,0.010947181279930647
ck_14f0484b3817eda5,0.005777132642361104
ck_85de63d278f0fbae,0.0017345733859514317
ck_ae91b4cff57fb3bf,0.00850050019260586
ck_2a6d43b9f883b78e,0.5310691940577397
ck_7a4e3d553e8ab5b7,0.12482737167130169
ck_fdf89dc69f700f84,0.10336618292950911
ck_f92e04024bf13558,0.0011867112077815854
ck_4a522ca2dc4831a0,0.0009953984534842096
ck_68ba25dc3385fea1,0.2018852902546129
ck_22128a4f0d033422,0.04834609786305379
ck_5b52ee0a13c71590,0.012129084959427786
ck_59472d17debedafc,0.011701522128656447
ck_9dde2c63acda3ba3,0.007660032402976702
ck_7510b1023cd08531,0.011541705413583857
ck_071ddaaf2e4e3671,0.01139491554848565
ck_1355db6f4010232a,0.00596933541614902
ck_0a7adc2f27f98510,0.08342975225366414
ck_68250033717cd59e,0.009326474758375874
ck_7c12de74de30b788,0.5086929984600421
ck_65491367584c730c,0.09317610293547533
ck_e9047964952bee70,0.02796462772979243
ck_5567779d6ba184eb,0.015583145402017
ck_d6ea026357ec6477,0.010874760820156733
ck_cd7dcc884e283746,0.045468891998433805
ck_0bd77fea8ed75a15,0.06602048561341671
ck_e80883208e8d0453,0.018795060385230947
ck_2ad0ecbacd5acf8e,0.92806709631819
ck_6c1dbee7e8fdd5c8,0.02613518078374585
ck_ee4d9a7449515908,0.008049953539182905
ck_636111f7f030496c,0.010788448546674932
ck_2c629c657f73941f,0.02780636539791689
ck_c1c9d3842d758420,0.23147292154542617
ck_e4df7faacdfe8c40,0.027188058193619365
ck_94e8142728e44380,0.030623983147951825
ck_765aaf42c5088545,0.013055749369703898
ck_e0f845159b6e6a4a,0.027185911678876767
ck_5bc07deb82edbad7,0.002774937379536471
ck_713159c5c6a7a4d0,0.9927269548860477
ck_b08afc91d9ca55db,0.030515810694554977
ck_a7bc323ffed2ea97,0.22483191209100772
ck_85ca825f905a34a1,0.01907758869541454
ck_33160c443d4b3f19,0.010669801874400841
ck_832d39c590a3ca75,0.7650971376340855
ck_7d1661a34164406e,0.9595193474924062
ck_c2466fc40fc9d5ed,0.9726150672434561
ck_ed0e776c0926ce67,0.06013506310502832
ck_cdd2ebeec75bfa69,0.11321547725574303
ck_d7877684c7923ec3,0.006757069198486434
ck_7384d4d2406aabf4,0.02142682966542335
ck_b8e5244e650aa81b,0.030518127791308386
ck_25a1ea40b2d59254,0.002122796157595261
ck_b9e5b318ee4de68d,0.005518934619779234
ck_620d7ae27af83cea,0.011394681434902644
ck_40b4e264d1a12b83,0.8637624083081324
ck_b694c803b62862b3,0.006078053962737829
ck_cbeca201dbade3e5,0.020904015302430457
ck_f9b439c9161c3e52,0.02340594708817362
ck_9880410fcd10a28e,0.003141185427369744
ck_74928f5f91aa12b2,0.0496585737116286
ck_b6673bbe61d2680d,0.06993917519430709
ck_53c8315b5c30acb4,0.012646053377623895
ck_78f01d78ea79642f,0.018158895697615782
ck_8582490d6e365a63,0.013159636583817158
ck_af25c72d16299258,0.008109192013843977
ck_7905fe8e257b0449,0.15308121776885888
ck_0d16d9349e4a9e08,0.016400722336046555
ck_31b16b8848584e98,0.05724756562541433
ck_67207e3eecc02d76,0.02496974599079138
ck_e6b95ff91116a592,0.012006944829699424
ck_c08f622bcd6de6e7,0.06107750237433576
ck_f9a68da9e0f0bc85,0.00411127629411369
ck_4072b59388976896,0.007482261972008152
ck_8ec86e853ad52828,0.0820233632076416
ck_4fecb87eaffd5cb5,0.015728714339753702
ck_d6880578428b965e,0.08761714302563152
ck_bfc82b3c1c9f2897,0.5869475132249241
ck_c340644176ca03e7,0.022471881572921404
ck_321e740066fb05c3,0.27450494248653773
ck_8929d2eb09872052,0.09045353517319599
ck_205c107cec528414,0.6852266013152353
ck_e76db7d2562f9836,0.02786572801775254
ck_9ede51c8434cff6e,0.033163510503236515
ck_492e4b89c61b7b6c,0.02031244387861724
ck_9385f5a1eeebefcd,0.05334740210672497
ck_ee52c7bf88f952ab,0.03270154372706762
ck_d8116c34302021d7,0.0025537053329010165
ck_01645ea51972e99a,0.024179841029885754
ck_7b45ed23304a854b,0.02010391659749345
ck_2096d32f3d497ea1,0.09989719993747974
ck_dfbb2056f1ef7d3b,0.012675801686916836
ck_938ce30c864bc7df,0.002659275911111727
ck_ff30dda2c881a4bd,0.4085814680222361
ck_f88c79186a082beb,0.011958393853872526
ck_08c7bb0f9851cb76,0.022339964015494113
ck_2675e7a008e584a7,0.015192058775120117
ck_cbaf8a954281d4e3,0.9429816723917658
ck_8b24eadf6c72b30c,0.8031442472179635
ck_ffc8e3c1377d0706,0.008534759646885619
ck_5b59e859bed5b40e,0.019392489227049985
ck_7b61717f172f9317,0.9811489678222151
ck_e5c30947b732f661,0.07719819103385561
ck_bc273f3ce79f7e1a,0.005533708409217221
ck_f69e93388b3028cb,0.12576248355249825
ck_3837ad850996ba60,0.026861687388400845
ck_36d78ff3bc033ee5,0.006690179719575135
ck_5e20953547ba4135,0.11508382820205688
ck_258d661e450ac870,0.010325269082749998
ck_1df66f537496ca59,0.03659101238066834
ck_361f535599110201,0.014171821461659745
ck_337e98c69f6e7886,0.012559078465443489
ck_d3d5b2717cfc3913,0.06164480899882141
ck_b1dba768dbe7affe,0.2714843490947999
ck_92d782bd9ce0d1e3,0.015255321172760954
ck_26bd0f8898afc8ba,0.0017205597571183261
ck_7916e53daab36745,0.023757722810611153
ck_2caf553b31831a50,0.007255828514494971
ck_c6200734c7f9b2f9,0.9297010215813113
ck_cdc55623cb16e6a9,0.006396092098229439
ck_57849e15b61c43b4,0.0032705137990398595
ck_b7af9b2ee0eebbc6,0.02224140229593259
ck_00aa5fc3b3bc66aa,0.10071357967934186
ck_9929723f65636c7f,0.9912510904548004
ck_8f6cce9f69912983,0.008743592364490377
ck_c422ba389ff00781,0.005867167065211922
ck_9ec7f334604a228f,0.017697347043274574
ck_5d01200ba3341462,0.01567969763375659
ck_2bf10be403849c9a,0.014932504133893782
ck_6ca018259f70858f,0.005852990944676255
ck_a54dc042ebb7c766,0.13061921542070962
ck_79da63fc100830b5,0.013185604106749802
ck_67ab6f9e05c85085,0.01946966692409542
ck_fa80da579ea9afc0,0.011466792890783135
ck_4339f86c87289222,0.3991939819682119
ck_a2299b4f530be0d6,0.45902562603078667
ck_19db0bf788697c2b,0.01762420456609967
ck_fa4211c4d826d830,0.0015883741470624976
ck_96100d5e8e051e91,0.00900375077959763
ck_5c3a671883d58b3f,0.0011574715745227926
ck_2d9524787cfe1ab3,0.2080437990115359
ck_47ab8e51e5b3a2d8,0.003904089328621307
ck_c924f36bc1bbbaa3,0.023072630966354472
ck_5c58e7f8fd55e26c,0.004534445880253158
ck_a07e7409d6d5aa06,0.018684675872944333
ck_c8413898f5f7cb7d,0.03777533481919569
ck_577c816b41cab002,0.7313410582319602
ck_9f7807ed64cdb728,0.06623723746778405
ck_495d814d6d6d521e,0.00391947791702342
ck_7aa8bc018c2b003b,0.0023914701753434743
ck_7c3a6a82f3c3241d,0.022036223304846725
ck_487f7fbc290e4ae2,0.006324911772976446
ck_e556c4d36aadbe03,0.002972128384883792
ck_7e6569a1b2455cb0,0.0024816038729262315
ck_de2924955926d046,0.028592036548784436
ck_73d60b4630e3937a,0.00289406017638952
ck_805ee564bd35ef15,0.019818396918290005
ck_0d40961e47797027,0.010825997047303831
ck_f06d00a4f9c87d80,0.00628556996060921
ck_5ef50fb07b6737d5,0.015082430219358359
ck_16541fc15683e21c,0.005634399252493953
ck_09fd43f1b7e2eca2,0.0057854174072621035
ck_2a2c336a69b8d68d,0.029427806431142827
ck_2685f38930866af0,0.030549815597233684
ck_298278a9da874437,0.01445059380578309
ck_00bd7803f2530c68,0.015374326874690746
ck_c2b4a1d8c0b6c1cd,0.0019868444813043434
ck_2acb54ca20c3af6c,0.0570180031120123
ck_e3d4b6f681c783ab,0.10611118730954908
ck_f90293f1eba5d7b6,0.060098698311002535
ck_e69d27e8965df0be,0.00524867598051855
ck_b7f5d10b427346ad,0.006143414598764919
ck_1ce20e4223a936b1,0.013528891583551536
ck_6b97d1ab90f6bdeb,0.06628703437190338
ck_e30e17db5473c7b2,0.009224034745180338
ck_154c8efb19dee665,0.007909653358426718
ck_6f5bb0c930644cae,0.9938644679607939
ck_9e17699baa83d173,0.0023071314471893325
ck_9693b1eb70880205,0.008006653054444065
ck_1e97899875bb427b,0.008842660133389201
ck_558a82590f65df69,0.004323851755891906
ck_18df83242ff3cdbb,0.05405474586002811
ck_80ad4396e1084c68,0.05351479789650499
ck_0a993bc947bab61f,0.056886528310597415
ck_5c2d43ff841632f9,0.01321187979370191
ck_6e4b99fb9725d9fa,0.01099242446987702
ck_e0983999ca26c19e,0.04180684832432267
ck_6573c4947cc8607e,0.04899110918382076
ck_d879d645d6e44207,0.012895634487050759
ck_1375ad9f10688e4a,0.003336343322897164
ck_7501ebbf4e21f160,0.027837911604848952
ck_ca60d61cd4dc3bea,0.003674786202688992
ck_ab9ea095a5c58b4b,0.037363851638183725
ck_23756522b58df5d8,0.0012723171626977817
ck_90bc176c43d85fd5,0.15883495437963768
ck_908b663b2dda94ad,0.04003536273211209
ck_4df2fb8e4b649e27,0.005787132215776108
ck_5615c6bbdef05291,0.10481540011071849
ck_b62f3e3185251f71,0.0019644708106423083
ck_38d1a22850178f33,0.0036538030019538665
ck_5b3ba20c8bb1383b,0.014953169154532231
ck_5576ffc6aaf6f22c,0.0017281949613357148
ck_cf7a022178165e56,0.003504402990935293
ck_f2c7a4c50e2ede96,0.012941796319422197
ck_285719c77eadf915,0.002494601118599831
ck_f2aa1b677619ab19,0.011893396763639276
ck_3830c58d841e9e69,0.6357668272988606
ck_32eba3510c8eac5e,0.015824853050207012
ck_8955d7b9030d5eb5,0.014750190476670411
ck_6775e387dace7525,0.08996288226845968
ck_0a0cd7f4be606a93,0.08508522742539681
ck_a9f700eee5d638df,0.006163906494313945
ck_3d7db96995745472,0.03138877099390569
ck_aeed557007d52e9c,0.0018997353905380373
ck_79b6a86830156b5a,0.06814319133759839
ck_6a1ff9d69466181c,0.992234813272707
ck_f11b1565f986f5e3,0.017664299555007538
ck_4819327a78615485,0.004080180340317731
ck_3ed9e081959b2f5c,0.019061009899690444
ck_16af4be191c47d3d,0.0007843236664642249
ck_25122cc0e8b1a662,0.048378132455404926
ck_509c22828d467ba3,0.09569514820175379
ck_31109c899336348d,0.0023023317839963187
ck_c51131e53baa59c7,0.0022499312884922897
ck_cf8ecabbc61d3e11,0.013384903587097811
ck_eb6baff0f85ba936,0.011298910183518253
ck_777669e2243204f2,0.8898280327722407
ck_ac0ea27e692acdc9,0.027995957024462125
ck_4c6ea04ce8ca9e2c,0.008279883116259778
ck_ca54b32fca7e94cd,0.004603962333061186
ck_4dfd8947f540eb24,0.012597806714368488
ck_95aff1fe27fb24bb,0.01410213844332875
ck_c7550723b90e5615,0.011650808724800265
ck_57b3fee69bdf85e8,0.0037892989358512407
ck_f823407ace7ff064,0.04878982211440044
ck_a69084a068bcc8aa,0.05500902682189159
ck_c7b17f7b24bef5d7,0.02696896621155664
ck_7c4e588f927c27c8,0.018915528649358075
ck_77fdac602d0c6f95,0.0834407831013806
ck_e963d8525018d072,0.009678651397201445
ck_6e8ebaea8f7bffaf,0.0014840286494301035
ck_aa42976a31cb7770,0.03176632728063156
ck_22c862a496008c96,0.9971969839776335
ck_527550dd15f38782,0.04452058777080177
ck_b3ab3c210e2c7c19,0.018458559510302928
ck_ed9c56fdb9f45ddc,0.19879523402877997
ck_b53281da70defcfa,0.013541300032670638
ck_03009b721568ee98,0.08349523213288584
ck_3d9afd862b3f4053,0.338707862954042
ck_ad3c4be96599554a,0.010656878752130824
ck_d1c787c27d50af49,0.02553094252661856
ck_c7a9c7b2eef46a99,0.003648636919052959
ck_53036d3c6c74446c,0.21074827571855845
ck_1b1efbd9c0964c8d,0.05606906884836282
ck_d66f42a269d5c1ed,0.023818381815116328
ck_fefc49a2b8ad993e,0.03368398285500083
ck_8b3b874249adece9,0.04982613384537709
ck_193d9c87ad3f1dad,0.0018177945361653263
ck_0c6a50d747593b7b,0.014116994088772627
ck_c830f3830875b47a,0.019255162080820464
ck_79e202f06d8dfe42,0.03174730844938871
ck_5c0fe988b8aa7fcb,0.10744744668338557
ck_a8382d8345f21e1e,0.004262732925806877
ck_8cb20053914692d0,0.030269695490649923
ck_1da2f69023ca4c13,0.0037920277905936967
ck_38abb60995114f8f,0.0406402561977846
ck_f5791fd8fd8fd191,0.08156834598472346
ck_a4e6fc391b674335,0.17711397100668147
ck_bd771efb4a7e15d0,0.010779834739824811
ck_38ba4a6b6a292054,0.011845296559089783
ck_f7a07283345a0dce,0.006752294113463431
ck_87dc484baaf5a23a,0.002477762277088546
ck_c84ef83489badbfd,0.11425327769248585
ck_a397cd64ec5d644b,0.007433714185003555
ck_7977135c2ff61e92,0.014181800489585266
ck_52174855b243a8b0,0.06235237245990353
ck_0f35e930d0614613,0.9698969302361367
ck_b170a7db522a0d6f,0.019504484184099488
ck_7af748a23775bd54,0.08978766129218976
ck_52f641c9ee6fda70,0.005253672996442999
ck_c3719a30414bbb4d,0.008719793357326044
ck_2baf214ad6bc0dbf,0.05200136350188866
ck_8b39d8aacfdd72b4,0.0056963527835033854
ck_d39b0152116203be,0.012203023050343988
ck_ed33f8a937f9c7c8,0.021508389200626768
ck_8ef97b55a5fd6ec9,0.0012550451298909803
ck_8247f008a14bd1a2,0.004027545556511058
ck_f0d349d68249d5db,0.002341868023102322
ck_a544e766540861fc,0.015909976454614647
ck_9dfaca4c7c80b10d,0.04181673384819944
ck_7e5401c362b2216a,0.00381321090785226
ck_64ff60c073fdb6db,0.020566248787732718
ck_fc5ea49518e5d637,0.006675991106204863
ck_580f136ced341298,0.003137857941057117
ck_9cbef9bc95449dca,0.005873649259599787
ck_e475a3b8ba870a7e,0.012543390861674449
ck_97e94708bcf43563,0.016219263552489104
ck_13f03ec785cbdae1,0.002308137040318433
ck_152820d8817f478c,0.019464306044976724
ck_d20d4ba60eec9945,0.01744817042010752
ck_5c45968a805132e0,0.015983994209072577
ck_bebea2cf3063fb24,0.04787849146784154
ck_c3c69aefe7ea1d2f,0.017603965629394373
ck_02028b72f26fe855,0.008967595256777913
ck_dfadff70a58a9133,0.0038193984884145648
ck_6482ed4491bedcaf,0.014232757467677097
ck_754cd7b4a5ae3f94,0.2638751614701538
ck_3132857aec8485bc,0.0011741345535018865
ck_7ce4ca91b8f9f1c1,0.010338368768653784
ck_41938582f4351772,0.010206478539804312
ck_f87d66946252476c,0.1251257040861389
ck_8053f1879a9b4e43,0.0057440144636501525
ck_93892e91387f5103,0.020170506733642752
ck_15254db133b28371,0.015138789749610592
ck_d557b9feb241b3ec,0.0014872873661665661
ck_71c3a8e4c12c989f,0.009480286574323342
ck_80e3041811033443,0.019375402889758604
ck_3380d60067b4634b,0.0023083430125125292
ck_a9c2cdc758df8510,0.06960002924039095
ck_3c0031d7514da17b,0.013838370203389237
ck_18d214b1418be39d,0.004169403490485856
ck_7ce768407fd48321,0.02212499684525913
ck_7a50abd42298133b,0.011106394056772557
ck_2db10f987d137582,0.02682835754475715
ck_e077d004cd1d80ae,0.016058054258962833
ck_1cb6dc67f9a321b5,0.3313673549586717
ck_b864f64101149c35,0.1735936360083338
ck_9bedf54df9418e4a,0.010891547880310857
ck_c47e32c47f0e6578,0.10709571747157404
ck_71f382d5e338daa3,0.011386056671608353
ck_14b4bf7be6ac2b61,0.07559243548481158
ck_5c87eea1cc07cc92,0.07708697446593221
ck_5f445182829ef342,0.08958826089809027
ck_a5d7311291caaa54,0.005441130286212851
ck_b7df99aecef385e6,0.16682063743831219
ck_3327a0582407068b,0.013799539026260419
ck_08dba09fd7dab896,0.03473720098863343
ck_f4ec334be5266378,0.005404746047822292
ck_240f7f894c5a86e7,0.0046561800569250664
ck_a9d994554fc14a02,0.0004052813630469423
ck_13648cbd306eee6d,0.006106881921122607
ck_601edf9105b3c321,0.974381255464133
ck_9527adac182abe57,0.29231013315799886
ck_4e0e80f5cc271bf7,0.002996298445749333
ck_96a89e720176b389,0.05300692391060749
ck_63560eec94b76d2f,0.01783719459462953
ck_c9c99e5b19aeced8,0.0015842708333277215
ck_bc32655ee5ed643e,0.01758014254018483
ck_edccb5a93b741744,0.018694491000184433
ck_f786cbc987b70930,0.010164121697759097
ck_0e8f26536ccc8947,0.03840416528871178
ck_b87ef4b98cfcec4c,0.04063864164115892
ck_1a9235812de4b2c1,0.0229048003477743
ck_d1ed88ea4211ba4d,0.007900147779622118
ck_a4ddac49657a4450,0.04369840577759337
ck_d9ffca35188e49d8,0.02044875069881922
ck_3db73bbe03c3d240,0.0029957496171014453
ck_fffa0622344a36ab,0.005924129736656606
ck_148c28df51bba5e9,0.695130836524038
ck_076cbc25c8f15fc3,0.9851469606724368
ck_e5ca550b39ed45bf,0.4599077477046218
ck_8dacf3a2061ca17d,0.03136197681828069
ck_2d7394afd61643d0,0.008574867977542984
ck_e42206e91f6a1752,0.007781836261099343
ck_2f4f94827984c426,0.0019080941723503457
ck_edfe8e90e8f4366e,0.0038135909351127567
ck_646b15f753e5e9c6,0.035329059278526954
ck_66600620149c8799,0.008994611221728684
ck_4ff6fc70bccfba96,0.12707442067123464
ck_41af3729590c2484,0.00821585190973504
ck_920a48ba8c583e96,0.0079090702399386
ck_0253b3e7be021306,0.0013616023909082025
ck_2ae6949246ea2648,0.004817092214263539
ck_db23a5100f338d72,0.025722603602404644
ck_fcb2a559474c3493,0.030173695790013666
ck_0a4d7acd2a53cbbd,0.006238695708004234
ck_c5d62b2b7a6f3bac,0.9121862597559585
ck_cf59f4fc0ea690b2,0.004314033463518365
ck_837be8126bb19250,0.002981008236305718
ck_58955542edee1adc,0.003269167737329191
ck_1b93381d8eea58d1,0.004943352660847006
ck_97b8e05d62abdc14,0.024677688451860823
ck_71a0d645744302a3,0.017634514197323623
ck_a7b57882ab66b111,0.0013673510724374074
ck_65f76421be648549,0.022949777288619386
ck_b53ea8713d32ca7c,0.021604440840690492
ck_991c4c924a1d85ff,0.711911725537974
ck_8432ccec1a4ec7fd,0.9888502755969629
ck_64c1633297f43788,0.006354437342983101
ck_4291fd9c1161d8e1,0.047173218698517747
ck_5e98ed6391d9f429,0.01800342181796744
ck_c7baebe4549fdbb4,0.05758749923058803
ck_6e67225ba59fa5ae,0.05760917880973848
ck_719602def4d35fe0,0.027390730393293778
ck_bdee7c86f5ebe81f,0.017762315097643724
ck_8de38f8c7f91961f,0.04098899889254077
ck_b0b5bf9254700402,0.019012577907739647
ck_7b55d9bb1a250d4f,0.07244936404746889
ck_3954b7b0fd1d6614,0.002606470694587264
ck_f29471fe7c818d6a,0.005420247805127066
ck_9e65a8a2f587691a,0.01041584317978666
ck_eaec5f1a83b66eb0,0.27722244189899536
ck_004fe0daecbe2c1a,0.005469993306346892
ck_d17653a4a2d4a79e,0.03696705048221116
ck_0dd417fcbf19e424,0.03596154772140733
ck_4c99a6eadea143e2,0.10257829338761738
ck_74d602c907ee9119,0.0024926558642450296
ck_1aa87cb62acc0ac6,0.031115390835957043
ck_094974d75e29fb2f,0.2638398173667498
ck_5ef935ac3d4d3332,0.02655251517789234
ck_b26e4ae47c9107ed,0.15775345898035137
ck_396cea6f95186ad2,0.021877324797698
ck_48446a9e8184c7d4,0.006490831430709781
ck_31e1ede23247d56b,0.035648440381824804
ck_7afefa349b960a3e,0.021825762832078065
ck_f5e02a3432571b20,0.044747608134346625
ck_64eefec062592c43,0.005727830825948926
ck_a1201284122c141f,0.11905796625112343
ck_1b34c420a4c85a95,0.013283223356426246
ck_d637a011332ba67a,0.019057523065501455
ck_99c0004d8b7079f8,0.008687847393086335
ck_948517bad569b40f,0.0420154566105227
ck_a28d6b1601b472a6,0.012038838376377457
ck_a0b4209feb31f5c0,0.9922455044449727
ck_d6d2c1f6dfc455b6,0.5662224659490895
ck_3f9e6d356d3dd3cf,0.0019444650080645573
ck_d08e00c842b75176,0.03264789181040794
ck_bfdd232a7c5f2660,0.03668199389570653
ck_2cdad03ed069438c,0.02608792054844738
ck_42317c3eabd0a285,0.17593523701987257
ck_3eb73e56751c704d,0.037068324860128836
ck_ef33c04f4c9e3758,0.0389077503518685
ck_1dc23dc870f1773d,0.017096567810011308
ck_76091f357974a152,0.007050468649447754
ck_4d9eb75e8eee90fd,0.10487717380658898
ck_578f67e69e5d2cfd,0.004558573001054119
ck_3a8ce1cc724229b8,0.002117311913355232
ck_a96887f841e80fc1,0.02789769968376082
ck_d2d4a8f4a9f2c33f,0.00940881920695832
ck_11f85bc705dbe036,0.03737327553051119
ck_7429b3f87528e335,0.006060616811415444
ck_26df74feac7ec51d,0.02279510026822636
ck_c78b2638fadd91ab,0.01208189595340222
ck_7eaad325abe3b50c,0.002565429698691668
ck_fd44e34af620e606,0.03203053388151729
ck_f99738dff854e25f,0.0017875847514867368
ck_1ffbce3a239bb264,0.005296719687410229
ck_96c7d52ba0a766ef,0.06856639489018158
ck_cb1c00c300af3f9e,0.009169128645343137
ck_ec3d12848ced99f2,0.010714380342435397
ck_26cfd7c3c6c7bf69,0.03985993379563323
ck_7ae86b5a885affc3,0.030888496667320277
ck_3edaa94d28cd48ea,0.011277670850905874
ck_3209c530c9812e39,0.010500024553727482
ck_ea62ebfc1f04b49a,0.006221176234152704
ck_5fc90b4668ea81bf,0.02722673438238785
ck_95654593cdebd141,0.003911095265336774
ck_958c0bd61820147f,0.022580314052319438
ck_8440ef1386c07194,0.01536731168845969
ck_8cd1b68dd74b1375,0.23078340974003023
ck_c9eb4df91ff07f2c,0.042323996893754885
ck_c29489366c01fe65,0.8323234982888059
ck_c965fd6bec0f0ecd,0.03622169264262034
ck_84c402b23766e1f2,0.012468059702290007
ck_181f3dae03b87136,0.06819525285881907
ck_022a8ae79eb28cf6,0.9603778309534364
ck_469c17407d17b706,0.025169970703684957
ck_1fcc5843f39148a9,0.021323511802996707
ck_5debd55f361b2ddf,0.004169020291993478
ck_28cb9b03e89263f1,0.0039843509062321
ck_f067470743d3c7a2,0.06934422717292799
ck_d5d225ce41a1a762,0.02477572203875852
ck_15b4840922195ffd,0.013032549838622601
ck_6bcfa37c717f19f1,0.04673828231479958
ck_8d501a0386c66be8,0.2201468835514432
ck_1a9d6190c57ea7e2,0.41151921513027445
ck_c49832eabdac5bb7,0.006194541828110213
ck_b4331140b2e0d4aa,0.008356413955719547
ck_5efbea1befdefe1b,0.2787491123090051
ck_72ff52c4824072ce,0.03644874926669374
ck_ec3715add8bbb6e9,0.0027209340646226696
ck_9822f8ed05335741,0.011205020794860179
ck_c3d7d3d12a1981a3,0.004514596658464967
ck_a115a7919ac5875a,0.06302834202504455
ck_4dd4ed23e0b927b7,0.19056115446071814
ck_4c76efcc1ee6762d,0.021265735349822647
ck_3ad6e7bf452c9b21,0.019110210707755232
ck_dcbab304b55a42c7,0.01528291145053716
ck_24b53090faf722cf,0.016027972509926575
ck_187317383400491d,0.0030744683909192444
ck_e07fd57565c94c28,0.08469070943077818
ck_740e760fdcd27835,0.0017985314048868523
ck_d3796aebda1cfed5,0.811881611682006
ck_e541967c681cb929,0.012968201384013145
ck_431118050b834dcb,0.0010883676782521493
ck_90f3655f0c8a0074,0.006288023882752618
ck_13cd943777651aac,0.03123278640025429
ck_66accecabf3901c0,0.03469749465401451
ck_937f0da2306b2eb9,0.005552928647081309
ck_105b0c93573fd5b7,0.6147534159697957
ck_00480407160e0743,0.0038196064393124923
ck_e032068be7b77d15,0.035672722550605794
ck_991b7dfd69098320,0.0021231307626585517
ck_37d47cf0f34574a2,0.011424441257740104
ck_011551a596544f5d,0.005120665399408454
ck_9acd98f4fe2d474e,0.36287059334696264
ck_7c88d3d377bb61bb,0.10546847580613751
ck_e2374c7136c964fd,0.051915993453028615
ck_2fa8f2577116e9ca,0.133293636196328
ck_d07c5b0321c685ea,0.2074262341270949
ck_bc736114a31088a7,0.06570895242990922
ck_32bb42f9bff197f8,0.018123674478028536
ck_66267bbad1f1415f,0.9842215400600985
ck_19988702ccd79201,0.016116033689181505
ck_f473a03fbcdbc4b0,0.006400265465681419
ck_e3f1d85fa5d49396,0.007432504453757495
ck_c4402ea6291df271,0.016119183926810887
ck_243bd5ca8c4ae5d0,0.0051472555484064035
ck_f271e855925e8d6b,0.2955313260007662
ck_e424148c6f2223df,0.003733974628053801
ck_e4d0a9e1102a58b5,0.015443479991822131
ck_91c2a5fe69b9b1d1,0.013317764780890362
ck_5fd8924732fe403e,0.1713879668763526
ck_9a881d5433126ada,0.009393332066594203
ck_73cab88b29c7845d,0.040300556955265604
ck_5b5dea6476d4e182,0.009918300864706046
ck_ccccb17d2ca6ce94,0.06229805186432399
ck_cd1dc68e441222b1,0.9649938773827749
ck_8312c49b1431a406,0.014488467948131578
ck_25fea39897f2a559,0.03527424052737334
ck_f56200205280bddf,0.08134909777012439
ck_7336611650dcc088,0.0018805937849488488
ck_590716322ff147ae,0.05439009130743257
ck_c82364d87875a1a1,0.02099744626248875
ck_fa4b60387d744fc5,0.0024179670641567394
ck_d841eba8906e9a15,0.013985910261728103
ck_d6df562a79b9d0d9,0.013874440179513099
ck_59a14d2564193101,0.006242035431893522
ck_8530158e3d7f59e7,0.019166744969050655
ck_ac68d707006c12a8,0.04059009413883451
ck_976fac1bb3dd8c58,0.013806015785748924
ck_f854fba8f4adae3d,0.029203779071323963
ck_b98e9c3ec6e7d1e7,0.01019555264043786
ck_803c0b4cf9d4bc1d,0.021728178732945615
ck_76997a33c3ea5107,0.0005155698982111171
ck_f1a9d832b700bda1,0.8183786636741084
ck_2bd96ddb8c323d63,0.9420780919685607
ck_9e5b7acf51b1b743,0.03490010791801987
ck_09169f22194fd6aa,0.0441161176531386
ck_6d69e092f9b0848b,0.02131515524445822
ck_9f83fa5a2d3b9049,0.04247422598124067
ck_57bbb19eecb4b87c,0.003079895006456147
ck_e0e9cfabb979f428,0.01217555603090154
ck_b1ff9edc51d42f97,0.00682245653817564
ck_4682fad271d47eb0,0.9511611961034271
ck_ab33fb754c818ae3,0.02508473054523836
ck_b456f62b80e21557,0.0015207222489398494
ck_16340be3f2a7fffd,0.002709431801667061
ck_ce66831f6611014c,0.022973398430671022
ck_4610a073bb54d1b1,0.032725200287557224
ck_fd038a7d33a9d6e5,0.003324385783134147
ck_c8198cb4c461304f,0.0631105038910273
ck_1e7de58822000dea,0.004609328054577016
ck_b2a79dd3df560f14,0.04519792580897225
ck_74a06f347b32347f,0.010409940760282812
ck_c6fdb2972417c9bd,0.017948911124988993
ck_d7607a213b800bfb,0.029044744885740655
ck_df65967b8b40319c,0.002147918801237621
ck_329a73dbd585ee09,0.009116973348132761
ck_74991a9e85c3b07d,0.02896867659340514
ck_bb76609b79e0bc9f,0.013574156641890232
ck_f7fc1bd0b9ab1fa4,0.030763640444427063
ck_d111c98b36bdb791,0.0033139625675365873
ck_f07e27d125497b66,0.04231814656996872
ck_093e3a7134e11d6b,0.010456613311708966
ck_862c7953bdea48b0,0.011903405271366466
ck_392cf2cdd515c34d,0.0054565052255044965
ck_80eb91b0b4001084,0.09495402937711207
ck_5923f53b77193a58,0.07925498373483157
ck_8049f5fce32be185,0.858200395164015
ck_ebc5a2c6cf88e252,0.027762158416886958
ck_9ea5872f14cce338,0.009940864647904285
ck_f7fbc95ebf584379,0.00829467670020715
ck_bafe82c870356706,0.9588906854294449
ck_278b36c5932d9bff,0.004567996722288891
ck_6a892dd5d05c1649,0.0056691896292176405
ck_0734fd90b2cabd43,0.039932284961607556
ck_9b552204498b6762,0.02068437115940039
ck_f6c909c205767956,0.028293015568055895
ck_32f590e87bc3d715,0.001045841344111459
ck_66a8325f28be7562,0.002668213432163806
ck_b129261da9c3c3c9,0.006362930993192462
ck_a524071c51ddde20,0.01910530780184777
ck_ba576d6d4cb6130b,0.29286472577259653
ck_8d8226520722af78,0.10193034819405833
ck_c5b0f0d4f1655a20,0.03188337468341451
ck_61814ae9b6d8eab1,0.004667979946690023
ck_382ebf136f7fa337,0.24034342781104903
ck_423ff4ede6a9f066,0.014748586415274455
ck_546ad962d04b7de4,0.874791414147865
ck_9473ea4a01c95f9a,0.0424400894415825
ck_9eb1da8cd35a50ce,0.010296199391894278
ck_de5eaa2cdbcb67ff,0.10356627706376133
ck_537cc97d0398c922,0.11271645593668118
ck_998475a2e4dfad4e,0.009958069151151641
ck_e62eb708d2688fae,0.015534512916335882
ck_ea623358f704daa7,0.061527026212613675
ck_b911a09f328dfd4b,0.0026885390860614546
ck_4b3506b624e5193c,0.023856566073844288
ck_448456f96788713b,0.026340426950941576
ck_5d5ef9e75f65d076,0.014352718926943911
ck_3b74512f774a6e5a,0.008956106902404825
ck_a032e8ac1507c6df,0.5657178586954521
ck_7e2d6b22a0ae20c2,0.056513070515462546
ck_d80283209c963f11,0.00874733721159419
ck_d1157eade2ac3975,0.050400731878038674
ck_be48f583f79427f7,0.024158018846013204
ck_0027b5d4107d65d8,0.08999648881702658
ck_94fff69584dd3b2a,0.024533286911033722
ck_75fcda73f0b43557,0.024717872672113162
ck_a1c78972e4ee4082,0.018867775744101548
ck_f0982bbdbd122f91,0.025142524426741607
ck_3199b471575aeb3a,0.002468251146018164
ck_7fa947a0b1c1cf74,0.07031974727981032
ck_a60c618b7f0e4252,0.0035632588950400453
ck_722ac47c8ac9b6c3,0.2874778011569213
ck_d44dc3839a195c8a,0.22217027569008635
ck_a2c3e82fab520483,0.019469085131188404
ck_6f8ae0319c07cafe,0.0028133859857053405
ck_49886ff1e2c759d6,0.00954217253961959
ck_150a1108f936e6b0,0.0071406146116065215
ck_e21f9f96f597695b,0.021092537234445107
ck_7297bff2b7fdcbc8,0.0018069648988225087
ck_ee949c71f4f702eb,0.9630244679231312
ck_6fc37dea4b4f35c6,0.14461780353984174
ck_e76257caa98dc25d,0.9567817444423307
ck_828eef2334e17b3a,0.07107961205782211
ck_604e1b8a8c693aa7,0.009443291286958911
ck_7743c9fe037d1f9e,0.03353697908129795
ck_864a11202e19e812,0.13897758697879828
ck_4ec040b9e3785e4a,0.005177162010048041
ck_7346e4f820d9c00a,0.8745834255799615
ck_48d4d63beb26b623,0.0070577390530948214
ck_c423aa6de3ed1e01,0.006156587923514593
ck_d74b2ead8aaa3f73,0.03709071252166986
ck_1dd69a11daa7bf1a,0.05543549734345468
ck_d9143e236eef177f,0.03302906486024457
ck_f790d91e5ff0eccd,0.1273471062524265
ck_69b5620e00ef5dec,0.004389851155129936
ck_cd32e58e8a1c0e85,0.02034665426974551
ck_064013b0957d87a5,0.9786369771071565
ck_a481385c2e60dc4a,0.002945616903367203
ck_d72035cb29db3aa4,0.017523639022611635
ck_3759939a0205306d,0.036826955819272304
ck_f437a53fc832ec95,0.5173109552900164
ck_260ef2f3e6434819,0.05299636109748561
ck_35e411b05d22f663,0.038757464002909116
ck_8bf46e472f3e20de,0.11230399325047911
ck_d546994fc5d3e9d1,0.02879187284871392
ck_6ff0fc7487e737e7,0.29305507414051885
ck_5c67f27816ae0b6f,0.0059848780539192075
ck_c5517923458106ae,0.007060466515506553
ck_d9735647a6b0b0a7,0.2922960146567964
ck_541a734fc457246f,0.17268478787434935
ck_2f6a639468f41043,0.0074321293641083684
ck_bea2cf7a6b7bb900,0.005025553550144383
ck_7eebd0e6ad6c070e,0.016719132680422726
ck_b64c87d5e3b10e6a,0.9403380386485736
ck_9dd7daacb7833233,0.040168910439951334
ck_396e9ea9a6c6d7d9,0.010553986123752116
ck_1645e6cc53fa99ff,0.03520725191042171
ck_ea2a83ccb8d57490,0.0031790408943540177
ck_e64f0df63e1be595,0.06357249964291604
ck_fa0b234481cb57d3,0.028579841669092526
ck_63379e3c9fe6f711,0.022700488359839666
ck_c67f7944896a0310,0.07120487904777925
ck_c10e54c9db29e6ef,0.9845216577381962
ck_7184ad7709ae4c80,0.025043896755804783
ck_f8b6069d7577fde6,0.001921636589979935
ck_18444be153bac1ca,0.9131852563884826
ck_d0982b4e0e118e4d,0.011813139657274
ck_6faf3e6820398866,0.14961192355773556
ck_97e980463aca4644,0.007358548257948526
ck_630c835243c66b19,0.9614206101049139
ck_fe429ba3e1aa0e4f,0.005806422705740108
ck_1058129ed7b48c59,0.01584695286945011
ck_04a1a46f07885296,0.017961226738220364
ck_f01e94331067edf6,0.05596662241072349
ck_77b2fb17c29f5e72,0.033647897374099095
ck_4f0c5857da45fb28,0.11428079655122912
ck_2cfb9a7775e8a5bc,0.9653979464257526
ck_6846100e43659bf3,0.002607465290831666
ck_f89719a854fe11d7,0.020368712055516075
ck_bf47375e41ca3bc0,0.00825916730893362
ck_2770b0400a7bef08,0.07260255805120194
ck_2a09d142de1c77ff,0.027259335079303188
ck_857a1f5547b9ad68,0.03749465143653868
ck_185f15b1523bbcf4,0.014975702131678419
ck_ab2aed614ec1cdf8,0.019783510174911742
ck_a9e7f3b2d5dfd97b,0.008283160270726446
ck_0eeb3d9b3e697edb,0.009319547948709596
ck_fa5830d81bc8ddc1,0.0035390030097999306
ck_231ae0329ebc3220,0.02099577884397713
ck_1587763dd54688c9,0.015443951582929867
ck_9f85fea4490c00cf,0.014833736427591778
ck_a2d709e7eb91e4af,0.04115005758121695
ck_43637d28c7216453,0.005382794367134437
ck_f3ab5dd853d38252,0.047268541352871785
ck_4a1f0172d3bf4fd3,0.016550829479399353
ck_517620ca16505af0,0.003804231104225014
ck_9ae904fbef56065c,0.0029627408112035372
ck_d5ef1f6e34bb35b8,0.08528681316296777
ck_ff42557857ae3aeb,0.002945105051198985
ck_ad9a18f58589faa7,0.010531808097596228
ck_df1a6edaa3e6b271,0.01942835289991825
ck_99021fe7225b5a68,0.132327020080219
ck_99e52c3c2530b69e,0.9753378800765283
ck_3a4811dc4a1a891d,0.004628133274777422
ck_ba3a6be026c87079,0.013133820417431441
ck_da6d1e5cf6aba6fd,0.029135525555321312
ck_ddc7c1f3d45fe6e6,0.026802854832686296
ck_e1b1e7a7e4a15b3e,0.008947747022201876
ck_8288f7f226e08b89,0.008763624521772618
ck_c4524993ec31dbe5,0.004080344533540135
ck_8b19bb5b23b6741c,0.09984312755968301
ck_d21b38231a8a9f4a,0.11952847742813517
ck_3f730318a9792292,0.020286483163836706
ck_a4db6e94a8f77f9d,0.11729352745272308
ck_a8cac8d480306839,0.004808628375785726
ck_5472214011fbc2a7,0.009419480492337656
ck_7356f47dbbbe7904,0.006681155477329159
ck_16801e628e883d78,0.024629452488108917
ck_0dc1e536231c4860,0.007232590233429103
ck_7cd0634a6e60af83,0.024684137279331244
ck_ef6f8e048ae1bd4b,0.009466780859795035
ck_82f3f744209888ac,0.022618007477253642
ck_f33188c232a03526,0.27086995527350244
ck_4a59f4e10bf45d7f,0.0017032972150501104
ck_d96c893721385e4e,0.0018532896948765417
ck_f65ab819373edb37,0.04622034238384901
ck_21cac21fc10b7768,0.009071076552665537
ck_139b54e6ccbdd7da,0.035175481672565914
ck_d6f5c8741697abb3,0.017054970505283165
ck_a28d9bb5590d458f,0.12136705393787921
ck_ed26d906883bea0a,0.006752550694722445
ck_227602ad072b838b,0.0012249902909705773
ck_39d5f6c17c745ab1,0.00354374258507365
ck_744eade757ba69b5,0.04697040112679225
ck_c1295d97cdf35ec2,0.01016006444473257
ck_69105f881da3c821,0.0197701923594379
ck_933789b55361d7c1,0.7011990884491867
ck_b667952253503174,0.013428672951552494
ck_7bf668e25abeeb05,0.009039879733459481
ck_91742711dfdffd56,0.0380642267097651
ck_af32a0660090dd68,0.02018663021551445
ck_2122f201e65f76ee,0.019635674490838015
ck_f48acb73a5d6af07,0.024369382962124268
ck_337c5684510cf432,0.03649655844519494
ck_f7bde7265053364d,0.02038715486827525
ck_c190c7b924edba75,0.06668478895692648
ck_044fa3b3a003f0b5,0.03751887079670045
ck_87eb43e3b9d96169,0.09750810886066721
ck_2d3d6c9364362017,0.0035415917830184003
ck_ac55dc6cbcdf8228,0.017498211557633724
ck_61d7b0568ec5d6cf,0.049516272814422474
ck_89c74feeaffa7d09,0.004501166430127153
ck_93776b0c113f41f0,0.16551138014354727
ck_15e0b679931f7a8d,0.014910373634296696
ck_77b56c49cfdb1d81,0.07466253919374026
ck_73188a826b5f499f,0.009221144147107485
ck_4f463ef25325ddfa,0.3095184963264319
ck_863db2e394dc47d1,0.9572794622615285
ck_d52432ed597f3cc9,0.007468838698862024
ck_04fb61e5739642f8,0.1524927283231999
ck_2e481d75d110c06d,0.06989845969072532
ck_3fa1a523d77cd619,0.03416902777666082
ck_466dc6274fecd708,0.008813864863572086
ck_e1790b3aa2241b10,0.8584244690766922
ck_84ad096a46e1a960,0.1625531501023472
ck_3be72c9c178fa00d,0.012781408420350443
ck_5a17c89219d1d9fe,0.01003354724993394
ck_4f639f4ee6ce8d9e,0.17916260479709703
ck_f4ec4a935e51b4db,0.025575463769257033
ck_f04040a830f92bac,0.010456733737427764
ck_3e4d02a04be2aaf8,0.02976705100716622
ck_4d1baef193cfb900,0.05222443475308452
ck_0fb3153d37626b75,0.0019467294785021688
ck_88ec57a11b11f702,0.9746562287810433
ck_dca9dc465f759db4,0.010691327016538918
ck_64f5fba6af67e024,0.022778159032891303
ck_896096cb167254ef,0.05078819090844813
ck_7878679065876b98,0.04900931791696493
ck_fe8e5a6c880ceb4e,0.018908961570661666
ck_a5e036327d3d1862,0.001046822469576121
ck_310f73940fc4cf4f,0.02348419169441042
ck_46a8db16ad00b749,0.014567742429794311
ck_0d33977c3de8cfaf,0.9910101552401748
ck_c6fff412f531db0f,0.001253655439407554
ck_bac6dadf428eaea9,0.035001680292174854
ck_1b96d9af0d7da2d5,0.013052243655897185
ck_fa8a4a9e77799fcc,0.002784586837150379
ck_0bf48607a874b4d1,0.005900459770396647
ck_eeb75f8a6439f65e,0.021726245386455744
ck_a209a5f7d172125e,0.023632733503691047
ck_8f346b72fb40bf14,0.012168544913230928
ck_bccbf9fef367f00f,0.029775956512250505
ck_2d1548f1ee405cc9,0.00812747850255472
ck_e8298ff2dc1e9d50,0.005253330527119091
ck_77c0fb524edb4a94,0.00529583279352755
ck_28ac4c5134cb8e77,0.06251754571207094
ck_db23a0e3e54be60c,0.6350567981572592
ck_a059d00cee5cee99,0.0035251223423013187
ck_3e9e3bba8bd363af,0.0029453785001995157
ck_0428728df24cdab4,0.007954482488493005
ck_88cd35378075c84f,0.0020667836302296775
ck_0174d76398d9dc0f,0.061663650111659474
ck_3f1287e6c27de0dc,0.010618869885496091
ck_ff822700f3605e06,0.9944976457156149
ck_4563227b2038ae07,0.1567577608255277
ck_788e78065526ee19,0.07117354145848852
ck_8a16eb584093b12f,0.0021355176671940448
ck_cc276f71ab6c08fd,0.05031093725043664
ck_d61d97b21002f3e9,0.08156202013425247
ck_4b2e87d86a5e415c,0.038960968781526065
ck_3e6f35e4500d2f2a,0.002495235891824449
ck_3acdb083e0d8ad61,0.005890724432163736
ck_cd655202db489010,0.0038357809362444804
ck_829cbf5ccda481ae,0.009021815649931809
ck_f5882e6f98b8b4cd,0.0025242289917969014
ck_767947540b234add,0.013315896194918323
ck_a6e8e8f535b1f1d1,0.04216145192406909
ck_58412a2674fea506,0.014969898071273125
ck_fae7e518a585fa61,0.028175330910314
ck_9c60ae6958d68dbd,0.21210623208906362
ck_328696b8f5e54ec6,0.07324250029956049
ck_7df3f8f4f1068d62,0.007622384538865141
ck_cfadd21458230ef7,0.035734695004093174
ck_7048bedd554c703b,0.003922453603373677
ck_50422466f145bfd7,0.0031686744765282485
ck_61e1f7168cd9ff25,0.03978161239272003
ck_733aff0f56f5b3c9,0.04159307705787359
ck_e14892e424180549,0.004892470780054425
ck_03f6664a96de7d0f,0.03748544243690091
ck_b7f4baa2cc82fe61,0.006618220110805002
ck_1e51199a075ca0fa,0.007079522247809886
ck_0e70516fa07cfb17,0.9472420685267425
ck_0f37c554a5057801,0.829621774751873
ck_5576b725de38d106,0.02238117193397713
ck_82f360df1e9f4eb8,0.0834466650711267
ck_395f3bd4aacd7ca6,0.010965673367098173
ck_5e8e857b63966609,0.3905555703259522
ck_93470896f0804b6b,0.9501875795219814
ck_3be854e42e76569a,0.002857359824589717
ck_0567302c57a2417e,0.13242776209165782
ck_ee535461b5f05539,0.10889673119744196
ck_94a096c36162a153,0.015008238000767764
ck_dfc8f5c141fd7c63,0.022062430778821723
ck_98b34f2d704c1c2a,0.016485791369014145
ck_96dff7a09d45f116,0.06485923637192911
ck_79557434c129ba52,0.008360305595278937
ck_4596624a7c01d501,0.026768586856189387
ck_04e89fbd739243fa,0.003803350992175625
ck_6149ffaf18872dc8,0.002263684077313835
ck_cd78f0832a09bd8f,0.41975050008490744
ck_7e29c10d781c3b41,0.012337844909952886
ck_1f7ee7b23fc6f2f4,0.010517770670465212
ck_c49b685d2b3ab89a,0.03089279330240279
ck_84569a8fc50e73ac,0.02164038159793901
ck_b92b11d205af91eb,0.0024584127639996557
ck_06280e6d6d2485b0,0.015579872376813218
ck_3c08546dd0c92863,0.012501110351059526
ck_99d3983f907828bf,0.0027999305213665298
ck_eccfd552aa652d3c,0.03514394505542318
ck_0cff8153881875ba,0.020846495426060964
ck_c1aebbeca6ab5ff9,0.006786427008725772
ck_538fdbbb3c2bcbbb,0.021224215462837977
ck_8c0210322733c718,0.008996829531250231
ck_0b0c93039f987abc,0.050736583909806704
ck_6d07d6d1bd227d37,0.07918881269365763
ck_9b6ee35e8cd0b11c,0.005037400040284393
ck_d838491d3d4f5ecf,0.0049552858900945235
ck_0593ae243a9ebee9,0.018542090396789924
ck_ef261fc09be8eb0b,0.0030433557063802527
ck_d0935b571a4a3868,0.010128218084290978
ck_97d04a67a104af39,0.037178362415660304
ck_e25f70d0b7229420,0.01675407889562361
ck_9b71274ff83de482,0.9387363949205652
ck_6de2aa2bb60978d3,0.029005846640507885
ck_eda55c8fb47593d7,0.00995243736358446
ck_924e572517515f19,0.17671048030250386
ck_d6f27eacbad310f4,0.022957464988328416
ck_8550f229b5eb03ab,0.007639076671737552
ck_e3e95546a84d0ed8,0.03623169586479013
ck_3135c019696ee6af,0.940344042642734
ck_41ba315d8fccb559,0.0369971038161046
ck_72b86e4485da2d0f,0.9666739514921415
ck_daaa995f3c2f0e47,0.03246271331813599
ck_053746067839696b,0.031194821749664994
ck_a15fe7d0f4b65c33,0.3981240221000466
ck_15de11438732bb05,0.018388109856550153
ck_2c4d25acbe3fabd9,0.027469136356019552
ck_7f08078908599bd2,0.2994708709801901
ck_e794741742fb2619,0.0411735647250468
ck_238e53b6dee8c301,0.003021820436144707
ck_53a6a33060d5c8b8,0.02676596963409858
ck_0e0919292ad33472,0.44347818659501065
ck_d86ccf148c06c8c8,0.022748665744482716
ck_c881f26c9bf9ae42,0.4185442206965166
ck_4b0947bf94e9d847,0.01238552050322958
ck_e10ff5c38bd18470,0.02620075568609538
ck_b60de9e97aad9e45,0.5757694626278208
ck_190bc849e5ff5401,0.03823371751040436
ck_e7be077aa0b2632c,0.00246113614479906
ck_a51abde881ebeff3,0.03799317254486274
ck_2208392a9f6bd249,0.06295617004185997
ck_0259da8f109017e9,0.0024811229650875647
ck_05e01ab9c95449da,0.031747555951791524
ck_c82897ebffb6ae66,0.0066616016002938455
ck_b4a6bb4689cd7cfa,0.013295160601419156
ck_9e21ea33018ce538,0.012327743029785447
ck_caa348f0e65db062,0.9830636581029306
ck_a964e6b5d8415334,0.7589693097013899
ck_510bfbbee37ff436,0.019653128931729397
ck_9741a82faf5c7889,0.035843469397540025
ck_e7f61b4a39ba98ac,0.0016562878269456745
ck_069d158665a53909,0.017499374864741755
ck_6426427efe3228af,0.05199217730239934
ck_ab4a8d02ec3c0fd7,0.0006930858006589857
ck_aefa0d8d933e0eca,0.06480508933867907
ck_232325ef6bce92f1,0.013855274214366917
ck_14e58c3fb26a2b4d,0.011270942954980403
ck_06e73afdec26aecc,0.18402092301387654
ck_3168f4f2778d64e1,0.04560463018343194
ck_ff3998d6858daa21,0.0016834787166173485
ck_bccff46fb0868454,0.3926444936614273
ck_c7d444d90fa86d7c,0.44359222926155123
ck_f0bc3bdee6bfbb94,0.016555845052676012
ck_f7112818a6d81422,0.02108942993622743
ck_aca35dbcb835ad02,0.1599819125539343
ck_f637fabf0f60528f,0.013420533635003215
ck_53d17ab97de1ac3e,0.007340525701418892
ck_c8c1bf16d9113493,0.06791970019870948
ck_e842fb0cf055a83b,0.06918528101647087
ck_93c0cb3dac4891fe,0.00409510881343718
ck_0c1f088e17e46daf,0.02441637546427802
ck_8f4b384955bf57c9,0.01803470329939156
ck_09cd5c4df1e81ac2,0.09721674138469334
ck_1e832a5b2342554f,0.05621945948192579
ck_2cb763a881aee27f,0.0032273860773293158
ck_5875828b11406398,0.024053168215384925
ck_48e84b0cb0b90fa7,0.02661924600395047
ck_833688de8629c5c0,0.0018770061227624316
ck_117d78ccd5820f36,0.023282356158157075
ck_668ec61c4c39cae3,0.0031224892819232456
ck_73a7794b659d7a34,0.01808559099903852
ck_10f90d879209734f,0.022122820091429112
ck_d1d079913aa158bf,0.00836275370690199
ck_01c631b38e8a9535,0.007780496760208558
ck_f6923088c17a04e2,0.06357520944604524
ck_b447badc9138987d,0.001847728480356211
ck_8b772caed8f1541c,0.014137178292623016
ck_5403c76fe68a08ba,0.41310265933903834
ck_3e6833574edf1736,0.010216134814641308
ck_e527fbb9450a4581,0.9032039859992681
ck_cc90e219f1ebf390,0.0020731802762593643
