cookie_id,score
ck_315fb710a0e371e7,0.0005591979081499117
ck_a76ee3b3e3e522fd,0.021554112480604837
ck_94c9a4d382689e82,0.006824485686872669
ck_8eaf9509ad9462a0,0.0005477268226353464
ck_9a88a5a989cb5bc6,0.00429999516374651
ck_15239ef0689c1a35,0.0034113110256995148
ck_8de69cd219d3b87f,0.05172220348521045
ck_f92cd37022b0ce21,0.014638539881107792
ck_1a3ff7620580a514,0.004922152879728614
ck_397c03aa33a57310,0.08134698648544957
ck_a7cf6c3b322f6b7a,0.004301735727187365
ck_c39a9e75760e3201,0.0020624679939558136
ck_88ab6d245228c38e,0.00014024187342216363
ck_17733f75ebdea93e,0.004087049198671678
ck_58eb871e8d7bed52,0.12060600576596836
ck_e55b7fa67db1ec27,0.0013514085708151286
ck_62f5cfe22c952694,0.0009243604748321253
ck_7fbb709a0fe95759,0.0002556766062055983
ck_87abe9cd066a20fb,0.019538420480503475
ck_d58e058b5c553dd5,0.006543924560177793
ck_d27b872648b71202,0.0015911880479656136
ck_4b4a3c5b95c55b43,0.0003820464000204088
ck_66dd4f4b4127256d,0.001390741402304352
ck_93cc12703b500613,0.060711223813338336
ck_d28806a2179092eb,0.9987578015025117
ck_0595c2a0c7881e05,0.005599315127030913
ck_50087d8666191144,0.30460504621142476
ck_b08b3f089138c901,0.011038431475767404
ck_fe3b67041dad2dd1,0.000940376901934542
ck_8449a28f7d475d93,0.056796416874883175
ck_8642e3b6d84f49d3,0.004014656627160801
ck_e49b5e4f2f2e79db,0.5960313369754388
ck_437afe412ea4259c,0.152735898995772
ck_569b83668d74042d,0.9791141990114326
ck_233a487d31c3e631,0.9981898594627615
ck_1fca72e03143a645,0.6417442223732269
ck_79205e31223df2ad,0.00962688609203946
ck_9625a64406ea16e3,0.005102437567643531
ck_079bd18dacb704a8,0.0980333100672284
ck_4db6d4fd2b49aa81,0.02611677619475627
ck_0dbefdac0a1868fb,0.0013900726018870981
ck_24ff97ad90bdd69a,0.09348197736341575
ck_77f8c5042065d506,0.00234607373270645
ck_f11be8ce05382cec,0.0025264105613930095
ck_c9d72140b0389216,0.01089792731393379
ck_69eda24e931fb36a,0.0003490707465026626
ck_ed471e496916ee15,0.0011846813152520488
ck_ff090498c4b17ac3,0.0058874433008304266
ck_c3c19d6a0720915c,0.00024929191625558953
ck_af02e1817cfa40b5,0.023622723948597105
ck_2df5a9fc87553eb1,0.0011227678559034393
ck_4ac918e884cff336,0.05574551050837417
ck_ca149244b54ef3ad,0.0002851136842993734
ck_6babe5b8674ff51f,0.003214451632881807
ck_1573878386886290,0.015756086358552582
ck_3925f8565abb7fe4,0.005409718515892365
ck_c4de808ae69c771f,0.0001700171134619274
ck_a777c813551281fe,0.005851146494045843
ck_df4424f6dd85080d,0.05225563106655225
ck_85e5494ec20383ae,0.022170267420502404
ck_f71a4094e889c3af,0.0005610105881708293
ck_f2f3cf9cd23b2809,0.035069455865046124
ck_18e2076397bcc211,0.02156033274768987
ck_c9f9fddef39bc664,0.01607189241529932
ck_7e826e233d6ea028,0.006297547969994757
ck_62fd7eb46bee9210,0.016026196086841162
ck_206f8e3cd72768f3,0.027296744040515374
ck_aa295a11b0a6ab36,0.02580931858613
ck_9a56739d81f84a53,0.0024821173693364146
ck_aa075c418ed9fe5a,0.021834522837201976
ck_62b9fb3db284941b,0.00407202314362904
ck_f4f83b1403ebea46,0.03041608638833162
ck_16b66bd803288bc3,0.3301565966332027
ck_c4ca1434f3778f1d,0.9954516412382419
ck_1b823610371a29c0,0.010194298541165865
ck_c2bd5a722aa637d9,0.0019400753173074961
ck_7890208951df34f0,0.021297527657708506
ck_020eb0e454524ecd,0.0007859543095545306
ck_3b66196ccf436c35,0.006103314476115284
ck_109fc467ec0a4af5,0.0573525701181105
ck_f3dcd818db92de7b,0.023984983376674734
ck_31e7742f160980ef,0.01342552565942482
ck_77fce5f86f00b8f4,0.16807315497003716
ck_46bc797b4d07d607,0.0030506374062498082
ck_37899b1b571b1c6b,0.005245038255039556
ck_ef8a6af43fedd464,0.0023447545394407287
ck_bcc8519fe8521038,0.16445257836140184
ck_90696b7182dd9129,0.006943998173776287
ck_4a24ad61d017e1ba,0.010504860177180692
ck_0acc3d8c67218b9d,0.006707738759237745
ck_05c97fc9de11aba6,0.02536082736190941
ck_f8ac3a0500c0ec62,0.005524127164875492
ck_617b65141f546a1c,0.001154703900733316
ck_9d00823bf60388d7,0.014067134872125749
ck_123c15d93f1840f2,0.03706768377594143
ck_573feefba6bf78bb,0.110548198709751
ck_b25657bd16739036,0.005724986112527461
ck_bd26d2bef14a8597,0.004292097728574042
ck_a553418f2fba1440,0.012395718757625095
ck_89f3e380b0686963,0.007366153084643693
ck_b359192aa659bdce,0.010638426460774144
ck_02241f3dc301bebf,0.003766645288897177
ck_5ccc1a1c78cb33ee,0.15331378490639938
ck_349cc5edda1b8853,0.07321971450470091
ck_e9f228845bf6e28b,0.01918910141919864
ck_0a45d033d4e280ea,0.021185514646819472
ck_7e63168dda612235,0.0013306692641485887
ck_676fa5f6aae5475b,0.004685748903126908
ck_74b502b20690ccfe,0.011336695385712617
ck_073509af21dd7f5f,0.35659346567614975
ck_498a0acd450944d8,0.0010339338680774286
ck_7f15b50b29dead01,0.023078491163981425
ck_8089fe7403c5f537,0.002931823310006573
ck_05b2b04e11d9ae9c,0.0201711756362435
ck_31e70f2f04b48b88,0.0006662542710290059
ck_994316fa5a02b319,0.00015402477673929902
ck_b76510998b9a2260,0.012761231017363976
ck_4db95c310e105d30,0.0025085473923055586
ck_6f730b77dc6cdb84,0.007538483474837024
ck_2493ee8e7b91d304,0.023796679018511794
ck_92d679d6ac7dcdcb,0.09746020812679514
ck_3a0e0200cbb185cb,0.03046578376015196
ck_0b2eeb4e00ff7955,0.009754765610919622
ck_9843d0e61c37ebe8,0.9970178283805817
ck_e61c8721e3ef1921,0.006243441683772712
ck_2e0eedaaf2980c2c,0.010459396062778493
ck_9036b2e5e9298a34,0.005127582114261087
ck_3265442528d51728,0.005687761968143643
ck_f2ddae2eb1cb29b4,0.0055373466636072345
ck_6cfa71d27fc27f92,0.010317769469108815
ck_f3199fbe84a28b9a,0.040088691608074836
ck_b78d785ca3ef773a,0.001040715595708106
ck_374865697f1480eb,0.025024626015144387
ck_06d0e4a9189302a9,0.018070506567464045
ck_9c9884b9bcaa552e,0.22376996448121073
ck_fd4cf578e87703ff,0.008734070731603942
ck_1917ef3e6e345549,0.04597761102624381
ck_e70418b00cbbbac9,0.04541538110711068
ck_a60388296a47062c,0.012804441413592658
ck_d598fe8d2c779ab9,0.003345470247167815
ck_646dc03de4c31803,0.9268803476471651
ck_e4fd8cbd842b6993,0.0010563122612177963
ck_2225b555aa2a42ed,0.038704976457060225
ck_6be8ae9d78148882,0.0029911858194885724
ck_4199342d3aca74e8,0.029249842226144473
ck_779581adb573261f,0.005640521136855081
ck_bb303568b6915205,0.08660868461177926
ck_17c4296276448afe,0.003091446644975536
ck_a60a61ac829252a0,0.007205411247593739
ck_6ea70950c1cae00b,0.9854611628936765
ck_1abb93f6924645e1,0.027961486582664757
ck_faab769cce19879a,0.018961438011616278
ck_d5b8e74e7ca6355a,0.020140118794225843
ck_f11f7691af16ad07,0.0008296667572277077
ck_188fdf2be7c92e9d,0.9990408342416477
ck_4a103f8254b366f7,0.00950429413992242
ck_bfa17a0b1760e616,0.0009338646720579842
ck_a4d7f6a5869d440a,0.979518522763766
ck_58e20f5a3e7f11b8,0.6009676420201452
ck_4becdd3d2696c7ba,0.002732649011666035
ck_dad5cf32ab9f243f,0.0052429151119915895
ck_7d9f73dc7c4f90c3,0.13725502547059135
ck_c19371047a2d011d,0.0013752689390785426
ck_247589ff532f7aa8,0.0017671490631826837
ck_7a9f241d5f082567,0.0008852221893466603
ck_0a2b7078736b4dda,0.0016172898269506278
ck_687b412e2aac7eb6,0.01996300405293101
ck_fce0b6855886a0b8,0.006351571118677777
ck_e291cc60920456d0,0.0365354028490533
ck_04219a7ea798db51,0.022117066338969378
ck_286bfd719836e9f3,0.09388705529501874
ck_55efc92394fee232,0.004313405708612777
ck_e36c8da1bd359960,0.016031805684166518
ck_34b0988a97d96902,0.012389560130310532
ck_e0fb11fc9dcb34e6,0.0009365221988370427
ck_bcc9cbc9ed8b7c31,0.010103258633898734
ck_3df8da6f60a89a5b,0.00568101488046868
ck_b1495ee5c59a6b28,0.007845726044782236
ck_58f4c3ac61fda129,0.021884743102001666
ck_735f244b99e3aa8d,0.00463150274595159
ck_6b93bd8abf87b1d6,0.9512446728315814
ck_12107dacc6d05bd1,0.00102353103032065
ck_f96db2a1f3448d1f,0.013675965384388875
ck_8fd91a3c99e19097,0.002565445381351824
ck_910205d25388a0ae,0.0001049140734126108
ck_d229dfa0e4442628,0.001046276816120473
ck_7cdec61e1c488798,0.03947719194649682
ck_f66f06e24ff32671,0.0016319419798743022
ck_350bf14e90b503f5,0.005322206336460289
ck_61fff5fdaadd394b,0.002967926187217821
ck_e934f984bad2ff91,0.5798657138638155
ck_ff6a6d3547dd2d37,0.002981748050894353
ck_65ad9b15979e3247,0.005585466231520462
ck_bbe1a2ea5a403ad8,0.6691293955782945
ck_6f3a28eecd2c4031,0.006465599705444415
ck_a89b66665714058f,0.02577898412897971
ck_918c92182b6817cd,0.014350043809976988
ck_64f5eb4be9e7b8fa,0.07796640866934358
ck_d021fd497ea35fb2,0.013276761819838084
ck_004de16f7d8a42ae,0.016062492968196986
ck_a33d2325f86ab12d,0.0038291456626696517
ck_89790ff26c844bc6,0.0023305260945774807
ck_e6e7257377c37b28,0.05277105993040561
ck_a2cc3910a641a808,0.37881636246199885
ck_646e270e0195bf05,0.0108355335455105
ck_baba5d66def0d770,0.22826946294308884
ck_67cdcdda3033842d,0.2486150548293025
ck_b5c3075c811a2216,0.036433418022077876
ck_515379973a8044b8,0.004396667627103931
ck_c0ce85fb4109567d,0.013921510175825895
ck_fef850553862aaca,0.0009408977835707885
ck_55d7217b0aff9fa2,0.014327903400616517
ck_8e139f8925ef7968,0.008537698970762246
ck_9e35b908fca1e4d7,0.0010167255215157804
ck_59735f4ab2ad3da5,0.013344653627185257
ck_dc569c1167ccec0d,0.9477583928238643
ck_1dade5592f90a15c,0.03180218279360714
ck_793048d11fb8b328,0.1729454718002319
ck_545b71eb4fa594b5,0.0010616025835251334
ck_bd30853e9a57b544,0.011919546886428775
ck_59f46321ecf6d306,0.0029711470791061075
ck_260cfe9141d249f1,0.1088824792374864
ck_3365a0ad1a8aa83c,0.005813249055517231
ck_b0ef193195a2138b,0.0005074840729055431
ck_0f909705e2e60f2f,0.0005978608840657364
ck_5a540b75c866166a,0.15183530619863472
ck_87c26b2f41025109,0.9980988274037871
ck_27acc9f320cda104,0.29462090825527626
ck_a27bc31eecd9cb9a,0.009115592299624586
ck_115d86fabde77b65,0.00022305037262836913
ck_eeca179341d56f8a,0.7300003951609431
ck_8e5999c436cf037e,0.0016388694540474887
ck_510e7c5df1f95d90,0.9985350256719444
ck_f1acf73363925958,0.046545813422758577
ck_3c177f5970b68bd3,0.017741530955449995
ck_9cdfaa1c30cc9d32,9.697902466008811e-05
ck_c8efa1538b37c359,0.014716936094752355
ck_a8a2e296f9804bd7,0.005072887209312729
ck_91a0ca45f429568d,0.02304502017678647
ck_5fdf8a0bdbd3ed62,0.0047604037285413955
ck_0f4e2ec66d50da5f,0.0010644798068566584
ck_28c53b214b2ee882,0.131545097586348
ck_003148504557f720,0.07308021195954013
ck_01d840cffb870615,0.6436697454883843
ck_555848d51f4b5f35,0.025179886950388013
ck_df20cc23b8fb8e22,0.02225659556487049
ck_f9604adde929beff,0.002915439158316863
ck_d66952b03591bdec,0.00864101337458386
ck_ddcac1ab765ff61a,0.012981080664893676
ck_347386629d96c664,0.015524422297483244
ck_ab01db9117acfe3d,0.002528180956496236
ck_58e5359efc52e0ad,0.00424485521677765
ck_1a524b5cc8da71b3,0.04499188149157656
ck_e9287b6d909d731f,0.003918372616967353
ck_bb41a66e3d90263b,0.07634711860004302
ck_e95c8cc1864bd584,0.001822033697209635
ck_7a3f2961e9a8b6dc,0.015498270180249274
ck_378a9df82b1e0bee,0.25333855555228796
ck_42633573639a3f02,0.9904811037509362
ck_2a5a4c18c2c7274b,0.006287922054861232
ck_77549c1a41f837c3,0.01994862527905615
ck_a26704b5b26258b7,0.01670046475638705
ck_9874ad160efddf50,0.0034644779488606186
ck_9111e3a04b14dfba,0.0645221350856536
ck_651e076ee43aea85,0.003642258982686565
ck_391639c0f13932f3,0.00023569285732592417
ck_02dbabda93c8c13d,0.001729091495736987
ck_0adcb1fffcb0a34b,0.023881583320326413
ck_7a43ef9c7b1c67b5,0.00022149439719752214
ck_4b9dd69946438d0b,0.007614626334956181
ck_90bf017cdd37b66e,0.022591593031846886
ck_61c74163eb36556e,0.007162239655344758
ck_13376c59b5bd6943,0.0012872639549850416
ck_62337eccb1672737,0.0200576771755036
ck_16077934338472bf,0.0005254019203445236
ck_0d4dfd93086e7330,0.009391490507178456
ck_3865b7525b910893,0.012040011763034649
ck_7e2ae8b69ebd5675,0.0132831827020184
ck_b4384b6c11766ce7,0.004290016748323016
ck_3d7fa32dfb9fc692,0.0368814210647934
ck_f4a6a7cadd6e0603,0.08570354299816037
ck_212525e2828a6c45,0.00947099481681605
ck_33ad8d53394ba77a,0.7226024979459829
ck_a5051eafe8b51224,0.005691317182321423
ck_f65e5ff7da565f91,0.0022173857567393154
ck_5c37f7563fa7591d,0.004633425292174053
ck_f1e0a006068aff29,0.004900742674368887
ck_c646cdead6fb79d0,0.0015943014247541316
ck_f8b3cdffef535330,0.07692818093537204
ck_e5cdbe3aa12c97f6,0.0014538193538304023
ck_986e4e61440506d0,0.04051829345485387
ck_6da9c5912e15d9a8,0.0006022809780564183
ck_51d842e6dae74c71,0.005082920331716764
ck_5fc65c24e0736d5d,0.9567002384012278
ck_babb95a76c69509d,0.0030219843552491263
ck_86a2d852a9715432,0.05018763416160695
ck_db4083a0d043def8,0.13869452849420777
ck_96953b8945b7d403,0.002281193385615655
ck_7831ca5c31fb3859,0.19643864341323744
ck_60ac5e5f375daa38,0.0017763842555213896
ck_05d44eb1f5f085ce,0.009342038469592367
ck_432cc19c7eeaa46e,0.04051805356294502
ck_7fc513033af061af,0.01949755154400101
ck_ada6ede84c111719,0.01823941306435811
ck_6343e0d3b1c2962b,0.01923022286372181
ck_010264ae04f2e902,0.025477820246995214
ck_e9dcf535f8c289eb,0.05315454611309634
ck_37143d9cc296e6fa,0.02385669200086251
ck_61fa051192f3e810,0.01868063962946976
ck_f9f93d1d41be1468,0.9877059777241972
ck_c4f4f28457be8a74,0.0002576363432526949
ck_323a71f9452d21cb,0.8425572696335822
ck_170f4688e0acd875,0.09566551167221549
ck_869b1878d09d230d,0.21853954337631057
ck_2f6b33bf46976229,0.0026166025981797423
ck_b11e22e75d9b99de,0.0009520801513189045
ck_123d75ffb75b606d,0.006923189094200432
ck_94295287a04c85d2,0.07626996167388517
ck_1b0434f096795328,0.0012064916403520787
ck_0a4e191cd0a57ce1,0.002580116122402423
ck_d2fbd0df99634676,0.004334817888347433
ck_d51df5e9fbbbcc94,0.0746043553486212
ck_2d3d7d64a6f443f8,0.0025648861412461174
ck_731943c682c9394e,0.0037533098500320814
ck_5ccc0c94e5e1f849,0.009649126125133772
ck_c3476080516db25d,0.013249488590827462
ck_5010ffb1c94187b5,0.0012408661759779381
ck_7ef666d67bc70223,0.02839341749532508
ck_c1b493527224a27a,0.00081575432216187
ck_5d1e25d7acc5af9a,0.002180184506916165
ck_ec30b61cbf517db8,0.0017101448720670883
ck_79323eb5d2e5efae,0.0015562267733999979
ck_4085cd3bf2661518,0.015157872975387727
ck_2ca91214c357c072,0.10507161370448646
ck_7f3132d6be389657,0.06286993902525906
ck_e7a6b925c8f39a85,0.02879256782273562
ck_c886adec7bac250a,0.023224691221174786
ck_c3f360c2d0ea0a37,0.011289289906762565
ck_a7acd5b015823793,0.0073997369736082475
ck_9d64187c0800f84e,0.011694272639229284
ck_5d4ed73b9efd7d11,0.006996213922204622
ck_874eca6776b34dec,0.0008390313166577768
ck_96a9221a87be93c3,0.015390283814699805
ck_68dd79a51eabf5e6,0.013412343605225271
ck_8311cb6755b2016c,0.004839511271656716
ck_16fc77b2bcf5ec03,0.9805173503431381
ck_ad9e2088a33c8c72,0.0002481003423029028
ck_7176bbc97b1e42a1,0.0026012143767722286
ck_80dfa54b30f65fff,0.7410185540341665
ck_31c54d540b128843,0.006538485527730642
ck_43ea894480567274,0.007988909089978385
ck_9c9e8a38bd5a6c88,0.024405973849077865
ck_1c2dcae19539e148,0.2539544442166114
ck_b0fa8b84e94d8ae0,0.0011901425024344692
ck_4ceb43ccd0a81c2f,0.01388270312423389
ck_ba845332b730b596,0.0011678402461003119
ck_73d3e8c6077f61e6,0.12977687022119244
ck_b5d0d223ef56473f,0.0021776558306892337
ck_949f08f8e80e93ea,0.00042080051373503366
ck_73de0b49709e5f8c,0.004109690619977582
ck_b5935e9722a39819,0.08077237660260231
ck_96247fee0eb44420,0.0030156419475483452
ck_a6def1e4b2d57e0d,0.10597647291285621
ck_aecdc5a96321a2d8,0.018108805895104056
ck_bc61c59970f8de49,0.031355257374211035
ck_c43b4175fc9ac5bd,0.5567221505809355
ck_8ff7a9b23a55fd62,0.01818728703638228
ck_20c99b645f462449,0.0020592477909260934
ck_a5ce2ae36fb410d9,0.00042579979259047587
ck_96fb9bf556842bbc,0.00050174193714962
ck_b5e4c6dbbed1b773,0.021130052284417375
ck_2085433978e72ea9,0.13107509443136775
ck_2c6b174b063ec637,0.015265669149756486
ck_b20b81b88dabe28d,0.0048991479062971445
ck_243c18dbf150831c,0.00304332266465247
ck_2bb6a17e8eee35cc,0.015315750714729078
ck_66147fb994495396,0.0708566464426589
ck_73f124f075ede0fc,0.005414806442022994
ck_2e315f1b1e533dab,0.001752609997748403
ck_16c7bf94ed3e7a6f,0.0012258706678818976
ck_4a0eae220a762ac5,0.014652809693396659
ck_dc16f939c2f44ad8,0.06926802891456772
ck_817926b449754917,0.013795122765213294
ck_0c0dde42ab64ef87,0.014589683541831253
ck_cb3a40594da6a2ee,0.06267180981008745
ck_d0dc156441fcfdcb,0.008855823907203544
ck_66f0945add423e9e,0.011717558291605038
ck_a74f6a3030f5d495,0.007847896708311866
ck_1ae460f331e49ae2,0.012741565501737507
ck_2d177b2f4f0b40c9,0.06844407272370444
ck_92e474e4368c4791,0.0046024246981323695
ck_3dee83fa2d109484,0.003340552473102687
ck_80e5ea27848069fe,0.006030612746000859
ck_ed0c4a83701ca230,0.03131080901785237
ck_0b8b7c5c581fd161,7.870140322297784e-05
ck_60bf8a2870956fb1,0.007851148420553147
ck_73a54b56a2bf35fe,0.8497213628857117
ck_2296d7a563424883,0.012392818474103172
ck_bc19c383560c7477,0.01091417483286069
ck_861d8e3d88f1079e,0.030502082021608225
ck_3f090fc96c24eb28,0.0035053721972894587
ck_9a6a1f8102febfca,0.01183898312996837
ck_541b6ad5d2fa5a39,0.006179591947901883
ck_a760d38d1bc4de97,0.0004673600122556421
ck_7dca4d7ee10b4eeb,0.0012579474802398834
ck_15220e78d1545e40,0.0029873467576056246
ck_ca24bb0de508efb0,0.006047998653340456
ck_56b389627d8f02c5,0.9987057784201241
ck_48a6754977a44db0,0.0017016556185552624
ck_333a43ec339a04cb,0.08688967605674672
ck_f22aacaf86a65d7e,0.012014735335492441
ck_04bd8a1ffaf3ffd8,0.0006461868982326013
ck_2737a72de6b700f3,0.025447027575975688
ck_c35e03b0dd0c3454,0.01902945930480538
ck_e0571312f395cd94,0.006931046556390136
ck_09fab6b9825001b2,0.0020085707083107663
ck_18c3a095606209e8,0.012123063960111242
ck_2a97db9377d01e36,0.0016257175286008246
ck_f29dbbfdd2786bd1,0.008133556494977169
ck_35d6c510ad29362e,0.15446739308284238
ck_5468fa99c945d785,0.024662651172878684
ck_6f8102f62c876cc9,0.02218567642674219
ck_91955aab3424ad16,0.0009238218370101337
ck_9a43c0c73a39d759,0.006173512310591163
ck_60b023af6d1e30bf,0.7527515566618995
ck_9704c5cf8659cedc,0.020636493389282775
ck_7e5f02b51b9f78bf,0.07464663236104417
ck_7d3a88d1aa649708,0.7898785733438977
ck_8250eddc1ecb07a0,0.03901046960773044
ck_d979ef95ee44023d,0.007658186130309235
ck_5e5461dac83531ac,0.011683079493710006
ck_d1bb8890081e0a31,0.02546041749525307
ck_32246c62640648d9,0.0011588286604457831
ck_77a40c7d2f862a32,0.019468773016600018
ck_1c8b94efe9238f5b,0.0009397043780452876
ck_eaf3b6d11bc3cb11,0.003881215766508141
ck_a4a7ef3ad799c380,0.010487433766743458
ck_d5bd8f68da073cd8,0.022782838007369036
ck_6e6258227fc8db7f,0.0010445641221516586
ck_c35d444e05799db6,0.0019745020553021903
ck_74665e1209140ae8,0.016332872883627166
ck_353a272478f7e903,0.0014999970003623988
ck_a2c9796ea229a4e2,0.005197078881295726
ck_e0171f91cb3411fe,0.022670077115504145
ck_703499f5410280f7,0.00037158386658148207
ck_ae3a763997f8f385,0.06077937539117972
ck_f7ff94c3df5ac874,0.020891215612346265
ck_f3c16d8f747db046,0.02532281092185608
ck_7ef019ed77276496,0.0012768540893376918
ck_d6a4faadab58a3de,0.0018984683991741568
ck_ba7b78d31d74c794,0.023724130474076382
ck_36287d063350ce9d,0.002380486239701069
ck_5177fc7137ff26ce,0.0007220992915402467
ck_dfd4e79aaa967b63,0.007402503403272585
ck_fb44d15fb93a7157,0.07227642684278604
ck_fca478361870a4ca,0.013966156421491474
ck_e57b94fe57341058,0.017013119349428316
ck_5448c946cc4758fe,0.0026518906516105234
ck_c5ece5ffb8800ad4,0.007023679291455677
ck_11cb98211b2ed134,0.9850910733290648
ck_f655399ac75c4450,0.02080623850775247
ck_c817259019588d30,0.03314345540424696
ck_8740a14d8096c6e1,0.007895286219080188
ck_0c5ba86f4e05b38d,0.008257801757709265
ck_ccc917533d4b73d4,0.011084796241081774
ck_9eb80edfa43203de,0.0039394229389380035
ck_d1a1cf4cf61d6801,0.01616980970431
ck_b17c239f160e6017,0.004096702830893253
ck_410c3e13b48e0415,0.0005896745595715043
ck_ab553954435e8854,0.9759665829198434
ck_bdbb4230c91e1604,0.15569993583875835
ck_8fd4937eadd64fb6,0.00419113159975989
ck_e0e90b196bef3c11,0.0012331588109973208
ck_3dc4d464386f0eb2,0.05839086979816352
ck_51bbbf8f8e8ad005,0.9990513934840513
ck_c05737ab74cf03c6,0.06553260178515144
ck_dceabbe04d99afc2,9.361211413757389e-05
ck_5b86fd14e85bc9c7,0.7066699718072507
ck_d4febf0083800424,0.010120983414575423
ck_77d9f86dcf251739,0.003450128944246399
ck_b4dcebc543deaafb,0.018196070674153526
ck_cb856e75c949b0cc,0.0002577006402962536
ck_61b067de8ffc1ca1,0.07023287864057237
ck_c0e8560ccfd9dd9d,0.004801724882166214
ck_173e1198c341087b,0.000969346566366313
ck_b4d55bc809000276,0.026480091114312956
ck_839bf139296b5cea,0.00919699731960876
ck_78cd402a2a4f2e35,0.0014064255920264248
ck_c2925c50ebacbdba,0.0015362635614848818
ck_5e3bc76eddbdb0a6,0.00033009029440486616
ck_b7793edca26fc512,0.002864631161160857
ck_d79bdf04d6f31cd5,0.0007756469899074666
ck_4b97d19ed946f503,0.014125273638866094
ck_37139b41c5370523,0.02969349289718886
ck_8c346eeefa9ce692,0.01622389723396695
ck_2ab7eddee2d8c49e,0.0014080625646243708
ck_29da59ea3bffb9d8,0.20189993630047057
ck_c1d05ef0ec6e4be7,0.0036810479498317833
ck_3882423b449f6291,0.9052384906538311
ck_5647030283171ed5,0.8058715062694148
ck_efbdcd9c181e72ca,0.005872974996977532
ck_192fdad892782daf,0.054993812658783975
ck_0bf2e13b9f2601ac,0.02064007809073226
ck_3d6046a533057795,0.002084920114833358
ck_279a1d3a3836e5cc,0.04253225286153736
ck_c375e929becde422,0.006750716980456569
ck_a59e90219939a1f0,0.005535673047394271
ck_4e9fba1ec54c3ff8,0.006207730883473812
ck_bcbd8588a13f5eef,0.0008169486017842081
ck_5f9a7ff990341bdd,0.00036071504570794324
ck_e0403d507519b7d2,0.010240645376762699
ck_c9490cb61aff5112,0.006630055876335705
ck_41dd44308e6a665a,0.0566572354437592
ck_76c23726cd7ca947,0.002418434145836571
ck_9be551300209fa83,0.007581048686056965
ck_a98848eec6c9581e,0.3083784055958711
ck_61176dafb33b2d8a,0.9484779907611084
ck_92de019e05971ce3,0.015052496536678117
ck_5d644224135d7c65,0.00616898994899858
ck_c767fc454fa215d0,0.00035136758825329926
ck_5df85a8924e11f27,0.011162511968240111
ck_da2729307af06ed5,0.005799261861566833
ck_7c6b577174af7a78,0.002814432228284647
ck_893b8afbe11301e1,0.00026813119601020157
ck_e06f6fed020ae014,0.014890384976571174
ck_386680372fb54857,0.0032775014915221072
ck_7a7f3c4fe0c9d2ca,0.002093522054256466
ck_f908b527c4db422d,0.02025475714251123
ck_ec2eee6a133e9a6f,0.023835117422832112
ck_d98934f9fe0b02b3,0.0003810561167137438
ck_398a1ed77b0130e5,0.005272937443068121
ck_d960af7a55b892b1,0.008393514801866894
ck_4637e54a9f79e2e7,0.0027336081035273805
ck_02b9f418524f6650,0.005463604223318886
ck_d4b23804cebb045d,0.007776428739840611
ck_35b1939c48182a9a,0.0047267103250778235
ck_2dcbb71e39d64305,0.05794028194685767
ck_47a884dec960ff2d,0.004485584326097897
ck_71fd8c346fde5cca,0.102404107964379
ck_98e1992ac8e7d2de,0.02226075709477425
ck_ae7780327e210522,0.03153278258659264
ck_e6c584b4b1ad6d9d,0.009112537360220652
ck_344b2e326a6c3dcc,0.003510911901789592
ck_9aa899a5230b0963,0.026588076974546702
ck_e48d14d5b70ef5aa,0.0005308276190745228
ck_59d380a0973b3951,0.0020677487145672295
ck_11318f7c041a5ba9,0.01665637865592806
ck_7061786fe2f22f5a,0.016743162359061304
ck_e77529651c416cf7,0.027538113378802194
ck_7f79878197340435,0.003681964437225985
ck_b0a0fb0ee9ebf106,0.00952045855733048
ck_70c7679199776a90,0.005977733427163231
ck_b9facd2210daca5c,0.05897998291823613
ck_9949f53c155b8dde,0.001343904568415999
ck_1c607e24f2c4397a,0.023736474301822623
ck_aefd1ce3ce093cbd,0.0004171219894460751
ck_5a29b7018e43280c,0.0006211425208475718
ck_69eb0b2ccfbe5f95,0.01686436516138073
ck_fe037765aa465c58,0.0023468387974644993
ck_5e512ef5362a3dd6,0.01047842817997676
ck_544a9e80b7fdc279,0.0015006287132837343
ck_7825494e654d5695,0.03738721141740757
ck_f1f2c3c623553f0d,0.00015169647562759142
ck_52730906e5b461eb,0.8604031699880994
ck_01e0689157fe9617,0.2955933684809914
ck_9da82e567074da9d,0.0021820489926613696
ck_6a17384072f904c0,0.002268308777154711
ck_8d84d771a21942a7,0.0011584821296019736
ck_39638880292782a7,0.013271037711046152
ck_7d51c86e0eec72ac,0.007373180126054236
ck_45f4c821c70d134f,0.5819932353635233
ck_0af3c13ba56ce57c,0.001961359380387866
ck_0789a05e061b2784,0.5663396323842654
ck_6ba091eb42ffa9fb,0.16807782769287125
ck_265accb3c5c32620,0.016723675588070887
ck_179039559ff7566c,0.010022435648483949
ck_17c0a6a92b5765cf,0.0023791637999620147
ck_59371c9140239fd7,0.0297955463606013
ck_f9c4f8b4ce2691f0,0.019430513182850627
ck_a2637e4872cf4811,0.16221026516436352
ck_1de43fd6c6c22a5f,0.08443329628338879
ck_6e4f31bd108571f0,0.0013767615997422196
ck_da06d97db0b18851,0.0005351083986815685
ck_e0346d5081e640e8,0.042114152273284314
ck_c1c7d4e62c9fcded,0.143971903990102
ck_2595669e421299f6,0.015888909040879303
ck_3b6057d51fd4c7d6,0.0036018487101483966
ck_c5f8ab515840a0fe,0.013609698349460719
ck_435cb24538c6f77c,0.049751368351786576
ck_d84b5403da4cea7b,0.014772047843739769
ck_c2b61a98d1c8f6dd,0.9459515883119717
ck_c9dcd92b2f836b61,0.06838833738068431
ck_9eb5b3f5f672c2b1,0.00014092266191350608
ck_e4cf189a8d31649a,0.003215357610195186
ck_6b114f2a48152b96,0.0012185523785407638
ck_3fb95862b70f505c,0.02224490879031224
ck_7f780f465c29398e,0.0039744611539142185
ck_ee387f9da79e67ea,0.021854380748425117
ck_fa3b1e85d27af2ee,0.049635644336186245
ck_e739eaaa7a1822f2,0.020800283577538606
ck_dfa0ac11fcb1dabd,0.004010691920077754
ck_6e8751b571ea54d1,0.025702395357518826
ck_2d695f8358383092,0.01686139317911867
ck_e7dce27edb700f27,0.008032893368088233
ck_e322da8b213eab52,0.0012813230316126836
ck_d0b32e039abb8200,0.0003660284333438576
ck_b354003302b272ca,0.005258037340127119
ck_f7485cba392bc294,0.09934277215267612
ck_d6a290ff8362c7b9,0.07053809215398561
ck_c56a44fe315c0389,0.0027152796396117335
ck_f77dfe6512eae322,0.004707519797221713
ck_35fe969c58b9e70b,0.018500564827529827
ck_4c518637db2322d5,0.031731894234860836
ck_cb61902798ecc4fd,0.12890950090121328
ck_56e6cfa32156a916,0.007997154457595301
ck_343e6ed2b9d35c01,0.011489696682420234
ck_51440f64f7250ad7,0.029432707884633515
ck_295bca29c34cfe2e,0.0381376037547164
ck_dd30558576b45e7b,0.0028135192735248803
ck_3a30132a57181fe3,0.021050906758478354
ck_4a733aeb833406f4,0.002703506682844569
ck_1b0b7c3d35ab1259,0.03401997745979576
ck_962c3bbf27cd4b80,0.14834998084621104
ck_9528e1d6b1707870,0.0015203221876324555
ck_b3263e7f31aab45f,0.012229442756845456
ck_e69195a3c885053d,0.0020508081342102847
ck_a907fa8795cd4baf,0.0010831188707705747
ck_205c3405045bd835,0.007693762304595781
ck_e81fc223bed3c46a,0.036965034259560776
ck_363751deae40edfb,0.11524593326149413
ck_6176baea8cbebbb6,0.007038973595827633
ck_633e6579f5c74a5c,0.5740476489956221
ck_ddc11fc481eef58d,0.011845862581810694
ck_e975002c979e12c7,0.07309717005752356
ck_8e039b23acaaac00,0.04705119870189718
ck_1d6990d94a4d2ad6,0.027374963277531573
ck_e7b583acaa3171a2,0.020877671619659775
ck_c0133f60d39b2fb5,0.014487026390115312
ck_7d6bff85e7a694bc,0.0016505236220991887
ck_d305b4d82f63f647,0.002896843534049455
ck_22bd0fc71f95e048,0.030909610423451743
ck_9a65fcfc7916f93f,0.00039034414307563596
ck_d61c837b0106085a,0.03603292078245309
ck_be86a1db08dea456,0.015375539684452169
ck_90489c405e6886d8,0.0032767503501083587
ck_0add2c321d579d75,0.034981223213453705
ck_482dea6eed92cbbc,0.015974588809216886
ck_c24b47184534cc2c,0.9799062378955344
ck_fa04ac31e596e7d6,0.01396404395218935
ck_084322dc5a3a86f0,0.0016040467913090905
ck_ccb72a33cc1877b7,0.005636069464452247
ck_afaf374009d3b248,0.009865392468174944
ck_b53084ffede19a8e,0.001407052415582727
ck_4760216154c8cac2,0.29766143401876427
ck_37ad3a65db673e70,0.0010926094232650745
ck_0c2932cc0d553694,0.009564492524484528
ck_86b853c52f20fef5,0.0004794111779274049
ck_38703b7546d35a80,0.004049426245172584
ck_218b7e6e6dbd2da0,0.0012409742158727105
ck_402db4184982fdf5,0.012745994415081278
ck_f917c82af80e4a79,0.14466878995949425
ck_3c6417a233c68c73,0.027742604041428066
ck_98068c397d70dd3a,0.02074894857314585
ck_b1cbd6679c0f8d95,0.0024069310229690587
ck_9e962f9bb0e7bac2,0.05159196313969664
ck_b08247c3ad567d92,0.45602041874841703
ck_3ef7a03ebb81cfe3,0.00028983275849122004
ck_5d7ae0e3562e99bf,0.028076829731444628
ck_c91a628236baf91b,0.0737685557302913
ck_7f8e816ca51755e3,0.9916183167778256
ck_5aadd286d188f5c3,0.0010562969918070707
ck_a037aff5f8128c73,0.0038899947757631646
ck_5df6529ce8290906,0.016598374175658723
ck_5f3609511443e5a8,0.0085750145506192
ck_a6f61864fac3c8fb,0.005574499260697361
ck_2733fc6ba23ae46e,0.06350984310933769
ck_22bfb9246646eb41,0.9099933538423238
ck_bfc2a57d8fd1610c,0.5878387777138242
ck_49839e761d0e74e9,0.008165984341214731
ck_aa4ba931dd37481d,0.002583554846119013
ck_2f9fa0d61829f815,0.021756333261078276
ck_5b82c774df10d49b,0.0005165939192065483
ck_411219470d0a195c,0.01465927299910651
ck_d07485ba10514a2d,0.16305600482444224
ck_219bef979ee21bdf,0.0006865475041469808
ck_eb1006e7285184a6,0.008951216009929068
ck_fd242b18575e3063,0.05219663294783547
ck_95188150ff059c70,0.04211130122665934
ck_a9ca2f447b984a6a,0.032561256433069743
ck_2dd39723c4088b64,0.006448536036156616
ck_aa2b4c662ff213b6,0.019675264750563363
ck_1867b1199c864db5,0.010840452379131407
ck_850ec97a5a0dab9a,0.0138400352948153
ck_562320295fa35875,0.002590595037716491
ck_bab5759b07fe2bea,0.0006607649894614003
ck_b9f1465d803e57b2,0.09813086791323111
ck_8f21f2690c32c691,0.0348218353994366
ck_df87d6f61a63eb21,0.0012595168498101181
ck_770475876d0e7e6a,0.007231242133547758
ck_b4c014d5c0cc9eb2,0.0019713343591470154
ck_3add4d23124c9290,0.00192222474786065
ck_bce5b7fecfb6264d,0.0323254078174083
ck_604c17cb97dc89be,0.08568132460175483
ck_e52cbcd9aafd26b2,0.0014748510562053536
ck_0ac9114076f5bf3d,0.009152387859059696
ck_dcc125b178b79566,0.0003830665362618079
ck_4e333c09f0c37dee,0.004083630626094249
ck_ff7e31ff8ba731e5,0.009061198572495478
ck_8d0532d24f1070d1,0.001986193277368682
ck_3689fa41748a6f6b,0.10460078659989183
ck_7509eb97c1948b16,0.007934307520801022
ck_a9161cf1ca22a6bf,0.0021047330051441903
ck_bed3e3db135b782e,0.02410986581859324
ck_9040edd974ef8e3f,0.675236845546133
ck_fac32d76ed40f683,0.0072110747953951955
ck_3d7b1078e2d57c69,0.0005652441383714754
ck_dae09c4e074af5dd,0.013709430840266398
ck_fd84507228467b40,0.1568671951470036
ck_e2a2ce9b8cf44c63,0.0017556817294084928
ck_cbe716f351d660d4,0.0017791567385746167
ck_cba4162ef29a6d27,0.015363046968862553
ck_4f1e962ff8a29732,0.0018703670066630477
ck_39a81899dded61e4,0.008348065367986239
ck_25382331551d22a5,0.06751189952728312
ck_6d64e1c07b19856e,0.0020958852177761023
ck_165a868bdef28ad3,0.0249748879582366
ck_88774ae52e30e877,0.010380561921100828
ck_fc7a9d0643570053,0.001983180803349422
ck_c2017120b3b88a46,0.0013400702749990696
ck_d115ac6b9fd62a7e,0.0045865343106314075
ck_439cf7d51ec7de0f,0.0007835693995909569
ck_2468a7e9e68a0927,0.00254916632895991
ck_7c418947124dee8f,0.09415654803471411
ck_fb0cf32c4a56f740,0.006976722115396712
ck_694eb6c43193afd4,0.002737757328690702
ck_993beb188dd4abb6,0.006435779674989647
ck_77fa39d3b733c226,0.0842853472318914
ck_49969a9abc47cb69,0.02746681084990783
ck_d3f44bbe2f7e9b2d,0.004004628870150293
ck_fcf5b8216d0c18ef,0.0009175515108783189
ck_daefe1e2d2bc362d,0.001013375739257333
ck_9c9287cb28950eb6,0.015048536689351598
ck_c1d1a625b885a975,0.017206804126606724
ck_71b37fe47490b4ba,0.0011190171547446803
ck_5d16e257c0635f7e,0.331812664280921
ck_15918075563eb074,0.0010424508357572222
ck_9a15fdefc47e8d11,0.001841095981958696
ck_6f04d047d1dde75e,0.00028043713036189486
ck_1af2c0b3b8d202c1,0.0020157958806867027
ck_174be2231c5fd2b6,0.00011394167098982334
ck_bb0713a2a1d65982,0.018411909989777278
ck_0daec63bd5b0729d,0.0037403988103821674
ck_c0b5cc3e8ad2ff44,0.016736021218720212
ck_35bee1fc12664644,0.03299984168626712
ck_a1c7cf63467df4c2,0.000906836614355199
ck_ecb1e15f0b185ceb,0.03602088828564882
ck_f280d31f54a4710a,0.038630819301723074
ck_30f4b2ee8abe1342,0.013202611709753809
ck_66bed631354de5b7,0.0022178474954143135
ck_c2d3ecd7278eba2c,0.004097065982664476
ck_e901dec0e09eccbb,0.001807993139574037
ck_5d038ecb3c8748a3,0.00849185389371595
ck_283c5bea94b21e80,0.0023541526136520853
ck_7956c251b85f009e,0.48637825508269256
ck_9f5f81d771146aa1,0.0005409367416672696
ck_9323e6fc1e168eda,0.5599618870366447
ck_10495d3a635b8d69,0.026868524406374997
ck_1982d571cd36eb0c,0.023167725307797715
ck_4f5d7985bcc2eda4,0.004067802619575305
ck_7df526b2b4410bb4,0.03868641060620393
ck_dbb498b1a346a402,0.0011076612726326068
ck_ef059997563e3330,0.004084749945787368
ck_02ec4e06709e6b82,0.0011236914313114423
ck_9782c86ba6485f88,0.0005011008677229349
ck_d69de468b44143ca,0.01091773051757977
ck_6430a8792f400e0a,0.0013295492536068844
ck_8285bd3c90af94f6,0.005746992280301144
ck_985c9ca112000e9a,0.010523740329062614
ck_e679fbf4f4f4aa07,0.0009998796280941708
ck_016e8c8eaf9d511b,0.02991697162252406
ck_bc996c523944644b,0.04567892562785047
ck_5b8315726f6204e0,0.021701321978069725
ck_78181f8e998e442f,0.0011244018281827235
ck_71c68dfd011dbbbe,0.5788516966928312
ck_db32c95ce2b6f502,0.9902351821372452
ck_755010362a9b1bc4,0.0011727978438821401
ck_114141d85256c9ff,0.0009635032289478483
ck_9d1a5cf5a3b87e48,0.005603802133762478
ck_ab640420858ab5c4,0.12030917218082453
ck_97a8dac48dd62488,0.2575937907970217
ck_879cc3166fe1bada,0.0013724790599089487
ck_b0ed11080076e381,0.005185064461105393
ck_7334a9ec656263b2,0.003471792145860069
ck_6494f0ef13ce44d9,0.0010096474032702243
ck_724e459b9ece38f4,0.044806799923017525
ck_7fd8b1470401695f,0.6751154853820384
ck_292f81186358b0fa,0.023283649031708646
ck_fa7de64d37287615,0.032765717388191874
ck_d00e09e66ed6458b,0.3272095029677206
ck_b8d210e741be186e,0.005321137212039999
ck_3db59982cbae4410,0.0010587899189040395
ck_69887d0a9aaca6df,0.000918998067890187
ck_4feb21e2fb0b3977,0.00033257661978948786
ck_08c6cc1e143475e3,0.0019131365607892004
ck_fe6e168cdbb46b9a,0.0674173858444133
ck_07f1734be7fac56a,0.029860629948891233
ck_d66d59981307db93,0.04849631464472159
ck_f928dba0d587d7c1,0.0012196511229700595
ck_786448fe3004cbd0,0.0004921071177961944
ck_29ea329fa40ace62,0.019534840263923367
ck_7ea52b6f27edcb73,0.02792908352780315
ck_18bc51bbf3ef198e,0.021434193751386447
ck_44950df09ff14ded,0.0012758279484269498
ck_c1466b52c0a10b93,0.02205137665287799
ck_6cdac067cc4db5c5,0.03232455186356504
ck_53f55c6e8cf2d432,0.0023184978645117223
ck_95945f48453ca532,0.03393244215861624
ck_87cce4126e215153,0.007010130066441341
ck_1ecd5516c92caa4f,0.00016812476151310026
ck_819b482bca14c068,0.21542535782136832
ck_a61a879dd46fc9f2,0.0005139891057443092
ck_af70aa32c009c3c9,0.02220469810900797
ck_f4fe78e249092ab1,0.023526878921057058
ck_12c46bc52bf45b36,0.015131814090983976
ck_f05f5e4b40afa52f,0.06593419413087095
ck_0f8cb09d3f4fc980,0.25403910720788614
ck_80a64a7f0275a71d,0.0014895300350139316
ck_683af7b1540a0b22,0.013276489865407854
ck_51fe0b613c076cbe,0.0025155022401725843
ck_da1a2450219dcf19,0.05371708445781988
ck_2a7eba01ceba6c2c,0.07078226515910092
ck_4e329e29dfa743ea,0.3035924027798476
ck_0274d881d6db82c8,0.0031634763844197193
ck_0af5b7d128035b35,0.003170893683851206
ck_ae0a7be6b0a0ea68,0.008656113295559544
ck_de5bb7a4d091386d,0.11423821574175609
ck_2bb7c17168a9d17d,0.006091851865805069
ck_0ffdff7b2f5fdfe4,0.0016465341900968025
ck_718a8390b3d42d7d,0.0017052167350920847
ck_7c4f12d70f184533,0.0016797840203164115
ck_d3e2c26b8adff099,0.007708121586676022
ck_ac9d3d9754104cf0,0.0009238282682040543
ck_3b1766a1d51f8f0e,0.28423139079073567
ck_a9bf75bea912027b,0.0039378451143888
ck_687eab3ffe1f8cfa,0.03849432614554862
ck_25dd0b02af5b2f37,0.02364065888702899
ck_1747fcc466f0ae38,0.001359905396112008
ck_f6e9d14dfb6f3c28,0.025529766689208134
ck_c6a7bbd0adc4d5f3,0.03430758806931515
ck_46656a23f4456d22,0.5104550948300297
ck_7519260415c2998e,0.02023157174365846
ck_754f30ea19df857c,0.00708079741800444
ck_ba88a244d5f7380f,0.016546042403289735
ck_f268416945316815,0.00791437430015147
ck_21860dd2159dff28,0.01587018226942605
ck_7a86ef4e2beaec38,0.0003112997013764979
ck_0414507baeea936a,0.011470696892159677
ck_60796eb60fc3043e,0.0020641806201198583
ck_1e0841ed17fe0562,0.004394297683446052
ck_0d641d32658d6e0f,0.001452258254874082
ck_b36086ae6d87eec1,0.006275932718419651
ck_962e65ab33b5c311,0.9621821989037536
ck_b046a42684468e63,0.010208264367672342
ck_ab3426435b0017d6,0.03830652595855315
ck_fcfe06e44d09a344,0.002719811244458059
ck_0f6d916c92189516,0.04037850438726778
ck_d4c8f0d957c3965d,0.022429366734035377
ck_2ca83dbd728af019,0.0018434748302779544
ck_2857a4ce9f72fbfa,0.0011349490316791878
ck_a60e6edc48e3d0ac,0.5777423050608846
ck_0cbd3b27063d4415,0.08813373996598453
ck_612089ec90c37219,0.015279530847649376
ck_ec4e597f17f473c6,0.00298822191985064
ck_1c93cc58f314bf71,0.009622296916315025
ck_2b359a979520276e,0.005853112155903638
ck_1496568ddc3b2d56,0.006984089575159966
ck_41d91dc9f5063566,0.012029661918618977
ck_4c5ff58afe3d7a67,0.0020890388935695193
ck_81709736281fa3eb,0.0010441952211519788
ck_d89abbab3d4957aa,0.004103167260144399
ck_52453401f88935da,0.022037178255357944
ck_a477654d34783e06,0.0018373312875169844
ck_72dd0dbdf808cb00,0.04471926419890744
ck_c183dff3781746cb,0.051498954172959514
ck_c8b7f241810b45e5,0.0008596016919558649
ck_f88028c3f306bc70,0.07379343477068981
ck_91d48d69e4f5d9c2,0.004784492599487015
ck_b74b9ba6d7c9aab7,0.04074117208509685
ck_03e904682dc73bba,0.005192003859082267
ck_fc6fed6ea96a004a,0.01136954371681163
ck_51efdd240e34c642,0.029386492521309416
ck_e78ab4ff52b5fd2d,0.011484462564824155
ck_4af7b97c24d89a45,0.011126775807249084
ck_295c0072eca7f7a2,0.0026757735619483717
ck_8abd1a50a9227463,0.11124990491680649
ck_ecaa6f13304e3dc5,0.001409466457060974
ck_de436e7b319be1fa,0.9994107255027029
ck_c802cf8f61466027,0.0017771303266500393
ck_3d83e0a3c1cfbf8b,0.002493189110025328
ck_28d2003c2d16e4b6,0.0009555108104022027
ck_8ddaf745bbb9cd62,0.0005631065816948195
ck_493b6256091014cd,0.02392144180786155
ck_a2245822cfea997d,0.0004208812975449043
ck_f7305b3c64cf8a03,0.013225031541345236
ck_9937dad93a0ed3c1,0.009885558316919037
ck_d654449f9231ad76,0.0033793139125091703
ck_850e2b59bc535490,0.026486283725639683
ck_e55e5bdfc0242aef,0.04287476336156157
ck_d35c51e981b98c5c,0.006987740732763913
ck_27cdf9c5e6f0915b,0.0033184634920441
ck_d328db1e1052d820,0.019792664168128676
ck_0ea30eff5f361cba,0.007820996982563047
ck_9994323f97109f4b,0.9917546466225777
ck_09054e97bdf9624e,0.0035325515493111756
ck_723b4afc388113c8,0.003048950943614154
ck_588f6e6a6a6d93e8,0.01648735677202637
ck_e1d563fab4d6116a,0.015358787251633137
ck_53aca610e20598bc,0.005527479202656528
ck_c8131ddc7ed33448,0.004641322154781852
ck_899f88464305824a,0.01271608469193638
ck_1c17c65804f8889e,0.0016696901038369871
ck_45a16ce12893cf9b,0.02112517867564998
ck_f9d481aa4f9b2808,0.7251904321775866
ck_1d5d74169cf892ef,0.026272052452321278
ck_aba32acb61c1aaca,0.03075376078887105
ck_ec4dd3675a8d28cc,0.008349082851754234
ck_5dcd443fe0bbdeac,0.00038202721717479275
ck_3a47e3f54475e854,0.0014223195579381555
ck_a9aa5c344c315532,0.004246657240688123
ck_9652283c9f61fcec,0.0004597124346108527
ck_752dd3d2487f78ea,0.0030353199446342878
ck_a821980ac4db9943,0.14870760426988874
ck_93e0d6befb67f7a1,0.012128788888839302
ck_e7a3881c3e36bd51,0.1507167970197585
ck_12631b78f8a03df2,0.0006114162184199088
ck_57b8226610b48854,0.013785841805188208
ck_352657008983fd4b,0.01832963757741303
ck_0841a5c24fd3dd28,0.05112870351270699
ck_db9b9d5d30f74070,0.005829502234836426
ck_a9dded7f6294e44f,0.13705655565540678
ck_91a16336ce3217dc,0.00930498999798949
ck_371bd9388b287677,0.0025321940875470445
ck_f285e5e1912a7c62,0.0033594218240774955
ck_368b65fca69fc415,0.062357664498483074
ck_d27a73596b6500c2,0.01490566968706795
ck_2d963f9b2c4d11e1,0.031856083682230044
ck_7c500e219af39486,0.00563672055017077
ck_7d025dea5951cba7,0.0058639904608012855
ck_32f632706608859e,0.008783010868172568
ck_53816231f3ffb48d,0.0015152056687256093
ck_9dbe184e81c1ca8d,0.03606547326628221
ck_d74123617f22a21e,0.007597435319933511
ck_275386782b1606f8,0.0025430184131771437
ck_0b0e79d33e50cba5,0.002412155911474813
ck_ba93cb604f792915,0.02868454210677227
ck_a86cd653472eccbc,0.005155498969693946
ck_87771861e0447210,0.11942534439518031
ck_212380e0371d8a6d,0.04890212123010089
ck_ef0d702d7b0ed745,0.001227170920925337
ck_2b8f33e22f939372,0.9566606619835354
ck_480347ad92037105,0.0031378195159673175
ck_20124c3a16c53ce4,0.0015557834775331567
ck_c9e1e3229baae708,0.013086967461185334
ck_b1befe967f7a5ebf,0.068454047848377
ck_4672167d7c989bbf,0.07184941375918867
ck_f0c44ee5e3a42e3d,0.012246058948179225
ck_c416357d20238a4e,0.008147267900251363
ck_d0f470f8078c91df,0.011135124027839656
ck_3a70b4ee59084715,0.002424232201275209
ck_179ed66cdfc1ce27,0.002072714047200432
ck_387e5a7f163c7837,0.012423308131294691
ck_08fb463e69f647c8,0.9972133970935575
ck_732f725747393ec8,0.011632682352621227
ck_7cc5e0fa3ca5a713,0.003590188418583241
ck_ad4a4daa826ac68b,0.028105485770977795
ck_472e0be7a3b533bb,0.010136329804479137
ck_7190177963eafdd9,0.008570273334529298
ck_647ac26c5900f082,0.003055363293766741
ck_272ae2179bbd8e58,0.0016420106912099256
ck_09b0d8af304646bd,0.0005335596077221875
ck_ca0cc8ea9f344408,0.01187522275200067
ck_332ad134fb909869,0.01011910263405276
ck_fca2798914627dc8,0.05371081849973112
ck_4450b55f462ae134,0.0022049854786714007
ck_d67d9dfb60b286b9,0.0004934670540738486
ck_a9d2bb4f2bde7052,0.0003336950483970763
ck_929bcae878a3ecb3,0.5673984105562065
ck_59a9e000fa275e1f,0.020241033927637
ck_57f17254e2688637,0.03178125458636439
ck_0508908697f60ce3,0.15645512966875738
ck_946afc2943298d26,0.0007195653047775079
ck_7176d12b18f2cc0e,0.005579112280281627
ck_5c47b49c26cce286,0.02647830052916219
ck_b6a2bdb2d335e1d0,0.9976880689861682
ck_1d58f6caaa4d012c,0.03469536136433676
ck_71c917295020ccc7,0.006519697461165883
ck_bc89644ae3688995,0.003803660204678119
ck_e7c212f16d6df272,0.008735834462314348
ck_c6d2e11a368184e6,0.0012339840545955356
ck_eed7f1f7548df15b,0.013589766862987695
ck_75b69034000ca7bb,0.050421675558347964
ck_38da3bf629458682,0.0022238971144700084
ck_90114c891239d821,0.0003388613836175369
ck_8ee08f6777cc155b,0.01089155100476054
ck_bd86132499defcd0,0.004238214667971998
ck_b95fbf2b5640aa82,0.0007952313279337895
ck_c530235393360e3b,0.015461212451819277
ck_be52a7ec43241ba4,0.05756453543926947
ck_d96eb3cc55f2772f,0.008764857872444092
ck_dd34f0a844fb115d,0.07458135455405165
ck_17cc7b411f448e66,0.014077537935510316
ck_856ea65fa27d06dd,0.03193105297342908
ck_056d5f0301c30902,0.09967006664827804
ck_e662b14b2bab23a2,0.07363247219043541
ck_209f574c8d92274e,0.0029681021485563884
ck_62720b81617896cc,0.01232199720280697
ck_041614694b77e599,0.0020484690326976526
ck_461e3f7b97db8d16,0.023802295234584433
ck_1b74b798eebeabdc,0.007890688924352915
ck_0ed2739384f1d644,0.003479791094526105
ck_5a4d19f1b83feeb8,0.01886554752364147
ck_463937167965a1f8,0.021235806063004365
ck_9d7151dbdf100e0e,0.01787370014236608
ck_20a7d1ce6cc27312,0.00627350404349518
ck_6031211ff118cf0f,0.0015958327581480794
ck_a6fc92aa91e99b77,0.9515111501585874
ck_0aaaa9d2f75a0518,0.016323821309049275
ck_ec26e327cc1848b2,0.002367604001944755
ck_0e6bebf8ae9b9b03,0.018558279736816112
ck_e107537a4cb738f4,0.0019545512264660288
ck_e8ea56e122a5a487,0.004918738218433938
ck_98149ed45d38c4d3,0.06014318302877454
ck_0e719b3a6906b8f1,0.0004928079689027685
ck_0c6e7bd357e4a348,0.0004757774352941745
ck_d3b2b250da61db19,0.8344088658635805
ck_8bb6b0a292754576,0.09459798406780462
ck_87d70f5fe48a6128,0.07753423227362143
ck_ea9edf9c107d429f,0.0064981345333948145
ck_059806c52cebe4f1,0.16820699238967457
ck_a72d6df666e1c21c,0.006527097818038956
ck_1d2b80ab6c4944b9,0.003824351111972002
ck_60557f077abc42ca,0.27938744400593557
ck_e5f5cb7dd6ce4a37,0.004585893422734583
ck_4c4a939154446053,0.0018879714227684325
ck_50ede3eb561a202c,0.020615677540526827
ck_6d03a542922b2ae8,0.005387514124970123
ck_d6fe761ed0db3270,0.012425087406072092
ck_7f0cd6ea3096f985,0.0027851396806788283
ck_23edb6d938a3b87b,0.0022688534866059235
ck_799aaf9f2b9ef621,0.002946274085805344
ck_f8f6a03613b6dda8,0.0022696460868368968
ck_7cffb189f4f514ec,0.9874994696390104
ck_c081e1967dcd811f,0.01494318238039612
ck_583d6ca78c97d91e,0.2664019270059125
ck_9332bbc7125219a7,0.003752523786111876
ck_956b5af6d7d86c65,0.649807809028323
ck_2d634e3f24681c0f,0.024350873678017457
ck_7b35d218ed0c5a60,0.007146439911490886
ck_ca5b1057f8248f73,0.030799650913412194
ck_ec5ea81cf813597c,0.0047866578504940464
ck_eaebaf4d28400fb8,0.009400286939459431
ck_ae2ab6be219219aa,0.006956965030923362
ck_d99a8b4c820eb46b,0.003956368090157553
ck_bcfb7ffb7cd428bd,0.026293947226241985
ck_3dd542c2d31be2c0,0.01354459537918174
ck_c7dd84401e29a7fc,0.00016418145372497
ck_c4bcc7cefd40f8e2,0.000561931914077282
ck_c251898b5d51e3b0,0.008049922304212014
ck_36d37be780c1291c,0.0028365917234553307
ck_99b4f266b61ae7ee,0.016129863101625504
ck_c37f03995f0f0169,0.00025852936637430813
ck_65a23ac8e44eb901,0.003018109364769777
ck_644b1c1149eea9e0,0.007811643612065972
ck_9cf44eb0237c2429,0.0015234497984992605
ck_20541686a94fb71c,0.018458176860481124
ck_c18245be844680f3,0.0055254665458078275
ck_56de216eda6b7fa6,0.0016485485326898923
ck_406c4442dee45cd1,0.0022163085062203015
ck_df1585c7d72a96e0,0.0017279391600121413
ck_b8e8dba20676d87b,0.05258732611055597
ck_0ee6965e68efc177,0.008827122328391298
ck_c2a5c54ad8d0d297,0.008061612530176003
ck_bf6fb7e6470e95cb,0.0007191455023575607
ck_27fa694569140345,0.0003819565765852566
ck_e04166b0ce66393a,0.0025407106323159867
ck_8742114f4f0cb22c,0.09768894497316107
ck_6eceeafd56b42576,0.13224130538274237
ck_34f9951b0eca1965,0.009965266101661463
ck_384ccecd342a24ad,0.0007400529109908186
ck_49c98bebd1338879,0.0014318358912034875
ck_6c26c12071c91ff6,0.004680540179009953
ck_01e5986ebb9a78f1,0.02172984208290101
ck_121db7ba3be29ee8,0.005859340632571132
ck_039e6d5a330cea1a,0.11112026416258874
ck_ae8c9163cf957d7e,0.00403185766632338
ck_3f5e8f3f1df0c8c7,0.033160103377230424
ck_b1c51fdafcd80122,0.0212162130929125
ck_12e2b5ebfe8986b2,0.001701053829761903
ck_d55eb81a4d543c59,0.03528901543282823
ck_f85155ca5c312c7b,0.04381160811741157
ck_133d8a1ac7c0e301,0.9984359240732169
ck_04212a9bb9b28696,0.9971271683158421
ck_4cc11c7d3ca61f73,0.0014317511063760271
ck_2df4854186ec515b,0.017285613751175502
ck_aa9b28e7fc43af79,0.6450897665217418
ck_47cad6c3def4c9e4,0.0015638440411905358
ck_fbff7b5da8111567,0.0061166853514500255
ck_bd25ea782e375b22,0.011908706996495533
ck_7989376f8cf64a9d,0.004967888268866446
ck_675c0ca1ebb1051c,0.002361831109323107
ck_1436f6e11d4008f9,0.015115871008178565
ck_812cb3a4482cc618,0.03322944828974317
ck_6e606f73a1094afd,0.004141015637995683
ck_1b708e2a4a0584dd,0.007160242175344003
ck_a60d6b324bae0330,0.01566507947531839
ck_706a4f673a9fda3b,0.6119321231854029
ck_a75ece9a9044eed0,0.0012755513468503973
ck_9aa45c4e03c8c57a,0.008468926335686326
ck_9fe9bdce982b312c,0.09471882433978118
ck_c6fbdc5ba68a8466,0.02612234477895256
ck_ed0cc1b1c28f9511,0.0801987147098616
ck_a4e2607b4c8021e8,0.00023770985463931872
ck_e02f93f51cc8caf3,0.002726773949688102
ck_7084ed3cf20781b7,0.09450544042055577
ck_cd4c63155570d6ea,0.0016713795453513424
ck_d1b9e5d32d2d789f,0.0021469260212447663
ck_68f56f6560a7a933,0.0008420738841333416
ck_8bedacc6233c6269,0.01586415519541548
ck_ab7cb50407d6b13e,0.012668675153666724
ck_f17ed7e0fd687742,0.0376695643572802
ck_b0fe4b92fc70f72c,0.00034051065868792867
ck_84d62b8196da2452,0.017165567829304926
ck_9e298cae167f4693,0.0011344875718525644
ck_405b20ef9ad0ba5f,0.10708247559287232
ck_813e02e1ababd177,0.004849466882716403
ck_f234ab47061ba7c0,0.0028774163264533277
ck_22b587c18363899a,0.0072008846081931446
ck_4e862c2f48c38aeb,0.002028766269734291
ck_b89cb90a420c9075,0.008893556136037165
ck_be2251640f27a3c9,0.3626016210692257
ck_46bec0bff167ed3f,0.03105740683398176
ck_c0032232c2868328,0.004572277566887661
ck_030cf09525dba4ba,0.0008768728757020265
ck_6ecf56236789fc09,0.9815629739693158
ck_38d4ed52cbe6d123,0.01155544157921044
ck_2d923d957ffd4d53,0.041358098156682434
ck_3af1eb88728ed8c7,0.01240376790872969
ck_2f8120ca80a1592c,0.003121850243660516
ck_6cabb1a133f0b151,0.002537279230805991
ck_bb6cf7e7b707731d,0.8765142741517312
ck_c8307fecafa90140,0.01123622729090997
ck_75f968be67f46d24,0.011492556920358334
ck_df6fe4ec5a233213,0.0013295644669093446
ck_b53e88c0e927d896,0.0005883440532731412
ck_f0093064aa28f4d0,0.0189463738566244
ck_ec9976cabc63ff92,0.0006348168509347455
ck_30dac0a58c5590cb,0.01639728793295324
ck_348a525791ae6475,0.027923676593938844
ck_b898d912d1181ef9,0.0012241580514159422
ck_f5b1200dc6f95760,0.046230181782994983
ck_54978a073e7a0b1a,0.011116373020549297
ck_55933936536a4071,0.009329673702602523
ck_d6ba7ffd2ae08863,0.02276565777552401
ck_404e2217fd87fdd2,0.0005890213945436458
ck_dfaafdaefa5716b6,0.03504409449615095
ck_556c62e92d4e7e5b,0.03084932245118578
ck_7ce44f4e06d58111,0.10637615755806613
ck_465cb8ce232c7670,0.0101391172499387
ck_237508ca4fb37268,0.14707402368640377
ck_ba4a6b9aa63964ef,0.007879101096894374
ck_4802a0a7a1882c88,0.18987869906200433
ck_9478dfe4114c30f6,0.0036422595966105246
ck_5138f6c575dec64c,0.016052074564819056
ck_aebb42afe430e2e9,0.0046221845328664
ck_004efa95555437e9,0.007274253835251846
ck_11af112667c98394,0.004586473465053753
ck_44e9a18a8645c9d3,0.0017039948322783165
ck_2605fd571219e28d,0.0002805467994464491
ck_dfc933493561d84f,0.005308212192748081
ck_67674348e68d1f25,0.0072144819762627824
ck_dd97429277a2fa00,0.01893614109863396
ck_d3eab7a06eb48348,0.08437366312787146
ck_0b9fcff9667ec05a,0.0007288361674181165
ck_fc4bfd6e739bddea,0.0004978709019657014
ck_43292f70a03ddf2b,0.011245170944789554
ck_5ff6108056a3fef5,0.00669567593760993
ck_767e0be086b5f601,0.037144825725293304
ck_b8465b1a5666155b,0.02161922484303466
ck_ab2e3fc56f5b3aae,0.019613269297811972
ck_1833c81d693c1e07,0.9861010230312189
ck_0308e0602b856445,0.0010820303166899044
ck_ccbdfe744acff8bb,0.0017891497655033897
ck_b294aa27a0b586d7,0.0015728746292730455
ck_a3747201f377626d,0.9797222265522725
ck_edde1d7d1db24725,0.019604070343902748
ck_ae3b47d6e1063704,0.008777851803005344
ck_3aabf5e0f4defb41,0.006570229713265436
ck_f034adb57391f3d7,0.17492186893668688
ck_533672fb40531607,0.1344001939484144
ck_2a244f1ae08ef83c,0.012326983902035564
ck_a35d81bcc54ece2f,0.002313298275377646
ck_78a61215675b38f0,0.01673028464290983
ck_e013d88ea7939616,0.0034763166077206842
ck_e5018f9418e0102e,0.03586565568906821
ck_d4e024fcda401a31,0.006706078400892898
ck_f736cffbdb82db34,0.00027716573691092
ck_1507f5aa50cdf3a0,0.0044323410108955555
ck_18270fee7c8fcee8,0.0005797203246478793
ck_95ffa1a805a1c9d1,0.0009382880214271085
ck_11132d245b94d045,0.007915361311698737
ck_7b93a622e40d8b14,0.04619260419852414
ck_3854c08d17704347,0.05347480281908363
ck_7717fcb100dc4b5f,0.02552754216037691
ck_ba54e0a1c328119b,0.32501267439581216
ck_a7afdac4ecbf2de4,0.509157781714044
ck_ecfb771ed2352085,0.005925153979103235
ck_68be4fefc85a6b64,0.2880763157694427
ck_dac7c50bd6d0148f,0.0013671717872789447
ck_87cf36a03bd63c24,0.13112570240912463
ck_8adb40b168b59d7c,0.025305333001904167
ck_8d2f62930777416b,0.07019558086365195
ck_9958b58da9e3c21c,0.009944691968201209
ck_9440335375701f44,0.0040745048925780085
ck_e2f88e202b6f700a,0.016857893914200624
ck_4c7c50684827a2cf,0.0034704271177773425
ck_8a6ea4a79b1c7a8e,0.008003456212368903
ck_186dbff4b24a3bbf,0.22077835206389929
ck_220fda3c11c59b6c,0.06586461909671114
ck_3acccc69f8b1fd14,0.03423594636243857
ck_9de191bf79afd676,0.018541745801252195
ck_6de6b1663f9457f4,0.0013231880761598925
ck_062754f8b79b86e5,0.0011840561589212058
ck_aa153a89a52f7eb5,0.04510217292104858
ck_34a6bd3be642f15c,0.008069186332666047
ck_9371c700d9830326,0.0171277990627513
ck_a99e0c258ad7576b,0.008724138635677423
ck_0a7ba51d626e932a,0.03615835434052216
ck_852c50bbba1ead13,0.0330848322175352
ck_43dc13b6b6d31297,0.027517953081712173
ck_7d81b59d615a6649,0.014454442011498985
ck_39a3f1da060e88bf,0.01856217213877602
ck_6fb2d142c09ed3ed,0.09455398459800356
ck_6e5752b87324b58c,0.022002401518548865
ck_9441d48a12e8a4bf,0.09290729549447858
ck_09e9c51eb538b255,0.01186647697594502
ck_8d0cd981ed3a183a,0.020828527527540837
ck_57c07c45269ca8c0,0.005862613452179205
ck_ccfc9ab888ba933d,0.014748213554472351
ck_9658a6ef471053f0,0.001900185983563894
ck_dac3852758f4ea89,0.0072748725696134215
ck_b1ed2278f5f14d82,0.02832426020658967
ck_333544d173524f70,0.07983774142245853
ck_fd4582e3853ef23f,0.007774839981120053
ck_614d936cef98db04,0.0011317742440367833
ck_6bc351a3d57aac54,0.016748872584651985
ck_af5842fa7202ff25,0.001024176310777665
ck_81307759252571be,0.006821765002899926
ck_b4d2f02d2cd45720,0.4521359200904629
ck_1bd753a4681946c8,0.9437544415131314
ck_46d8c029d46867b2,0.0023992959373969587
ck_b7da6640fa2f49cf,0.1809315983031908
ck_9ea3d5a5a91fef9f,0.12339823834809681
ck_7b922518f667f76a,0.0002527345273848631
ck_2a5b31594206eb30,0.9705950401300671
ck_d9506476ad3f9e08,0.004765479865678555
ck_c8791f7ebd4d93c7,0.024351588026317404
ck_b5a3e20fd210017d,0.0026787137577039314
ck_8e54386f4fe22cad,0.0047665492215654024
ck_75296704f5806f56,0.01302658720794708
ck_0fbbc7a6af300368,0.002406568843584833
ck_d19bf4dc0627113d,0.0009403614523660352
ck_7951bd4eb99a0175,0.0002552688816150521
ck_059e4fac6b7f704e,0.0013464464006490591
ck_2ce8931af02a2ce3,0.0032376794103025817
ck_9e665618a4860306,0.0023273737454784396
ck_6fce5a893613fd2c,0.00011056252423881206
ck_9e3fbd04e3532f32,0.160444738950639
ck_55f2ef0de3420e3e,0.015146787989581854
ck_8d87658a6f5d204c,0.8837131402558858
ck_6d6ac1f5dd882aa5,0.001153034360058935
ck_55d0c7012d7ef236,0.027054265423692197
ck_7738eb085e5753d6,0.026359905212023704
ck_0e6e05c3cc8c8242,0.007206797833737963
ck_8d27ff8383d48132,0.0013423411972200245
ck_9afc3bb849f3a64d,0.00517178260597206
ck_27eb86a9898cdfe3,0.00310381527826895
ck_1d40e4fc541abe93,0.06699847786952493
ck_4fd9dc00e1913587,0.9773222167431739
ck_b26cdb2b7b165d2e,0.023542669587211056
ck_a79a27767a02e31f,0.005719163582157362
ck_f0c18cb9f951a71e,0.025376587723739918
ck_50460e0189de6274,0.9063100712233865
ck_5e5280539257c986,0.006947500979822967
ck_eeb854318b3a6f0a,0.003787347722338833
ck_943f66f28dd24750,0.0003942725513415009
ck_984dd7452aee372d,0.036047628286900356
ck_ecaa6de0aca5e9a0,0.04982740364700482
ck_8f1cbc432e2774f8,0.042485481824964824
ck_d91d9f8445b9769a,0.07961134454713326
ck_73c18e03e3c7612e,0.005941361788357469
ck_aded05ada490da20,0.007023747972965401
ck_f744e208183971f8,0.00030459270745172195
ck_02d4cef6358ad3b7,0.002677677375284129
ck_08ff5bd467226a5f,0.0007797267879232121
ck_f824b326d5089885,0.32013495308448575
ck_3420f2fd520890f3,0.01983025729342438
ck_1838cf8d00f5b1e1,0.009857758614211634
ck_a85182ad90b6f1e1,0.00049533159280233
ck_fecb39c82c43e76d,0.0034028247546950357
ck_162513e73782929f,0.0194789308639495
ck_2c27b77c59d8f23b,0.019698342253303112
ck_4221e07b17388fd3,0.014489862877275375
ck_adfb8472d5c3d669,0.008686347286534283
ck_0742fe64055d686f,0.0021316887520228082
ck_5060aefcc8b6f958,0.02521823993828228
ck_643f549b4ac78a26,0.2739704000341668
ck_dba767885bd6ad69,0.0020037244435278405
ck_0dda35c0c64c7073,0.952712721050432
ck_38ea56d43afa5660,0.023315414041615194
ck_d813e15ac91f487c,0.16589770375413085
ck_4c840e5585a7b167,0.15268413048278787
ck_cb8551453a7bb929,0.0015326340992334782
ck_05a00b1dd5a03359,0.004954237728964397
ck_837cc7fd48453a01,0.0031600352204117464
ck_49dd816b31fba6b6,0.9828366886668234
ck_86a61d9a39768e87,0.028766396564655437
ck_cd0e76f0e7bb38cc,0.008385801701490012
ck_dbe58392635133ca,0.013617357510250547
ck_3caec7dd6f8d02c9,0.0639197381925759
ck_bfd9bfc5b6ab4a54,0.07748381094366807
ck_2103399bdb2898a6,0.015135151871693292
ck_329f7de7279e74c5,0.0022736305141813373
ck_9bf0d28119fc42c8,0.06141507999174298
ck_f781539b1042dc83,0.002792583801400376
ck_9986c7d781ac6b4e,0.008246029837068333
ck_a627734880aca848,0.000512927315690122
ck_2106e509d77fdb4a,0.2552000074293658
ck_420d1a9c604293ce,0.0013441335182860306
ck_fce0610c527e2b56,0.02499105003995324
ck_073da541ec3f9d3d,0.04674690529433455
ck_aa5f3ab48c17fed8,0.5222916345210947
ck_0fc1086e1c9e04b6,0.02047210614050438
ck_5c33bb46c1a5945b,0.01168021354193369
ck_500948a8d4bd8e13,0.01108311412579521
ck_19becd44f2c3d2b5,0.015582419045042099
ck_7d0fe77dd5ddb656,0.03907844452694456
ck_f158d9e5f101bb35,0.01187668512587496
ck_cdd7c77823c2257f,0.1013424110582199
ck_6c7b41374f9b2e55,0.02021503667796355
ck_417090dbffb1a63c,0.010209998407138274
ck_dd0e17605f970319,0.0012606801627893611
ck_3646515079e6be55,0.0015857729673539988
ck_89c8b06aa8c84b2d,0.07853334780848047
ck_e4d6dedd97233c07,0.03857893657013422
ck_bc82fb1895fddde5,0.0011394020024554719
ck_88a8b1d442ca3686,0.030456391114634055
ck_5791f8f76a629a4f,0.10139374425022017
ck_9cf5e88e97c8c7ea,0.02140228443000383
ck_58fd684aa5a6f289,0.0001318640527584452
ck_9800c21dfbd8e811,0.0017675745042782214
ck_8ae64df60ab6ccda,0.01290581666101376
ck_e535fb0f0c00418d,0.05921120546794607
ck_48011996d54855ac,0.4248772762896582
ck_ac79c72a8fe3fdef,0.03907303033812439
ck_b8cc2df5192bc49b,0.020291488295407174
ck_e96a5e1f08f8a867,0.005230808967889228
ck_84df6770549e43fa,0.007705913995968264
ck_e5f7b99ba6ec5767,0.038216269648973296
ck_8347455ab53ff620,0.004079351115792811
ck_a84f2cdf695a71d6,0.0017817867751328898
ck_90456160115f9ef4,0.001929459329533015
ck_ebd178b3f3a9c50c,0.007744873650935543
ck_e1140be6157bacbe,0.0011489083694473266
ck_744ffc11d32b96bc,0.007810482378211104
ck_e12a9f7d027e3387,0.0041466614794848965
ck_cbe525da0b69f18a,0.009214006658738378
ck_aa59702537557ff1,0.014025960231068096
ck_0348cc6908f7f3af,0.0005873844849267491
ck_120e995d50956bee,0.027010081078435944
ck_9fcde1ff46cbbea5,0.0005928289742896745
ck_54b0b070689c50d6,0.0009415386583349691
ck_966a167758fddfd4,0.09462278127920923
ck_d5194f2e92fd6427,0.007087812712513085
ck_2ee84f3fa27f2cb8,0.002976679075512482
ck_57d0a7eb7eae2eaf,0.034748530268561666
ck_6a2c4edd82e10969,0.0006697376863044686
ck_96e4d38ef670eaff,0.002528676025733936
ck_52cc2fd5095b169d,0.004568056801529828
ck_4b088920f3a844c1,0.03657244047131136
ck_8f3ccbd20d59f1f4,0.0008370205144810917
ck_e5e5dc431bed6f9d,0.0015912629011213203
ck_e8b5bfa6838e28d1,0.0034245596488218957
ck_4bfeb78b47b7c6a1,0.06299205090048045
ck_a705c61bd679496f,0.003281353178470784
ck_731869a0c39cb2fe,0.007188776489738179
ck_259eb102342057ea,0.0008611000964128154
ck_47a6005fabc33551,0.0017222553378039818
ck_682262b455a9edd4,0.00019261145837708678
ck_e839d104854945f0,0.0006829259501889639
ck_761989aa4c47d746,0.031656829204321016
ck_44211dc210139ed3,0.03242473824063546
ck_9915ceedf63a5289,0.060559709623441677
ck_da59ab47cb6284ad,0.001366582169816735
ck_e5cdbfcca2456652,0.01097505934440734
ck_13f2560c6a1ec62f,0.019926154239791896
ck_a0543e9b3abe1001,0.027885762448628403
ck_11c7a58e09e6547b,0.016270263945458947
ck_69587a134d43a4ad,0.0328759432106328
ck_28dc0de0ae291f37,0.02396824670762544
ck_298922703c5bbe05,0.01312009056701921
ck_fa5ba9ed9ed6a343,0.03612124114042775
ck_c08e64d424e56c05,0.018494312455577276
ck_598e036a28262aeb,0.026769523318889404
ck_3f7c870510083a51,0.010836877826760821
ck_364f8203a3e98d36,0.8735366562504342
ck_7333cedb61506ead,0.0034707127763057813
ck_1d96d7fd65f208b2,0.007281101701013225
ck_63133a79f23e2627,0.04126434353684694
ck_901d820e0b72abae,0.006698800658897696
ck_5dd80b3c01457bd8,0.017980706925185098
ck_c0b8067c144ed6c1,0.001185317725524224
ck_cebb8aa8c8f62c60,0.003041593189561969
ck_79749eca42ff1f5f,0.008473508521284276
ck_2cc1d9b587f6da31,0.03374389032902546
ck_ccc7916b56d42195,0.007517916000442478
ck_e43e53cc7b8b8e41,0.014244929793077756
ck_4ab74a6e7450416c,0.002793334150765619
ck_6e44024e9de301c6,0.0011183336729015832
ck_dd78cb6ae2866cc6,0.0037725042628391327
ck_c363d3b050baf3b8,0.05758408021293638
ck_2d46291975f0dd08,0.002530037128099827
ck_76ebeb5aee42f041,0.03684330763185594
ck_8395f004cf4d4c08,0.0004737733535988705
ck_de7259c3741db179,0.008994129003556436
ck_3938e92585df2b34,0.013229593791035181
ck_af69bfcf4f07d932,0.0009618540705532995
ck_1723900ab9afe374,0.040028267685771265
ck_3d58628d1c853c8a,0.0016114733176053261
ck_12a074db100481cf,0.04443833421669432
ck_8716cbf892c50e29,0.0063387268530738314
ck_fbf7351958ad9615,0.007153283630550125
ck_a50370907e6b397c,0.026495822355695295
ck_937402a60df0821c,0.00021478590080798414
ck_8ce9c5807acbef48,0.008790899991811261
ck_acf7d65eaaa4c31c,0.0032609160490264548
ck_ec3eb6dd0967cac5,0.03437099652268049
ck_fc832b0c90c9bdb9,0.9807989713450729
ck_8129e81cde280131,0.006913447416494614
ck_52c0ef68aa2fb8cf,0.009390013714553978
ck_06f042e9b1b662fd,0.01958295496843327
ck_0bf35dcf7b38f650,0.0003806940901917568
ck_615763afc2e17a7f,0.00046220656141439793
ck_e72db9d4b2fc9997,0.996053500000445
ck_13757bf0eeb353e2,0.008147453981542077
ck_abaf371ec8249c4a,0.06185757015944258
ck_9b7167da0920c37b,0.06368745180303685
ck_2e824b0b27494a17,0.024637474115262556
ck_9a0b605e9c3220c4,0.020892099316072138
ck_a5276af466b681de,0.0022356630868728424
ck_9e0383e1fb6e214d,0.029421757950543408
ck_6a27c44b691dbfac,0.0023109254686050342
ck_af39767cf583905b,0.0032492412684002885
ck_243b1b9fdd3f9a74,0.0005786742273143418
ck_c0422e638a9c6046,0.027176551861849654
ck_e0f3ea3373dfc4aa,0.01412062118867334
ck_d56ee1654378ffc7,0.024845080395627158
ck_20cd2f5666719baa,0.00047790240431096025
ck_4dfa1c1e9b69fcc8,0.004312704343825907
ck_5d22e9ca1d15180b,0.4662432132394616
ck_f4a7ac178fd55f0e,0.01124394381996439
ck_fd5609bd23a1eaf8,0.0018317354728765328
ck_49c3bf13dc9471ce,0.02405849982236006
ck_724085c3452d4693,0.2396390382655325
ck_e5d1462846154a75,0.005793680049458988
ck_c69ef0f3e7d6acf9,0.022879870921453
ck_a2d0417791d4132d,0.007619735326772796
ck_00a07fc2a9183c3a,0.0014335323780765535
ck_781b8288e54ba8f8,0.11049243679986023
ck_d74a62ab3804a81b,0.009200148435038767
ck_abcbde211b6267f8,0.031746442282371494
ck_16dbafc035574654,0.0028370519060081346
ck_018f780215ecaf38,0.0037079426513415377
ck_0b259620eac51618,0.0036361883848606375
ck_4f875342394c110f,0.03870155837579446
ck_399e45e5fe9beaee,0.015237983514338417
ck_36224a2d394ebfe4,0.12256419444044052
ck_c189b551bd111332,0.00034321695661400256
ck_125c5a720ecb177a,0.03640573428182751
ck_76d010aa02eb477a,0.0003895172246417358
ck_1071d14c46c92379,0.5219703514603695
ck_61d244b2cde483af,0.007102711321265699
ck_2ff1860da2004c84,0.0020995161848108325
ck_c5b583490198672d,0.006431181768756314
ck_1294f7af22fade11,0.14004815922871308
ck_e3a22799716df39d,0.002994189950263641
ck_c77e22834ef97005,0.1671257085293705
ck_73d3689728270a2b,0.0003660417047827415
ck_295565fbf77ef885,0.005130687587470863
ck_80c0a7f54ff4895d,0.0013453274133196588
ck_f1ef5cf7f10b16c8,0.18884880157626774
ck_a958b2461ffc21a2,0.13020584357389384
ck_0e7899a57cd617d6,0.0007213545676596013
ck_9d4fed252718f58a,0.01851998751236681
ck_83c2c34add971d76,0.001851247419174072
ck_9ccc030ba2de9fb2,0.0027358063694380126
ck_cd691e3466fb3742,0.004623571217763861
ck_49df70f908dfd069,0.02146448731132502
ck_362ce13eec1e33a0,0.008736446527056225
ck_2452a30397dfc54c,0.0036731193974645416
ck_a443d49c2b4863b0,0.007926793716708104
ck_c8b2e2cb349dd0ff,0.003728379625736915
ck_354909fecf5da8cf,0.009499275031072094
ck_841f598bbd54c83f,0.0013266254825581947
ck_cd6fbd4e8724f994,0.033477850055434084
ck_e0b3158111370118,0.009891240886893264
ck_4c2f2eb657c2c60e,0.0011843354958781295
ck_ef346071f0b7654b,0.004465933906370147
ck_f3bc10e3decefce4,0.002024085920572828
ck_189b6fbe9b9192e7,0.004852366315685409
ck_5245cbc5ff4d4fa6,0.006305436703523701
ck_cb42e3be6fe87f60,0.010514481012645918
ck_966d4d713cbc7792,0.0006406807163755237
ck_1c8c969667cbaab2,0.8986651453857519
ck_d35e3aa9ef5d405e,0.21042570442401032
ck_a1c39df50a5873b3,0.01194161482979155
ck_a152165caf295b51,0.03417224214578223
ck_891eaedae139828e,0.005907462399835706
ck_1a46b56f4734d52e,0.004824826172428848
ck_5e36042cfad96c99,0.23803850355521083
ck_02a8582c2603e675,0.003850132875965528
ck_6def9d0429e4ed4b,0.015533625171985541
ck_e137400825a1e3e6,0.0037797143611425442
ck_d91ab840848a54fc,0.0010081672372528174
ck_becb6e1c608e0078,0.0005054531841110648
ck_6fd8c86ac719d7eb,0.020215252886531452
ck_3ed4d13f12fd9d0e,0.07894180701152413
ck_007337aa99a4891e,0.0004880930313922031
ck_60c3d8306527a08d,0.00010470399523224277
ck_95458880a54df0b1,0.23080739290745048
ck_b48cd8593533fc1d,0.7756454343888964
ck_021c6a4a7e3f1f0e,0.001157230693458148
ck_764d40f865e710af,0.015757684802480153
ck_4b84357ae8ec7777,0.004189148753590661
ck_3397c7856b4669a5,0.0011819434698329397
ck_920bb003b42e6310,0.001650930925033145
ck_8f59f11b512d5b7c,0.21770824038083472
ck_a3acf4b986afa98b,0.15855760513868766
ck_e89d25ed7bdeeaea,0.000995524819972204
ck_70e6bca473bf6902,0.001123302783055688
ck_186161ce152836f5,0.010836695424332398
ck_9191579254663f5d,0.0010364758325397579
ck_1e6628879e9d653c,0.01319581393617935
ck_b498fa91a0776ff6,0.06357269099446605
ck_cfc2384f22954830,0.025903456041754487
ck_17673a1c2867888a,0.0010077273958415118
ck_523dce06515b072d,0.003918644657455379
ck_c20638a325ead2e4,0.0022546097217003183
ck_d3877e1f907cc148,0.009032363724531638
ck_e9a2495dea8675e2,0.007282696155489897
ck_7e561caa5fa1f3f1,0.04790664503568847
ck_455672e652fe1abc,0.9547319288247905
ck_7f8f864fcc90ca82,0.007889450633745009
ck_1ad36046aaeb816c,0.01564904339199313
ck_de056e37c82e8e00,0.0028946923646904375
ck_7484c214c889fe7f,0.00395988720728027
ck_32430e678c4f9f53,0.001088912726671095
ck_6276ece8f80ea799,0.013077378127939887
ck_ae8e5dc4b725bc25,0.04039165606841659
ck_f01be92dc78a2dc7,0.006241427369431437
ck_233397a8bd40d38d,0.0027153669123107086
ck_f8124911450fdf31,0.7560119591995321
ck_aa0a3179f1111674,0.0061011310155484845
ck_2366b29ed9887a5e,0.0018816559961125745
ck_1f22f04dfc08cf27,0.0013316885822009176
ck_b62276c3426d680c,0.018474569099428056
ck_d099fca88691f66f,0.06026642757116213
ck_166bd1dcbaf4d6fa,0.0008078945994393417
ck_7b1660e942436e12,0.009940221257094267
ck_4a9a791a1d409a3d,0.01473784272197778
ck_b003e5b54df65db4,0.008649517484762262
ck_64b4dcbf436f0b75,0.008542216932823447
ck_26e9a7bb2061a58e,0.043317172342689905
ck_08b77ad5f8f73007,0.009742043753411936
ck_366616a725afc6bd,0.02178808971070545
ck_934fb5064b6eefe2,0.0007330865708123593
ck_c6abd5d57b1009d2,0.0024773013486014167
ck_edcfa9e1cf29d813,0.029654343863812462
ck_c30201ebd003fdc7,0.004751060381979014
ck_c54643d94d3ce355,0.07608371088907465
ck_02adda6e91e49650,0.013381985598263842
ck_5b73d7c5255e58a3,0.08254157375402645
ck_129ffae92dc01408,0.000810602560372797
ck_fa321945ebedb916,0.049636908420902695
ck_8da980cb2e1e2bfb,0.03542982119237538
ck_0576b00d728bdf19,0.012008546999397551
ck_c543d82e22b3c8a5,0.0006935333911041662
ck_0027ba644f9ae2cd,0.07605665881006925
ck_8dbf61df902a6bbc,0.0013905229686019625
ck_90eeca1cda79fd41,0.0004106662413122488
ck_86d7127391d4e01f,0.0011490000203529622
ck_73762038c7ff2f6f,0.0019172417058976844
ck_a1484e6215fac651,0.6171373722441689
ck_cb83b9f806e90dc6,0.12590915926872145
ck_8c6f059c95872126,0.0010796737207700252
ck_3174419a81e7caf2,0.0007125890021590814
ck_6a0f8f8fa4a3c2bc,0.09791668293815663
ck_b5777605668bfca1,0.0003466019120884434
ck_27e4de495abb4d15,0.001282972989855728
ck_7f6fa79c7a107161,0.007657014091584999
ck_c36ed9f8e6792ea4,0.020592694285722735
ck_67a1aa88d2ea554a,0.014757250623041817
ck_09748dfe4df3d540,0.0029032003388772287
ck_27fd85b1e38b675a,0.0019515727869954533
ck_2369689bd795ee10,0.012416185851346628
ck_4eb1c12f7d092bac,0.0002104023506068251
ck_01fbafc42c8e33f5,0.004648263123969899
ck_93c4e05699b3b7d0,0.006311634354620506
ck_afc484d1b6907983,0.004649975972788021
ck_1b2d9cae92a1aab1,0.03538065008833266
ck_73b729cb161487f2,0.00873316906244241
ck_fe3c1d0ac090d960,0.1251483163709006
ck_408efac1d3885ff8,0.020485856335252916
ck_ccb4dd9d0a48a76e,0.007951656576969914
ck_2987eab34ca7805d,0.029502370658222057
ck_1dbf1f15193197db,0.030325284584701538
ck_4ed711fe4053e74d,0.3191928841472511
ck_6c54adce174f45f4,0.003497089743957906
ck_a6c740041faf0bd5,0.0034955121360229525
ck_b05c4d33c4f43639,0.04873223599608142
ck_032880f1114dd51c,0.023804969535375167
ck_22311b037456a76e,0.0005789069175953358
ck_5866b413549765bf,0.0007591043940104797
ck_0e808afe2570ecac,0.02988310097776478
ck_634276b05f4381f8,0.0014133822715171847
ck_5d8773badd0d4740,0.03121654264536399
ck_82b5b79ce3517102,0.9811500168470324
ck_b378b8d8100ee4b1,0.008740852180184252
ck_54e581f71be5430d,0.0007046607363393731
ck_798ba4b8aa544fea,0.001399814159189687
ck_3fe86b6331ff95e3,0.044398501142446437
ck_81275d9d4c559e6f,0.00690125212785751
ck_99a4e5ef02d89493,0.013319624091832575
ck_54e2eb018d947790,0.032285959811409345
ck_966901ea9c77cc02,0.00750355543703737
ck_27d69ff4e0cb428c,0.1942687603429078
ck_2cee2dd7bbfc09a0,0.8389122342091418
ck_4136b00924695ab4,0.00011706571664134694
ck_59a164c40c03a45f,0.015532079940057784
ck_3e24b026bc66789b,0.0007344418908733851
ck_8105bcf69a75ee47,0.0075638057219034
ck_7a1782cefe26a456,0.01430312932044107
ck_970c7dc195161272,0.0007570036811882765
ck_a48ec0c00ae20e82,0.03958602452788925
ck_54b374ade34e1dc1,0.014518254810684195
ck_74e5dec189761d14,0.0010705964539796423
ck_4717f24f2c6f40e1,0.1253857143282045
ck_fc8cd8a8209e802d,0.013126326329567667
ck_71db4131d7efe218,0.004119850178142625
ck_45424ea6f0bc4650,0.06937399809258865
ck_3716c6181a5035bc,0.015491270543567488
ck_26de14b96bdad4f6,0.00543207225343357
ck_99c0a41ac9c73857,0.00018679308065699013
ck_645f15bbbcff3b4f,0.9991989777482622
ck_b7e25ddd41514d4c,0.0007285974587184125
ck_d5c14e877ca7b755,0.0020664102698941793
ck_05ea4440dac6cfad,0.006068369527130533
ck_c58bafff7b1955cc,0.013851301183184265
ck_f0cf85b67a9b840f,0.014573713751113876
ck_ce1500a7f0d03fba,0.015687635839446903
ck_d4972a775aadbbc8,0.0040683432104851045
ck_3eb6146c262e0fc3,0.0006364620034968679
ck_afb23858a4ef42ed,0.9891922350667857
ck_2c1def5c91c52a5b,0.08429911929690992
ck_72e550559487b919,0.001332162541007337
ck_0284dc2b4f856b3a,0.04839584453778794
ck_03be334935e999a2,0.0032922083441067752
ck_e35a4b4a3cb4cedf,0.016201993261014985
ck_5abe57dfff4b735c,0.018950850296212084
ck_f5f87f772388efa0,0.01599484358386905
ck_5a22cb36d612236e,0.0005547675607870343
ck_8ff1e6028e764472,0.9818554469590727
ck_2ab28149b0986642,0.02751175862812569
ck_c88fc1bac79fa6d3,0.05269308039125711
ck_5b137d74bba6b1b4,0.0007242232010964572
ck_11f362dca2dfaf5a,0.018140203245097988
ck_7f960541e5174565,0.0018676269184582693
ck_d5458ba39ae94498,0.011273193373081136
ck_0a921a73a90c2e39,0.026095726755372528
ck_6ad56ef40086dbe4,0.003148612321449299
ck_b68199ecccf2350c,0.0002479437229466513
ck_6dac66c8198c07d8,0.01528536884312304
ck_9b9ce7bebc235fe8,0.00044801652506331593
ck_6b817117d87063a8,0.016861032049369614
ck_900d62b3184378c7,0.002252815629607882
ck_eafe9b89857149b5,0.006954000206563353
ck_e74716a525ee5b24,0.001410077426962747
ck_4e9a6f06ab134102,0.009135018059413117
ck_b0d33b5a3716661d,0.010083447391872561
ck_8703543bf3134306,0.012741925424826685
ck_923d6a0f83accef1,0.01631821789295387
ck_52e37e2170532e2a,0.13404877391782394
ck_c1c5ea839c58958a,0.06646889156335128
ck_660f0006780e87e7,0.004907651944778784
ck_830b2c5d1818ac07,0.013652112368585422
ck_b080ff636932d1f1,0.0004730035174263926
ck_38730aace405f2ae,0.9975608634441596
ck_9790138467a06223,0.00026987839239091764
ck_10de0b0d86b17839,0.002273302215760662
ck_c3e37a4d3382c32e,0.0013052869882386542
ck_dd8edfefa1eba531,0.0007831352177162756
ck_8153cdadd300d234,0.0001420315413671206
ck_74d0e7c2c6b63d36,0.9545698079260455
ck_c478aae3031bb328,0.005740705246946767
ck_cf301f2194975866,0.02183294314879658
ck_f4de03f44e3a5bd5,0.006012116354875334
ck_b06ce826e593b210,0.06227109136759025
ck_2fc70b6baf6a0e26,0.0030824910025024532
ck_d208494cf5c90047,0.04822224121833846
ck_086d29ccae565e5d,0.00045708296744848296
ck_d5ef6dc116dee408,0.005137944275356082
ck_fdf0c5b722d83464,0.011748539450193598
ck_de8494b13adeffb5,0.0025888267464374824
ck_556786868599143b,0.009797079122831148
ck_4940e78cbdcfecf3,0.007582275591628314
ck_d32fbbfe32c00416,0.023114134503010912
ck_bc7710f7e9fae649,0.0007377704555055725
ck_416f7ac57da081a3,0.01243939329449573
ck_6fb39b60c67d5475,0.0011439395384833268
ck_e40a156511345d6a,0.0026316724627152917
ck_49ab879b5aa7fccd,0.11362716305624936
ck_bb643194d1cbc47c,0.9790193939263938
ck_b3ce8f1bcedfa043,0.0020250635184871904
ck_558ebde8c29132a4,0.010581671845922201
ck_e6222925762273b8,0.020687226631341923
ck_bd80546b4807dd59,0.025355089865704058
ck_bd21164bd2bbb635,0.017399301908376658
ck_ea835557d7043667,0.002970469166099349
ck_1411a80a157ff39c,0.006806523080189051
ck_ab973888c20c9120,0.04577273340120539
ck_95b48972061abe82,0.004241579508940589
ck_fc4a43f8876bf10f,0.3483532636690971
ck_f34fb7ccf82f41e5,0.009882359536740232
ck_5af9934a56801ac0,0.0033138019987081083
ck_fc7445ec76389a58,0.38205021406712614
ck_1eeacc26f02fbba4,0.017613463385817096
ck_4f325dd15c9bd45c,0.04222076848092864
ck_5009a6c8bbaf15ba,0.17646056659298548
ck_0f3de7f074bb33af,0.004691697044100042
ck_2cbc2f93a32eede8,0.029595861065109953
ck_4bb90a61c21a303b,0.001659611976577656
ck_3ade9eac7d7b0dbf,0.19235140684705995
ck_4859a58629622915,0.03256712931996743
ck_5fed957287ebca03,0.002568317652555969
ck_ec01ae5351500355,0.0012079798356458462
ck_703b41624ae6a5b6,0.0017551214069012376
ck_97c38e7f61c27e47,0.01579350190087634
ck_db2c0908150cb2cc,0.023728056216148534
ck_64ac5e6fed86ab60,0.8081222000877242
ck_da1c853b0a061e83,0.04794647027943739
ck_9a36916b60178ded,0.4611592954394243
ck_3715bfa7fed2c675,0.0006801536563210036
ck_dd3feb77d7d4f6d3,0.006677042760062992
ck_982ebb24174a4ade,0.0028786843646107525
ck_f6b7a10d47dd9a1f,0.01359716481660744
ck_1f56fe99f250cdf4,0.022342582345336624
ck_deb3ac0606d6f6db,0.014345675861803185
ck_e666629e5a41b39b,0.0029823078114843897
ck_756d2c13d02b3e09,0.007878418732461995
ck_7bc752ae7cf5d55f,0.0016415403299600314
ck_fc0cc4b25e6a8194,0.008789941256320197
ck_9b2b0e286de78a1b,0.011412079059121309
ck_24b0803447211bf3,0.023376360553853105
ck_82eed68d05a42128,0.006831662700632827
ck_c8a03c516ed5b05c,0.13681505958823384
ck_e914974cee1bccb1,0.0343110908682569
ck_0c533ff2d0f9962a,0.0139372872587548
ck_c12805fa5d970a83,0.06959971387316408
ck_fc2cb29918631f10,0.11660693242971473
ck_c20e89afe575549b,0.003179755221816682
ck_e1ff9e31becc27ae,0.015871631221340204
ck_18116d0ac08f1996,0.9351299709882328
ck_885a83975cea5e64,0.00028831857305920407
ck_a0c3059a959ba5d1,0.03615704916988326
ck_75257ca7d7da2861,0.1548556415485197
ck_2210f7a0d13bdbef,0.014437683274131868
ck_9cbd9ecf8374f65f,0.0027047876204096964
ck_18f67c00ba21fbde,0.006737597999029869
ck_2d28f14d3973d8fb,0.0006677110725710407
ck_8b3401b44aaae728,0.0014097470409954705
ck_9d8e9ef37797d3af,0.6407093835971405
ck_9f50920c894f64e1,0.0026894532098503264
ck_4737e0d56c6fa0a1,0.010861916286396909
ck_52c311f29ca3aca9,0.0001494520862480387
ck_6a4981bc721df37a,0.014511345759363747
ck_823539d936c55fc6,0.0009004333096482533
ck_df5aedb4118020bf,0.9723543046857404
ck_a911a066ff0f7b56,0.011576655606915356
ck_684609767df4a14b,0.04150529465321085
ck_f2350bf355dc919e,0.0021574448542404207
ck_8452b6cf97c65a5e,0.006697019966051132
ck_084cd84501012218,0.6566648355877381
ck_ace6b72e5bf3e93b,0.8345252398256533
ck_2afdd69094c955c5,0.052624311990935285
ck_fa7d5be26bf7b31c,0.43294810763192115
ck_4b041217690fca2f,0.060222326819453734
ck_9fb8e3d38cdf276d,0.9074382233842824
ck_c1ee56d65a42f59f,0.022545994883001665
ck_fdeaa1cd085691f0,0.011191809613905097
ck_5de33a7a87e9aa62,0.019678283460990126
ck_7476e7fe1ff45545,0.07423455761892869
ck_b0a947b498e47018,0.010582608406979273
ck_e3894ed88a7977e4,0.001507945513545756
ck_c7e07ebfb0bc15f6,0.015550716484787553
ck_3a3daa8b376f2a18,0.0001709378607478244
ck_87809324c2675b0a,0.007334200070331941
ck_7eb4f33260f1dcd4,0.00957078718500891
ck_ab9f0e08af030060,0.00576733857189774
ck_5b8fc4a76f340797,0.0080247916605521
ck_0e7bf10ef49aa818,0.040110347838018645
ck_a44462a3853ac67e,0.992572462035242
ck_2d14bcd2e0fc043d,0.0018680664903159554
ck_df1f2dba802296be,0.8513409457380847
ck_466a7316eaf149b1,0.031992635155380346
ck_50df50af592b0c06,0.0017325639995280204
ck_5f9e34c849704b95,0.001697911681564281
ck_7836bf6def26aa87,0.003667415439915076
ck_ba175b1bd8efaabf,0.0011602880728554003
ck_1a0aac7f7b94b1be,0.1552476792210011
ck_6768c4b2aa8ce586,0.005606364847871807
ck_eefcf0ed15897898,0.006793687594421516
ck_7a6cb27e390b6ceb,0.011387027534688177
ck_5275be4e1577c1c7,0.0011053004510231583
ck_6bc0e5b8c0b7d2bd,0.10013300102329468
ck_4874bdec79f9106c,0.014395665575063164
ck_a678731156ad7bd2,0.31115462786291764
ck_db906debc36a5d1e,0.035887208949736606
ck_e87897767c612942,0.010260152871052367
ck_45ed5ee496ef8a67,0.011964883280656983
ck_ae20e28f9854f3ee,0.03861453505041864
ck_9ee044b73943a90b,0.014820113013295931
ck_dab34cf6f0626c9b,0.01424173406796785
ck_64a02b7b96149810,0.0008581863610866164
ck_c417d06f3e94685d,0.002828875700116097
ck_3e0149cdee4cb294,0.020519389181731244
ck_0e6046fc30f81705,0.01042588814260063
ck_c383aeabd53e9c89,0.01933485677664183
ck_2ef76f1f36e8b869,0.05955202485247984
ck_43948784650bb9ac,0.009853128356993769
ck_bdb966f43ac350ee,0.04233995340020101
ck_5bea0e0ee0b094cd,0.006257658399845046
ck_dff090f03ca5529e,0.003676448807168887
ck_a4691b57f837d88e,0.0032853654181997406
ck_99ee90946395d74d,0.4241783998065867
ck_cc81dbc83a8879fd,0.013950744255082633
ck_f3dc0725621b3a35,0.0007583569963597866
ck_1bb212d1288b9689,0.007126711331069317
ck_9e7278fc7679f002,0.020460379426450834
ck_3ded7a8720d7e311,0.009864767029837622
ck_798157bcdb9453e1,0.0019298347883808678
ck_9fba80f56f357fe1,0.003102809875191484
ck_f1e1c8491f16f912,0.0021299774916600854
ck_7b1319a5ca2f63c6,0.9875921970203553
ck_124432fd5c92af7e,0.8242674901196004
ck_148cb0c723284dc0,0.0055695964051423194
ck_b56c62c950eda009,0.0006111977581900127
ck_a0498755cd8d7188,0.0005463932396766589
ck_5379452a9d74efae,0.0009073510261487277
ck_6c2453229d608183,0.010028307198413546
ck_f9d8b4813a88c1e6,0.0017311625372092646
ck_c2c7d1e45a521857,0.01922029963091361
ck_4364a83a11743888,0.0013470871994615478
ck_2cdf5fd97ba75e06,0.09057202327014627
ck_71bc01291e0533a0,0.0042669944548396396
ck_a725d7aed2a0bdc2,0.00079331168790476
ck_a9b0c4dbd7db6a91,0.06528361943686775
ck_a4258806a533efa9,0.018856861185579533
ck_905e460591d9a278,0.07082144657502762
ck_20de8abfd8960ee3,0.003942482308478259
ck_252b0a0f1119b220,0.0005397353344356984
ck_95e4bef65c36af1a,0.00014645811832246988
ck_5ab68b434ad53fea,0.0011464311358846521
ck_13677a1957078827,0.0002506517348687972
ck_d251e9fa09e542dd,0.9987001254761352
ck_700cb620f300dd47,0.006159276390826039
ck_39a68c55a1bd3ace,0.19020713809669454
ck_61a59a7944d6c53e,0.09584015859931382
ck_db6d1c6d31da967a,0.0026938945032319757
ck_650020c500b1b50d,0.003344573908638752
ck_d812eb6930192793,0.00027906834347507173
ck_92f6ebc11ebca89b,0.12314658890655104
ck_d87e26eb5bc84b01,0.0002002294581816237
ck_66439e697695224c,0.0008372231309537696
ck_f21efd504faa654c,0.004546333868040379
ck_15eed0f5652f0352,0.003523304402030375
ck_bcdbf57d98dc0d27,0.00327242724103309
ck_873ceb8004d3a9f7,0.012955075616658348
ck_70bef9ddd4bab005,0.001142754229883174
ck_7560f1891d66f294,0.00031169973680335826
ck_f439f16f8693883f,0.0062118154293839
ck_14f9535e53f9c7a6,0.019648089652017874
ck_5984be472d2bc267,0.5532792521298204
ck_ed01be7504dc4187,0.015375482897836065
ck_dc3d8b5c17b67ae9,0.0011571193348185664
ck_9dc23031b6b494af,0.0297910231402441
ck_fbdac0221bc03f66,0.002849732623140876
ck_863708a99b92ef0d,0.06927739931507604
ck_22b52654776a1ea8,0.8408448658602579
ck_a0714f98001efa0c,0.030091310892970315
ck_9c56114f84e9a541,0.004816132095934818
ck_e155cf506b2fb699,0.001866563068534001
ck_65ed7e72f24731e7,0.008284641303119431
ck_822d6e8e43befc72,0.30692439900032953
ck_b1182471d9ac6b26,0.0017659786706588714
ck_821446adc95e6da5,0.004140762677138588
ck_ff182f033134dbb8,0.02193800312736683
ck_9c5feef7647b0588,0.000317811006695159
ck_df935d8bdd44883e,0.008388977878294334
ck_01eb24c18ad11fca,0.15627943397934985
ck_00d6730134a1eb51,0.011259450492153022
ck_79ba8e85678d0224,0.012836582152753772
ck_97e3b04a1350f6e4,0.017344228779007882
ck_74e9747954a46eaa,0.010989377363489924
ck_397d5fcc9972f909,0.017907279102915976
ck_9ede89e8a43c3f53,0.07025392898295996
ck_303b33910d67f306,0.0017564843863878009
ck_3c17841636f6f7dc,0.002581641718547144
ck_78730527f8ba1438,0.2921887712141011
ck_5ee32bc6bb5d1d4c,0.008939696132605852
ck_a13fee8cd925d0dc,0.007267340580653645
ck_6f847263379f2e43,0.17777004481557906
ck_9b9d9e579e7b55b2,0.01321793032427914
ck_87c1d0a79e79c84b,0.028922207797151888
ck_bfc453eabb472f91,0.0013110080767804637
ck_978c21bb5fe3171e,0.024931953920650587
ck_dd882323474431d4,0.20465953259991285
ck_533c4f7400d5ab22,0.3473115503876067
ck_5f217bfe28954e75,0.9980151034958191
ck_ae96d35465b3b4bd,0.002094229511072284
ck_512ebe97c0af94dd,0.0159236010350624
ck_f558fe02bb0219b8,0.018450932213864065
ck_84092e23d5ef4d51,0.013178705235669351
ck_17d3022ca12eacd7,0.016146207665677925
ck_8a8f81bf3558fd9c,0.0049541128468966805
ck_0ada6fed1864e7c4,0.007006799522524653
ck_21fe7bc59dcd78fb,0.006550594957944554
ck_e136e20c1c74fe38,0.0007457037091657238
ck_e7a530e09d113dd7,0.01433770280984452
ck_7cb0c9ded4d63027,0.03237464242238311
ck_102db9615e722c9e,0.029787536888314734
ck_129e39ddfde92eeb,0.002091407952361087
ck_d730ff21bfd7769d,0.003672097847364305
ck_54459b45d2be8459,0.0006161873510607239
ck_7f1c20319eb60aa6,0.998931910840687
ck_939fede90473e412,0.007436843937207954
ck_e0f9506a6d5f4a1a,0.0010421132754063007
ck_9a4967cdf49265cd,0.030545130052404095
ck_b9eaf03453ac7d5f,0.0014581043732001709
ck_522477be6376b450,0.005132044760140037
ck_9b6282e3bad50710,0.024028000613804442
ck_a0e3a2facd508e49,0.03137583365161454
ck_97ffae702f7c3d08,0.0005157104363157315
ck_344a95cb7115ec67,0.0037136435748572104
ck_1f2760764afa45e8,0.001523558616774225
ck_720cd658d11ea428,0.004710042972439012
ck_04e32ee9834c088d,0.1531441052103531
ck_2bb1389e5e72c8f4,0.024147543624882615
ck_961e7dbc217cfbbc,0.00354942850862522
ck_f3bce4eccfa6d6bb,0.005332949460057066
ck_e0ccfa0d689339be,0.0027047981162412666
ck_98217aeafa0bfefd,0.011496049310545464
ck_a02aeec1914c158a,0.02316069728861722
ck_20a17e8f206a14c8,0.05997324985676454
ck_114c32aad4b6183f,0.030660431922765425
ck_79f5198f0decef20,0.006757641863669119
ck_2209de229b4c71c5,0.008356227220703949
ck_6ee939b7f396975f,0.003967881743048053
ck_202f0c14b07ace01,0.051880258044588304
ck_fa24db9d416ab904,0.004531543555622447
ck_cf6aa24b92c4d33c,0.38048456938519776
ck_45f57fb8194cefc8,0.005305625093939131
ck_d5eb179dc45394c6,0.05029131897502475
ck_efb24be983342f75,0.024459292340562048
ck_245f5d62ead5ef28,0.00817408110158477
ck_15fe2a47fa7e92ea,0.001210624507044951
ck_b6527a85fd682554,0.003641909070929817
ck_11f9390a11ce9ff5,0.029035229975561537
ck_ffb4d892c5158201,0.00030064844644565295
ck_d4c1da5a1427fd6a,0.03404043592843338
ck_2c041b1efb1c5063,0.012038030661766863
ck_ecc18f40b33be769,0.04070325518728304
ck_0525349f3945375b,0.1989914585042591
ck_0bfe62e0c7eab9c9,0.012043739023481074
ck_b7c37d410b1646c2,0.01493239772943044
ck_4b15b0746318cf42,0.29485817805034614
ck_e5ee006ecd8ff661,0.013762142429439874
ck_ccc83cf66365357b,0.013010082305665192
ck_34a33ffe8339f66d,0.8839239632622014
ck_4e39e3b165edab58,0.7012574512134626
ck_1a71f8081ae00190,0.9950508783970002
ck_ed8f1200fc049c40,0.985196810344767
ck_8a5a57858e8c77f3,0.0033884636854912315
ck_fff9fdc2adf5100b,0.9369397552259661
ck_c76f1bf40f3b787b,0.0009262958775138
ck_1a6ddfeef82b1b1a,0.0005275624826048241
ck_478d2667aa9896d9,0.0028521162688378886
ck_641c8e7694b21f3b,0.051270463022664525
ck_293581d879f6663b,0.972206446780935
ck_1bfa8abdb22be8f0,0.039575499946372245
ck_05ab5b03d0bf9ce4,0.259373378360036
ck_35694db37f0cde7a,0.0014512637683778494
ck_fe33eb743d714c03,0.01501912969459092
ck_abd10fbcbaf2b038,0.0012594552409736781
ck_46d51648c1bf80e5,0.1360195513788414
ck_5c8390017fabfaef,0.006548124945046575
ck_87d55ca333f22072,0.0001928370238964266
ck_c39c6a1453e2b92c,0.00024658656723603313
ck_69ff1b0aa143a168,0.0005613817712065911
ck_e57c79eaab35ded7,0.006395546687763709
ck_463ae759e2b6ad1d,0.008759081046595122
ck_0dae4a7eb587f3ba,0.026746106574656068
ck_9b12fb56529ebc4e,0.005833862357663965
ck_1af547077ba2dd03,0.0744524884719717
ck_de13de941bebc7cf,0.000315857540712046
ck_83dde7da2bf647ac,0.0008091229573305783
ck_c80a94d4660041fe,0.06623114653885197
ck_f39cfeb277ef6528,0.004105621080835117
ck_1cec1ed1512a2d3d,0.0005594015069467554
ck_7955a359b6448799,0.0005566556799461931
ck_8c0955dad13c3ca1,0.0062550673292932355
ck_6d4cd2de601a2308,0.03343244205398316
ck_f4536ba8dd2d551d,0.009112763960599507
ck_b379c198d6db2d62,0.00560603641406581
ck_76ea90ebc74bcdc7,0.021335066411984894
ck_734f06bd4aa92781,0.045770939633866296
ck_677e1d0c14cbf569,0.0016576874859926057
ck_259271c70f3fbcbe,0.013329414410278287
ck_c0b744eb9e7d4eb7,0.04071829618994976
ck_3d41faeb96802f68,0.003076117639502642
ck_8f604fa70fc3c8e3,0.009866855747802375
ck_0b3c3bea0e0ed339,0.002695324781429182
ck_be5df076b8a86409,0.0013899157567381787
ck_6a475fe324d7d790,0.0025428350862532743
ck_3ba3fa5387bacee8,0.0003421555447871478
ck_324b9939d9c1c31e,0.0007841906832467361
ck_a7fcf7b592f68ca1,0.04342389841924097
ck_5b2728f7cca414ae,0.00010184658789910768
ck_5f4a25ffd0b85a47,0.011212337585582075
ck_63d4f5076fe4406e,0.0005330121125960337
ck_af528d66c86f0cb8,0.002003828085913997
ck_ac7cdb9b8da7b5dd,0.033842962736888096
ck_3bece63711407e25,0.008993514208137276
ck_d4e0b2a12fcfc35e,0.0006983793540676082
ck_ee3e7c9d3a9c74b4,0.055320497059864984
ck_50d7c4dab837bf66,0.005107659186288664
ck_ebcb93a2990fc914,0.08354232656093441
ck_2329cc9702cdf7a0,0.02468948968885225
ck_db1fa53d588bf99e,0.0106649140771508
ck_44e57a0bad5a0745,0.010583461498422183
ck_472c81a144f4631b,0.00016258154721859338
ck_1658429acd5306ba,0.005283017608692726
ck_466103ec5bd9444b,0.004903245654237701
ck_9757163e25262b74,0.00387890653028745
ck_34ed59bc2c9b0186,0.00687032189209909
ck_b7bd3a7f263f4f29,0.07475967633573634
ck_149662b09d632e41,0.024589553945365914
ck_a9ffd6b3957bd41e,0.00138360663336023
ck_ab80466ef615e85c,0.000429507523530095
ck_f2c824d3473db24c,0.005830659379992607
ck_a4a01fd45936b078,0.03097777899908944
ck_8f6ce158c2902877,0.0007119953978067348
ck_5189a302cfa7cefd,0.0001743443695334164
ck_430a3d03be588201,0.0022507019861848572
ck_b5f9dd00914b4db4,0.003274449837975607
ck_52dec82e9cf6135a,0.0024207344397872816
ck_95e444a01e2ab4a5,0.008510356184617566
ck_e37cee7b123692af,0.008067343091398851
ck_d68d42858a55adff,0.06119076346243324
ck_3abfc010091d679d,0.018925828291143122
ck_cee4e4e1b62bf82f,0.02999910396921568
ck_9ccb17c35e636c5e,0.0023134890202327206
ck_f72a5a3b0d6c1177,0.0011520503797518436
ck_7508aa554fae6afb,0.19279946326621317
ck_003aa842b7ca1d77,0.29253271533154596
ck_83b2b192f41ee2bc,0.13617739136577997
ck_64796b6b2c3c7f06,0.014532168713142982
ck_6438ae81d43cb196,0.00148866055321886
ck_2bd73d9098504760,0.04535404058450691
ck_aa8b9b36a099e4c8,0.02327383676583355
ck_e5ece47d0dd10526,0.010967498823246711
ck_16077ac345472e6a,0.0016633874257683619
ck_a4d6e152b0076964,0.0013282164604694552
ck_d90b1d03ae151f62,0.07010674437515234
ck_18b36d342b530af4,0.008604440674125987
ck_2a01e610348b84f8,0.012286938832689704
ck_0a93ed76bf36c8b6,0.028466018160259735
ck_3d56b477fe2370b6,0.11004071447021226
ck_17ab3068fa303682,0.0005140676509177265
ck_592a3520d841d11b,0.0076036918722845424
ck_84d07028b5fca2f6,0.02808290773494355
ck_f4a2bb10afa85743,0.013697693661434964
ck_4fe4b072f03f2c1e,0.0004012765401236678
ck_9ad08fcc183ea1e7,0.0015813829410588037
ck_130d3848b9dcdb05,0.004390570280739426
ck_bb399ed6bf28c230,0.016845176234102782
ck_a31a64a39a2c4941,0.0021035287740277684
ck_c49f25dfb39909cf,0.05575298057180756
ck_55f50a9ae2db8ff7,0.008200180156021352
ck_09faa4e771cf876b,0.0049502558045405615
ck_df520a7a6e405889,0.0041877767693663664
ck_8c8c98cc694ac900,0.00744026948724895
ck_7f0c4f609673ef62,0.0036812598972507378
ck_f51fe59cd445d2cb,0.002921813674211414
ck_b3fb83f0d772a831,0.01703594543175723
ck_d6e7e257751c299b,0.0002085918013966355
ck_0d362ddb4a1cb6d4,0.006382447732489766
ck_a574a08edaf81781,0.003863279518100937
ck_a823f5bcb0e4b9df,0.0022940740729825975
ck_f792586ad0381eac,0.007281360531860638
ck_54bfd70022c66983,0.002713725771950527
ck_fe0a9372c9372de9,0.004414627327660791
ck_5691cd6fdb6d8147,0.004406680320846817
ck_a95f212a02433d23,0.0009246499454888255
ck_f5adad75e1c06731,0.05704494547110683
ck_e09c97520eb0533c,0.007359596224633068
ck_a1e13c0d58560340,0.0018868389693842628
ck_cacc2ca410cbe80b,0.006013456737949979
ck_c0dde2a6ef1e08c5,0.0014998077139438714
ck_a04403073c90ce38,0.00021473745243201048
ck_03d3026107175dae,0.008288814325833517
ck_50176dae5b1b716d,0.004584487300740787
ck_6c084bfcb38e96c3,0.021952985151235598
ck_36d2be9012f7909e,0.02733290485899869
ck_958acf84c6137a22,0.006033645178911091
ck_114722e12db90a73,0.0074131495098863015
ck_203c2a22c0c165ac,0.010896902208315958
ck_2c44ca550e5cfa82,0.0029973079651956706
ck_df0a8f20ab8f14f4,0.0159886212612776
ck_826a27ff7555192e,0.0010064986179083959
ck_09a988ebcf062297,0.022858817501966416
ck_5c82444b3b9160ae,0.007934686226563464
ck_f6a4a7ed27fe76fc,0.011079757589010591
ck_17de46314b5c6a92,0.014414555620323028
ck_335e63101b1e6c4c,0.089563684441909
ck_c5eefc0697451de9,0.06690812787254173
ck_49a0efb5d4067b6f,0.10900506805059376
ck_c1f4509c8f5dac5c,0.0027242162401540098
ck_57658eda1c59bc52,0.0009871212901589716
ck_0d5c0736ec76385a,0.0002823587285111229
ck_e0239e6ae30795a7,0.007285862166539344
ck_e4459115cd8e5e4f,0.0039560401263633955
ck_bb4aec09d4968dda,0.03605781339122273
ck_a1b4c96faed3e0db,0.005659841859692751
ck_8247b79ac67aae7d,0.009534218047267454
ck_fe2fc7d6e5d83f09,0.0011861397197232314
ck_f6aea576cde8d592,0.00010303429491403126
ck_b7e7f7d0cd886412,0.04683429637525485
ck_ca7b993e8286af7f,0.003980760994977651
ck_47de038381a9cd65,0.02488842550134769
ck_d38f941d09eec820,0.02189415726074024
ck_d9ba2a6c0d926b4d,0.0041992693454446775
ck_cda72f597330d0f3,0.001605228634385153
ck_16d2d27fadeeacf7,0.0006369817728221649
ck_be05447853d423a9,0.00018701636515677428
ck_cd92852d7376a4a8,0.0016992523525847997
ck_2faf7ecccc9fec58,0.0002116512563700814
ck_db8733fd92f20cd7,0.00404478289491706
ck_a9989a3a94c26634,0.010186471452049317
ck_957fb25437c75e41,0.05005248331259761
ck_e6a6caf6e7de17c2,0.0019935028460151627
ck_f7bc569b37e8bdda,0.011145748203506214
ck_703b375dd86a6124,0.02431150689307769
ck_d3cfb3603f2c6ca3,0.04885404359017865
ck_07cb2b6f2a4303e1,0.0477073044100945
ck_31631e2028d4f855,0.014179744275523985
ck_1631bab0ba1256db,0.014791685358915715
ck_5fdafeaec036f016,0.008850573737009513
ck_6eda4c36aecad602,0.0034373274745398527
ck_bd1bf9e3e29de281,0.05620696738564739
ck_bf378ea558a4125f,0.5493947658276627
ck_7aa2deeda0e57412,0.997740120672996
ck_d229cf7f5a3f38ca,0.0047723518811905695
ck_9e109edd124492a5,0.0017380570488006106
ck_779491819995625d,0.9224309967964418
ck_b89c6fa2ad0a12f5,0.009946497373995085
ck_1d01b4a609918c4e,0.9793906930561403
ck_714c5d7cb17bc9f2,0.006390322246112094
ck_269f1746f2609ed4,0.006228975817235714
ck_4be03a2aa62b93c7,0.00048486613179311286
ck_cf920313f6dd28fa,0.004375401211626898
ck_fb00aae4e17740c5,0.004806314041951667
ck_085d8c42739e2b10,0.9986227064062813
ck_c72a7d0d03cf3e17,0.24634508506721525
ck_8f6ca5d3b17eac6e,0.0019071565256741502
ck_d9573100bbff4014,0.10314848973292574
ck_79d6793d1d0cf43c,0.0003165339249247585
ck_91fa5032f7aff0f1,0.1304895454556525
ck_87110d84872c0fed,0.03372207756105799
ck_8220da627e9992a5,0.0009310476384407913
ck_2ae44938847f3852,0.01139067105990165
ck_b0f191e44f9b6f35,0.05629551855252937
ck_3049d744b527f4d0,0.006458976376159077
ck_47d3e8d1dd3fbcef,0.014238042285955751
ck_ddf787359d2b5deb,0.0013745565076161348
ck_b27a9e39726b26d9,0.0017102184769640784
ck_80c4e9274cf976b6,0.9963987947027443
ck_c6afa913168ce8fa,0.0037167819988454744
ck_52427b3f8478db19,0.011192663621190407
ck_3b810f15ca0eaa55,0.0048915266302798945
ck_0c9e420f97baaa06,0.8916049364017755
ck_f8540cf3a8b2f8c9,0.038374077927347296
ck_1402d24dd623df72,0.003704508866372696
ck_eb4f4267e24d042c,0.0020521734461004504
ck_6f661b428d6fb8e4,0.009500673605290102
ck_519a26ecf3d29c90,0.002844670803777197
ck_e886ba71d4a6fd73,0.0034895522128349813
ck_437f9ecd2016a1a8,0.0011505045933473354
ck_f01af1b0c977cc06,0.003930179324204589
ck_614f777c2eb5d537,0.009673757101548724
ck_b804e784cde9af8b,0.00022032072827776663
ck_c2dccbc1b24b137b,0.057146278765790495
ck_1df4a1781a0f6999,0.02101392019158693
ck_bd2cdd53fca26171,0.005394333067818188
ck_424c254249a109f0,0.007715935420312665
ck_cf2ca4f286e289ba,0.025374105120870044
ck_6c33cb15b0d8af54,0.00898185146047837
ck_311d395fa9b8550a,0.003675020438490145
ck_9f792e7e721ff7f1,0.002283627914779974
ck_4c37586080edb7fd,0.000333308920442141
ck_7c4f42c5397113b0,0.0017536611048530736
ck_fc418f53ce4aa579,0.7297037081354175
ck_1ba28fb7ef726ce2,0.016525244725517946
ck_d932f98bf6b83956,0.07990188382833706
ck_248b3659a9239240,0.00402647055562598
ck_6a92cf5f4cf5de38,0.0023906993736232222
ck_65519d0fb137e0c5,0.0021873909980525703
ck_ddc3fc99eaba2064,0.02218009619675742
ck_7310cda3bc65a73f,0.00526111173095961
ck_c01c85bd631d4054,0.0009228399036060791
ck_b4954d16b9749829,0.022876216913601276
ck_f301f6758e170d66,0.005334782411657979
ck_9bf95f8c47e7c7b4,0.005327715288191161
ck_c91b7fccf6aeb4a5,0.0645630623209504
ck_785fa45e86bc5e95,0.005751115437581392
ck_2a65f1cc23f1180e,0.003155494400016542
ck_a49a2c1f881a3560,0.0020474217396652676
ck_def344d68f06d749,0.016865155268817746
ck_abbd1465fc730d78,0.002786357223291952
ck_07a5610ed28162fb,0.022976676057218565
ck_7ecdee2d7127be8b,0.027067595634987115
ck_67858bc00e81490d,0.0006905682676595661
ck_b4ad165ace910222,0.002483065655996906
ck_30753ffe481a1b8c,0.155087718935626
ck_c401a26725b17177,0.0008586998693463117
ck_819988d8a7f26415,0.0037066015753167143
ck_3364a1d9261b3638,0.00141693833956445
ck_c484c5bda389bf20,0.00016050905370900424
ck_ae416325fef92c9d,0.9891632839600409
ck_5517b9a865960542,0.008639555965429022
ck_a0e96fed380440b2,0.0017162441626630861
ck_e83409471d2b0b44,0.00998245723030625
ck_127273af97d7827d,0.012808243919308645
ck_aaa9861c91bd14dd,0.014039167682244913
ck_a378c58294001a36,0.8923676421515976
ck_abb9d65ff1f95b64,0.005449955762996931
ck_a5ecbefa849ae569,0.01338731697077976
ck_aa9953c0ca2bed7b,0.0007686325142451925
ck_40bc6de252865f32,0.0030907985638898147
ck_9fb11688dcfe1513,0.001869044130532875
ck_ba68841ca2ba073d,0.007388833101351904
ck_1d3e561a7d20be0a,0.9933069662516653
ck_99a92d710a29c1d0,0.04305746527817937
ck_ede2e887697ffac0,0.003546318962385006
ck_e6de67c0d82a7b83,0.01643425383139405
ck_6b38763bf5ddbcef,0.007401716944933394
ck_8dd44eead7d765a5,0.02332199028573558
ck_30bf5b0056eea9e9,0.044601436586431766
ck_2981d16f8a51a8ed,0.014679353788137988
ck_fc60f42c68c7024f,0.021312816090123407
ck_8e2b2251ee224aa4,0.026441292533514307
ck_1906f0dfaf6e9bad,0.620166130829685
ck_dcbe6814fc4ca0b4,0.049141617014560414
ck_f7e958a286ae3b57,0.002341847375159602
ck_713649668a7ca824,0.0020778923602635616
ck_6f73cdbf9305e2ea,0.010601669936235453
ck_dd1c490050cd9051,0.021325599161068746
ck_e30db36e376606f7,0.05453477065418243
ck_740d8fe8028b5a2e,0.005316589299330103
ck_ebbc9418cd41f692,0.0018614083602484224
ck_7b3cc6cc3f250f39,0.020785882609956736
ck_1d30eef7110809e5,0.060297858372186416
ck_77e0589ab339ca66,0.004904599812776742
ck_15ccbf8ff7d14086,0.0050118723161287635
ck_246989b0c288664f,0.030276194798975354
ck_fc2a6e27b10b10e9,0.0006301944309385127
ck_8afc1112c12f5402,0.011551583656065924
ck_a76e8d83b9141364,0.026401681523938327
ck_51d3e8dd7465c015,0.0011266287094159222
ck_e7b4016909405981,0.0007288010920320172
ck_e7a3cfb9bf908e80,0.026790362526989683
ck_2bb49dc2388cdc1e,0.001346167207805367
ck_94f4266ee7871345,0.00015187758141303411
ck_b2c896beec146477,0.007309730822331928
ck_fcf5d4a4748cdd53,0.0028471643466231908
ck_fd0483639811f62e,0.12350690432430692
ck_9a21d183524734aa,0.03322019961450607
ck_1df4b46c0a4c317d,0.022259708457114315
ck_638df9e8a22dfe0b,0.00740455897906175
ck_65acc43a6dc3e65d,0.011008257109360717
ck_7c67b73196e3d0d9,0.004903150611125284
ck_b0ee3a98175b462d,0.0015988253296114535
ck_20fad010969f1abf,0.0007635658243839788
ck_54b087bd873af8b8,0.0008437920596177568
ck_8007824431fa803b,0.004172720159097817
ck_23aab322810b9fec,0.015728271540149507
ck_c8001bdb9aafc8a6,0.0047710064387805435
ck_3a34c3ac83cf84b3,0.00435918476906661
ck_60187ac2c473a662,0.9740132295916456
ck_6a0ccd7357979f0f,0.02679088819606045
ck_27f20337bef5ffe0,0.0093927730178614
ck_f9fc468915afe49c,0.05861690022723002
ck_1eabc15a94bd9009,0.013201390975115168
ck_26896c494b2768ef,0.004207687763698663
ck_348c874eaf0354f4,0.015160058141762198
ck_be9c46acd216b45d,0.01981766117667951
ck_a3cce46d15cc20a2,0.029697255222902445
ck_70804f60d9704128,0.1474576359710342
ck_a019151ca8e7527a,0.015065713792545742
ck_571133b2aa8ead51,0.009973675422232492
ck_0afa4449f20d5196,0.011737398685154063
ck_4d503c41cf4e5034,0.010556907069363797
ck_d6fb9cc5171e3e9b,0.8590119896229922
ck_05ed92a7c3e10e5d,0.019233301084620083
ck_bfb067986660afe3,0.045302696049810444
ck_c1a31690c8573226,0.004688590782419257
ck_cb88ef3dc1f42225,0.0012302516403311441
ck_21e3b3bd998745e5,0.033300579850835156
ck_cf52e46fa54e4540,0.0008257664594379838
ck_b72c7ac4208052ab,0.010051721861483391
ck_e6465c56b337e6c2,0.003357879364290166
ck_5f87eb05d18186c0,0.001979726629019271
ck_263f6c5ff26b5e98,0.0004488111969273772
ck_e0b7e2c0bbe228d9,0.001464961341023995
ck_b657ae3c146cb7bd,0.00029269111600129617
ck_abac514d8167ea58,0.017216705622750815
ck_024dcab126876002,0.005463075237692974
ck_5d8481e2b38bd99d,0.016804623287092015
ck_edf229c17d25dac1,0.06544409172699983
ck_6cb7c97b72d6b5d3,0.020511313194678155
ck_c96ae2c28086a059,0.025666075910363125
ck_2f241b97c0f8389e,0.009296847126159705
ck_9158bdbb63ee8987,0.0077546451760904965
ck_e7b40b60786c1530,0.0037627442122770954
ck_66d38518f68e6194,0.0002926852298000617
ck_8c9b57ad2a991416,0.0037732416482097004
ck_cc91bd7152d3e9ba,0.03601477313060545
ck_0d846660c7957a88,0.0019273024573822136
ck_60896cdac2212bea,0.10840630625404982
ck_dc4db8b932df49de,0.01818230891357557
ck_2dc31db181150e20,0.006006107181491585
ck_2f138fce1171e277,0.0010204868770074245
ck_68b8b859a6ef505b,0.024760436387758166
ck_c3fe0c6c5e1f40f6,0.004402937894647107
ck_15886fe84866de92,0.08877623749502672
ck_ea269b35406473e8,0.0006626292910739561
ck_3ce7cad1f69b71d6,0.07232576148553285
ck_054ed4288ee58d6e,0.07026981558766097
ck_3d4913a86f207fee,0.008213614092421535
ck_23ff85f9d2355e8d,0.013125237703502962
ck_d87ab3261322216a,3.381928119760934e-05
ck_fac046ce336fe39d,0.007248674486660231
ck_beb97e498e6cf8e8,0.029046457974804117
ck_1f517e0ebf397b51,0.006881951935964257
ck_0af57ebaa45877a1,0.003835170951199299
ck_f99bc1732ce5e999,0.006282131791491817
ck_abb056a9deab275a,0.015810645716949977
ck_0bfc394c5faa65cb,0.09174408637605895
ck_ddc865af1dd5670e,0.023549443325043495
ck_68b5542459638b56,0.004378164410017601
ck_0b1d84252c0b46c2,0.002349847755926208
ck_520ec32c4f253604,0.019609708190254302
ck_79ffcfee599d77c7,0.006791680860544037
ck_eb224c0fd146253f,0.036895671654051325
ck_0e477084434da450,0.0213884433252216
ck_07840bba5570785b,0.010148320056893494
ck_6b67fe8e310ab865,0.045670202612082746
ck_e2a1068c2fa22525,0.03091654836199309
ck_b9c6b32f6bd92a3c,0.0031315009285444273
ck_c1e7d1021ae58f00,0.001331628750101589
ck_5d7801201749ffde,0.002335983872744785
ck_c8806749e263f70b,0.00044553577090564184
ck_c9eeab826781dc91,0.008560426979006757
ck_309a432c160a17b3,0.002199903567371508
ck_b22e3337b8e3dbb2,0.0017157132243548312
ck_79c30169c71b8033,0.9287688065547128
ck_5a6593d954085775,0.005635354551998155
ck_70b9b79ea1aacba8,0.013641468286376121
ck_63743141ffa11f45,0.06521952156331792
ck_dfd3dbd0d97a642b,0.012191575408592325
ck_635646a661f05b4a,0.0038094107154871184
ck_4b123d6931b6d0d7,0.4608029930912609
ck_f2b0e7a47f442557,0.7664237662415042
ck_1b1df006b81d38ba,0.013938829048957501
ck_360237c1bd30f4bd,0.003314166164070295
ck_5e84bca0e362da20,0.03429568691076225
ck_142dba210ed2f3b5,0.033813550642249876
ck_a3564236069e3524,0.03737695874128152
ck_cf36d8b070ded782,0.0030906595343624956
ck_ddd6625c5eddad70,0.001463091377941639
ck_ad54292a0b2f44ef,0.0015961767003809628
ck_45cd5ef6b359e9b4,0.0021500169423623304
ck_982c2392238b7be3,0.39641419422339624
ck_083e4ac78685c3bb,0.04805122021234441
ck_729cc0b46cc2e546,0.12529668490619325
ck_f2b8995fe5402759,0.0014505019549289416
ck_73e24f5a8da289b3,0.05600784758304951
ck_bd85f30c36f5998d,0.025373894521225702
ck_ee4ff3aeadf912c1,0.0021235334175855134
ck_63d2978706e193d2,0.03742572104907363
ck_6a0684436a1e66c3,0.807942124986211
ck_182dc4a2f5a366da,0.0007090269208764596
ck_e6fecb82fc2a82de,0.00019045461774601274
ck_cfb06f07394dfe64,6.620650175415916e-05
ck_7bbe1dc8add17ef0,0.011204338158295963
ck_5cacad76e02c8e3d,0.7822354927228921
ck_ca68dec0c7df5a12,0.0011008991414889937
ck_e4c0fc52c82065d3,0.0021795045556210796
ck_f9197b070416f443,0.002898222907186691
ck_2a07c7021b71cf65,0.022634546675605542
ck_4fa85cebf707de2c,0.0002887982201215397
ck_0063d2a9507467e5,0.004871328767269647
ck_ec986285fff05b7d,0.0028215285512979216
ck_279d43303708109b,0.02168236969959607
ck_a406bf11e48cf8c5,0.04353058045385721
ck_064b2aa3f0bfdb6e,0.00641656591196018
ck_95790440bc4bd2d0,0.008124579511231958
ck_70066eea13b4c34f,0.015266262712933345
ck_19468fe07e26f992,0.9871095611272923
ck_86bfe328e0a533b9,0.7945256394623182
ck_ace3b96c977a7560,0.0689613885481647
ck_642344e5c652d8df,0.012309374304106413
ck_074be35c951ae10a,0.03735050665890542
ck_f14dce41036486a3,0.9910347333559223
ck_5cf67a3a747e684d,0.2106588087740283
ck_f7285b92648c1c81,0.0008422592498575817
ck_bef3193f124fca5c,0.29802067837141977
ck_05c4dcbb45de1f8d,0.001996944638933399
ck_d7c28eaa05bb7144,0.0031860524769001318
ck_320df984791a1b99,0.0011715843593910322
ck_f45bad1606fa00a7,0.016623299382390173
ck_6f81c199e986d9fc,0.007198794330499226
ck_d0c9633fed57c344,0.01403409654992309
ck_a3c25d6cc7478068,0.008005138242458047
ck_4185506d12cf9fa0,0.0004944360323108866
ck_7a02ee1bfba7353b,0.008745737629030203
ck_1b52590757c0fbeb,0.0184450744038783
ck_a0e5656e1cf9cbf5,0.0014151315743964525
ck_ace21f6daef94f6e,0.001052591915774585
ck_646d8d0834782d6a,0.18110046805385396
ck_1f136a4476b5e775,0.013057561799002965
ck_325c7643cce02da3,0.013059098527538627
ck_9b5e7fe28208f5d1,0.005474750997045838
ck_05d81b1a150f31c5,0.0007095107098272488
ck_0e9ec486bff403c5,0.01647771254250761
ck_ee13c091bc379188,0.011466891194744033
ck_f7a7f8f5903617c5,0.006875990658072999
ck_96c3a3517153390e,0.027737649562791546
ck_538dad7f096458ad,0.0010701941003685793
ck_8758fc6622bbb7df,0.0024919345603372158
ck_f7e53af3c91fec64,0.02293904203988407
ck_80b50fad7f255e1d,0.0023018565115415527
ck_9645e7adc08631b5,0.049073450729527755
ck_e007aedbf37d6ec7,0.006839666496954849
ck_2951d76c41de2569,0.021732800593308173
ck_9439bff87e616d4a,0.005199966924548317
ck_a73045e96af0e4fe,0.005598146174440017
ck_7b382e533e2e925a,0.017037949997675026
ck_730226c2d216cacc,0.004859446363297753
ck_bdf837d761a7cec2,0.31211052450543925
ck_0b34197335ba3341,0.029061341205455095
ck_49170c4b31a20f5c,0.0009208145243100643
ck_cd553ba6589d8bfd,0.0074078937721442275
ck_56b992c6f136fa5e,0.005761961822529351
ck_8beae3d7328fa41a,0.022379505880306395
ck_1a065ea906ae3d6a,0.0008790236853028654
ck_e9e3381d5e0e5051,0.004252168271962434
ck_a6d4f998dadc90c2,0.9940930205643763
ck_d36733da917115a6,0.014570251576509978
ck_e738e920bbd74a7d,0.01662023817734336
ck_af65eb885a51048d,0.0005313261641415284
ck_73f4eb09af29b1c0,0.028711849292322095
ck_8fc641b1750a2542,0.06092003292424767
ck_41b954c7a948c060,0.0014615659735585423
ck_25fc3010e8a0f6d7,0.004023534072860948
ck_a2624e0387974e0e,0.047198780141398056
ck_5cb9d7b2329d5ab6,0.016537455339062933
ck_6c83aa1d100a7cd8,0.04714622993795736
ck_67025c64588abd1e,0.001537299935667082
ck_f5dde68f6f0468e1,0.0014440026633790158
ck_46bfb2cfc29a6d2e,0.005226178071759099
ck_49dddb894d33f6db,0.1230204887348449
ck_f738b633b8862d18,6.820558800515134e-05
ck_3d6c3c00d854f5a4,0.15892130793045356
ck_cdb8061d8d1a6c5f,0.0016495713785065222
ck_5e1b81848718bdc3,0.02259495289374248
ck_8def763034187436,0.10042366362330393
ck_8f8e4fb9c6190272,0.00236065501780145
ck_368b968b5f33431e,0.0007841683259615436
ck_ba7e347251ea399b,0.011507536405566192
ck_9075432001a64e75,0.014440552044593385
ck_73c5371635aca173,0.5970142638023702
ck_81793387b38047cc,0.0019629521397410963
ck_0cf220816e320ac5,0.0014721524125600037
ck_820219bb9c761b52,0.1288613056041383
ck_70a932ab39d86a24,0.0010374886008502858
ck_2c4be237a7ed79c7,0.0007443439255055332
ck_acc764b49ef02826,0.2936323068316935
ck_74c3c3452e4e7cce,0.003906932458502279
ck_34dfb57e5bf31d2f,0.05718750996565664
ck_6ec39903f765956d,0.04623878094373453
ck_5986119e7d81e831,0.004606795547195519
ck_2ddfc948b8eac752,0.13401139354575414
ck_921ff5ceaf40a968,0.04603638029534145
ck_fb3b68b4424b5f92,0.03307166659664863
ck_c3db1b3ad4f16679,0.0025192722911729476
ck_124a197be41687f5,0.01459995991288466
ck_c58d9151834f5bad,0.003374316850272491
ck_389607982eb6b701,0.8149309247165196
ck_fb0c138c003e933a,0.001215078849776719
ck_50d0bb7edd8c69c0,0.030894645900732917
ck_c6cb651149dc9a8a,0.001980815397825109
ck_81e21354e477eceb,0.033282146573715574
ck_7696e38b3e4197b0,0.0029426752830696333
ck_586001d3ed9e7fbc,0.0023230784762346703
ck_bba413492dc46f2a,0.022573503834295707
ck_95b894380ad2702a,0.023716261375132566
ck_277621473369614f,0.9987684674953048
ck_a50621b5eeca84b4,0.0008620994715694077
ck_bfa7ba218b988cde,0.02466743244852008
ck_5ea89567dfe78e4b,0.004894610325241385
ck_6c679602a6476ab2,0.00329142952761309
ck_d3885e286b3b11d2,0.008858213139110227
ck_cdcf6671b37c9c92,0.0147453457180965
ck_b5c93e6d34f8d366,0.0011424938322450319
ck_c24f61925dc158d5,0.0710058173715872
ck_cd09375e6c81d2c4,0.028257415994289388
ck_a95afc7a00303a26,0.010067165486851947
ck_8e89ca8b39f3f8ad,0.0017081290416633124
ck_9a84b396aada3fa8,0.08473960159975831
ck_5124a2e415384945,0.015269301837736076
ck_d66bb1f063357f99,0.009051767578366449
ck_0fd9312411b0ac55,0.020414323800409008
ck_ad8cbe6e27e47ede,0.019099080290923613
ck_8398adeaf41f9cae,0.011048789856348168
ck_dcf851e7bb5855d0,0.0005209781017030947
ck_9affb0f26776b642,0.002093576176202776
ck_f0424b3b36bdbef0,0.06659362504683873
ck_66746d1090d6d9e9,0.0009967321569863009
ck_e5f8c8a5824db594,0.0257267675291376
ck_3e91dcc209431984,0.034943450732404964
ck_126a82e8d42e5ce6,0.0008396504585104191
ck_38e4a74ab256e2eb,0.008481115097549057
ck_1225a97fc413a419,0.062234518742038496
ck_9b5ec0f78e160e65,0.0015967562968323367
ck_7c5529bcc079600b,0.03322171330273466
ck_29640fc2fe81c251,0.18387688061222732
ck_160e9ba0a3f7c1fd,0.0007426593053193591
ck_bff090cb4ab76b9f,0.0075104327568351345
ck_aa06ed358e43db69,0.03662012068578771
ck_7264486eb512d84a,0.0032688027507833243
ck_f5a32e6160b28379,0.012565784873747921
ck_4ba8bec14c2217e1,0.001965734944380027
ck_610815786d729d2f,0.01695734318755382
ck_e267999226b6321b,0.0007128080923302076
ck_f3996a3c8eea1ea0,0.0017230625417453595
ck_e9b75ed7567a3f23,0.02002530533336439
ck_d21612d48bb4f7b8,0.0268490045933795
ck_1f871df76c6a995b,0.017459227564182667
ck_953bd5de48ccd70f,0.8161857052214697
ck_02a9104419a6dbaf,0.008878120616195665
ck_1eeeee651e05d535,0.030520888986227367
ck_e2ab04136a442a98,0.0007665330195476842
ck_f0d806624ef3d359,0.003764910428468747
ck_4b68b38c1b3326a3,0.004174773528023786
ck_74e60495f8861156,0.007419022326859809
ck_398f3f4cf05c721b,0.0022013489488829194
ck_f761b7650a0c1a85,0.00964690059273822
ck_7dadef33f5e2d94f,0.9960212818371837
ck_6ff6883633b8c7ba,0.0003324391449773099
ck_4d2159603045109e,0.038188698067004416
ck_a38bd07a5fac5c9a,0.001713508111763626
ck_f517f06551e69507,0.00297554054582319
ck_a7ea00a1760ad561,0.991481110127455
ck_31fc51d5a3dfe16a,0.029689768139905745
ck_bac5233623b25ca4,0.0037044659563084128
ck_385188ab27784fe3,0.035272582399353755
ck_9947a323bab5cacd,0.36664156563428146
ck_7973edc9f22ee7b6,0.06441664382611116
ck_f97c477986043755,0.0027988433211924707
ck_1a3fd2cc4b4de196,0.010690771283407436
ck_e18ac29ea62cb435,0.0759181608103984
ck_9720a472a3e0140c,0.001477673589901495
ck_668c7fc7d7e47c0e,0.048529731144723975
ck_214af0806470ef48,0.026549298322560463
ck_a46c1773f01f0be7,0.17763715163250302
ck_f2bdcfb4203ffdee,0.03988376659268602
ck_40e84e6ffe788a4c,0.009742618620023973
ck_dfc6f5712d8d6678,0.011427566590550274
ck_01ef1036b2e66a4b,0.019893537318575273
ck_3acfec10eec32f9c,0.01240839850870282
ck_084a85145c15ed77,0.001244243266377436
ck_fcdb4fe2f095fba1,0.18529733180430785
ck_023908db0a193076,0.112234222387695
ck_fec0ff92fd622253,0.006236183958473479
ck_c009c97d5fafbced,0.2160618298156268
ck_eb9f0c06ee017ee5,0.0028694801508024562
ck_d7792b429620fc24,0.001714530562068644
ck_5e9e149a3b69c726,0.0416594152341758
ck_ce927322ef8f651c,0.008073787237251646
ck_b8fd61a8e82bce32,0.9440672705748617
ck_9aafc33fba1474cb,0.0031084627802603253
ck_ce81ff9b8b35562f,0.004049980704750187
ck_25bfca1d8eaa152d,0.0007290504030745416
ck_170c65860e2a7e23,0.0052839508393739834
ck_952da7ca9f33decb,0.020787706801267732
ck_1ebd574406235957,0.04122049017529548
ck_589109a188adc2c1,0.0022694151253712827
ck_f0cbd5383bb07778,0.031071806592414455
ck_242521e261148fba,0.0022615331622108307
ck_509cece86a558de4,0.0018119105700269515
ck_0dd7c5925d28755c,0.0018377173504026286
ck_a7e669cf1c3985aa,0.0012506503853107333
ck_acb84dc2351eeb76,0.0009966438683197145
ck_b837c7dac2a9b931,0.036927644652618975
ck_18eb1f9181f95df4,0.0039001740948548884
ck_b0b9047dddb1ec84,0.2809160283519462
ck_43aa136bdb0a2832,0.45554336219670843
ck_3e47f8c56c811700,0.0038843165460390647
ck_77c587d24695ea15,0.009234990131303068
ck_20578ac693ea4e93,0.029687163778215266
ck_b9f6040eebd1605f,0.13140582184655128
ck_ca9d86f65cfdf018,0.006814688721902239
ck_a4fa8833995c716a,0.006365232656147251
ck_f589f1e29301b5fd,0.0035236330950428724
ck_961ddb8ff55d868e,0.0010035919602415654
ck_5662492a54e6688b,0.026407285991647492
ck_ad48826c1c26eb78,0.4317270424919
ck_621c9ddde6bf2eca,0.013902798857566219
ck_417a3500b2c717b3,0.01144845812982015
ck_c7e129058beb3ac1,0.009362511922543794
ck_ec1c902b9b9b9c5f,0.06448225581856157
ck_317360ec0a67d27e,0.05323110524139498
ck_3e3ea5d8c4a229dc,0.12640832137095637
ck_d11d27de7bf0b973,0.18494678897615055
ck_d37d56e931105db0,0.00455326895457528
ck_4863077723cd6ce1,0.0009332701909839994
ck_479a065d5903e9c3,0.00021736973326245306
ck_e66ae4fd586fedea,0.002933996750797569
ck_192bbfd0d5720134,0.005378727136969359
ck_3b436cb29af99f3d,0.03417455709567231
ck_7c7ca54969eed187,0.009695021862668329
ck_826ee896c9f1144d,0.05017861818585323
ck_ba1f6dd43fc8a0b1,0.01198262297552046
ck_49685deb63e4e8f8,0.013104464703630579
ck_687ab5d5554bfa79,0.011833471301126122
ck_41346ccd9242cc8f,0.0019227636961629312
ck_8f8e5e2b9dfec3d1,0.0391061900939741
ck_94d5ce61a0c50465,0.0659318452274083
ck_6b954c75aad8c012,0.010486944331211206
ck_748af92828c9d288,0.0003527030380222714
ck_dddd14091ce812c2,0.031377026919309194
ck_723323f6870fab59,0.04403552353629139
ck_dbdf8d0708cc6718,0.001956540405316474
ck_f04938570a154de3,0.005004383649213129
ck_58afa1550b3b5294,0.029996886015060738
ck_3b150afde386ecff,0.018568413999977215
ck_666b95e75d99ec4e,0.881729114375358
ck_e00332597cf1eb24,0.01033272815945255
ck_9a9e3dac79280d7f,0.19384450746631005
ck_e8d37262e859d9a1,0.012577031421024417
ck_895bb39d24bc1c4c,0.0014155212637316711
ck_b367449195e36499,0.012804390047574951
ck_d23f9a50d1135ce1,0.03685786940188731
ck_670dc4910cf476c2,0.002295869666677611
ck_3ecd8a5ce65e21ca,0.008254844262146023
ck_8584fea2df4c6317,0.012446331907934196
ck_0789ff4562202b20,0.004560746244484283
ck_749e0e50c3907be8,0.0024024019198671284
ck_c3ff6790cc6d7e34,0.0020931903776543804
ck_75fb7e56432ee4b2,0.00047894568663005803
ck_529fc3170fd11abd,0.11396854203186564
ck_34a69b3b4a681796,0.20994831228783772
ck_255f0e5888ae9e23,0.018143450963337537
ck_65be698386474170,0.00040260385941951935
ck_5eec9ed855c26000,0.0005212744359943487
ck_5ab39bdc9610f6f3,0.12037124080664725
ck_1b5b75762f033462,0.014991524082761892
ck_d3e208671cf37f91,0.615199395424296
ck_5068ee554ceff971,0.039870785184639934
ck_d7d50fb57fcb2d0e,0.00025024823133919477
ck_ba6e1115fceaa067,0.013329467022714904
ck_d07bfb16a4a7dac0,0.9823239016581711
ck_ead68310311690c8,0.7719708862319433
ck_ee53ce862bc9c111,0.02987711772126646
ck_97e56e6037024dff,0.0033814054684309794
ck_80b04344c98ec072,0.07780686637805379
ck_5954f45a2ab45f43,0.012819484303501005
ck_18ddf7e836256e3b,0.005078148922441806
ck_89a1a780144d808b,0.015157604332723479
ck_a7331e8b808c39aa,0.04825136012348716
ck_a1fd0ad03ff9b776,0.010009543941176409
ck_c0cf50eef030b401,0.002195794533264785
ck_074f20921189e7d6,0.009926942904018797
ck_e2aa7be60794593d,0.10945411065956669
ck_72771757dfb7f7a8,0.005109216609906388
ck_a9cd84a6dddfe584,0.009241464292675633
ck_142c00f9f8557504,0.0377939944955674
ck_221b5d40358230f4,0.01353529524808843
ck_a2d7a563f520b7ea,0.0037644086347547925
ck_66cd34bc568d95e0,0.004878964827785308
ck_a17128972d3e507d,0.005848063293326183
ck_bda299466bb2136e,0.009724335537844657
ck_2b699066665abe8a,0.012537591188115964
ck_0ac9848bd4ba0c14,0.0010002159600014284
ck_98d2f9a6ba3a3077,0.9503300170094447
ck_a872df31b28a5f7f,0.06198981399792029
ck_7e73e1d44ce82ed9,0.003032495927729998
ck_1a415416f620d49d,0.008697693910198753
ck_c95c786d2f8b8edc,0.01578479160873658
ck_e45012f22b7f91d5,0.0008326944161362374
ck_aa0b083e2a6813eb,0.016558183679701965
ck_4666232ddbf77756,0.005318522735126012
ck_e08e9c8ec5f23d8b,0.016513283992598077
ck_31d4c0518e5f52c6,0.00280503550604985
ck_c1ab40638f04cb02,0.009453133894961607
ck_4c1fdd1669c7cf51,0.008498356902775282
ck_11662cc7940ffc82,0.05537995265534726
ck_2e679af24adedac8,0.004104777896530474
ck_454b9e21b7f25a4c,0.0026379902246663695
ck_355c4f29089731e8,0.6854900157932768
ck_507e40760a24d2d5,0.03235975209768085
ck_0943e0f305078e34,0.9964544236914616
ck_abc54ed7111e9ed1,0.0005186247788567427
ck_a60fe02fc04407a9,0.03141994716237458
ck_244b897bb4d57c1f,0.007791052213813457
ck_8c84fcde93a04334,0.13114216335375292
ck_9eea37d2de633b27,0.006826642183304866
ck_b2cb9e6610eca967,0.004222088792263335
ck_09aadb4c41b166f1,0.1021477618257679
ck_8d94fbb4828ef326,0.0019098706538824269
ck_089e3a07abbe3b8f,0.0058814372627568655
ck_dfee9de05e3971cf,0.0016463651990243266
ck_6abf8302ce052451,0.022164375208571157
ck_6ffa90143838a4a2,0.00222022564627668
ck_325caeab5c7a9c3a,0.007804604052769153
ck_1964ee9db929a173,0.6171010593282602
ck_942b95988a6245a6,0.0734206474949897
ck_913ecdeeb8e21a9c,0.0017125219869547524
ck_ecf9794349eb4b3b,0.02840636184869878
ck_b6cb8d6ae828eed1,0.011644223133235024
ck_2f82ea66c4f53b33,0.2936933445583644
ck_6e676daa4855b58f,0.04102680223933816
ck_2a37fef48b44e9c8,0.02045485574109313
ck_3bd12d468fdc2450,0.008305998763782947
ck_1a28b6a40a6bd3b4,0.031005750050257047
ck_61b79dec96d15713,0.0021235668753439184
ck_31d5e3daced93d3c,0.01249567935254652
ck_e6c8611c0cf233d7,0.0012941847320540852
ck_f04761b4a937ac3b,0.0012810629385455066
ck_38c1c75cf055031b,0.03950926683397289
ck_59a561f3df01441a,0.027729741182864354
ck_04e40f556a5062ef,0.0006771158593000306
ck_8409716d174635b6,0.0025613282409285855
ck_3019afee83342701,0.016096274823808186
ck_b51a58e7f032c9a8,0.01454457162580106
ck_5043e474f848346d,0.029068674068835187
ck_4388abce33ecd01b,0.7652827071916981
ck_c93def7392f0aff5,0.08493963108889761
ck_72e7b1acc19df820,0.0052916094386006056
ck_f253130dc3ca5b3c,0.037965568903674606
ck_eb264d1b180d4b4c,0.04166128980753083
ck_c2504f5a113433ee,0.00029617859323803874
ck_c16ab1e4dafb4910,0.1384417103102841
ck_4bc42878fa180991,0.03495176891950794
ck_1c771a7c78f6622c,0.020875799861641148
ck_d523f0e50a2747ad,0.001742275957431021
ck_9060f4e7ab7a1b0c,0.007025426072449841
ck_6b55ec4e87a5e22c,0.10645391208618664
ck_55fc62a5f89a7251,0.00865477132034951
ck_bd2545c62f258231,0.04553174152134289
ck_1ccdc69d0bb712b4,0.03786463076055335
ck_710f867a3bd5898c,0.0009068457300872699
ck_f91d48c40337d375,0.0037918245184453444
ck_f76d929541ed41dd,0.062260693156118735
ck_e26a6659c237b650,0.0033279982972605907
ck_184983177b73dea5,0.009343331439388673
ck_6d0d081bfa8a0022,0.0261853646934588
ck_2f6e64f638da0f97,0.0012632057440666094
ck_15b93103ccd38609,0.002016813432522586
ck_094d10439b7b4eac,0.0020149146106833707
ck_d2ca47180a926ba2,0.006572564619478297
ck_a69ca7b9d70972bb,0.008312330353644754
ck_68914e67343a7d32,0.008643862693142657
ck_8176616132458c0f,0.002276508685794459
ck_eee99af3598311b8,0.030023104962462313
ck_94410eedfca91304,0.029753421708452032
ck_cfb11a0a2325bff5,0.002657593165656978
ck_75217ee144b715f8,0.019031165503406104
ck_d56fc799542299b8,0.0011984632347666886
ck_4c352dd3e7c81269,0.02547648203389327
ck_e23e50e02cb3904d,0.04238430969195256
ck_b921af37d500e139,0.01261431983484474
ck_82181b935360dcbc,0.9952258301564502
ck_22a7cf3b99c5e5fd,0.010806739755612088
ck_f67ee7910d532216,0.010595696890193391
ck_5f48762a14a0326f,0.0008386735301477517
ck_1757fcb0e6e3f88e,0.07472934858616463
ck_2c2f080ba185016e,0.028920300618205608
ck_4c25570eb72711b8,0.0010539747382169967
ck_a3be871ca22ac416,0.016960512089564457
ck_ab70961e7c6695b2,0.014659858903301798
ck_a1cdebfc42a52448,0.0016165965877127457
ck_f1b80b821a20186d,0.012895328772200633
ck_ae668e4564cd2aa1,0.0044519003135389795
ck_0e2bc3a5afa439d8,0.043689767017014665
ck_3dc378f37d0b74b8,0.026342929175936006
ck_9f9555197480d1cd,0.006183295301866904
ck_bf4e7d48770a4a8b,0.07657025086517726
ck_614ef655f0685060,0.009218077482196092
ck_04d2ea38ee27770f,0.0005327276888579484
ck_e03a9d8ac94161d5,0.0035203099803014382
ck_d4007b5b26d9d854,0.00045914830672900693
ck_2dd147ce6d61749f,0.0070847224793068085
ck_ff45764ea7d6619f,0.023134608742949352
ck_dbc487cb0a6c18da,0.9680777173555758
ck_791d5392bbd80447,0.0010991554996806659
ck_b4068439c413b150,0.006880932985365216
ck_85df7b7de9700aba,0.001487607110862286
ck_001e42551cd06e40,0.0037444021810942294
ck_a6c02ae50932cd9d,0.0053627519161613384
ck_9fd0be2c018ff5e4,0.005150388196338386
ck_32a495128395fde5,0.000622429785193738
ck_b6f2a2fd232c141b,0.017845679310546876
ck_28dde633692904b0,0.0985334616177613
ck_a1a93c5f375f6021,0.0011110841282588745
ck_e3982142336782df,0.021090835457375386
ck_a9812ff3c111ea94,0.02684450411148412
ck_f04062216f95fa00,0.025380155816880374
ck_7c560467daca735f,0.00019562787857402435
ck_76ee10d6e2dba70f,0.02805779850253504
ck_3521243bdac61178,0.0009546911320747156
ck_28588fb03b320520,0.009481527352519696
ck_580dcec33ec232b8,0.001597244817161372
ck_7109923fd7dab20a,0.006168836500286435
ck_7c872c99481c1e9e,0.02232910441076198
ck_46f4e1f5026f4d1b,0.00036791596395078694
ck_00d1ebc31ec4653c,0.0035680699443423874
ck_aac70764dde15168,0.033993259167480874
ck_648c03f9aa4e45f1,0.03159599399295173
ck_5478eb69ef912785,0.10738431699973028
ck_79b8523137bb2603,0.039593739626197645
ck_795c49f312640019,8.946958587474785e-05
ck_89184bf7b7fe41cd,0.2765784417597548
ck_97d4bd922996fa10,0.002788720041809423
ck_1cef30d08f3a598d,0.00331012685593973
ck_2f9fd36a4a40a6a8,0.000865444211885593
ck_40780fc0f8d6f309,0.024674355926319107
ck_9083ca9fec2a7f4c,0.0018572116148813207
ck_62081bc35aa59931,0.008324708257051333
ck_2e1b46c5fc56b863,0.20594718020342873
ck_3d139692c51b604a,0.1076756600030073
ck_b5e54e22e3d6960a,0.009328735487673375
ck_c0c4be3f44311b04,0.0025402273626604797
ck_82a8bdd2692c2a5e,8.949668075249821e-05
ck_bdd2da300b530c5a,0.0024648580327977145
ck_ee40498cd97183d3,0.006273476061866663
ck_70b9274473bd6dfe,0.0006837091816453804
ck_473d6314ea614b29,0.0027449312388820746
ck_7443d6dca8cd1352,0.007254594490844192
ck_3b49768b448b071e,0.00262699357319738
ck_b43f04431c267dea,0.0012194815242830687
ck_4424a5223ba2fe00,0.08723390670345157
ck_819bf3e8231f4081,0.0319647427466864
ck_91d417507a8c58cb,0.1215207067443812
ck_e88e86b19cada4aa,0.005328083770212785
ck_59684167f9c6bf4c,0.05602932812472524
ck_d5f5b0dc97b9dc27,0.009871196093751112
ck_13d1b192bbff8f32,0.02184591920841539
ck_b21d8630387cabce,0.027714812839862338
ck_e4ac22046699b99f,0.007083801130808727
ck_74b848064f2ff45d,0.003839941528251048
ck_166aa980cc87fa77,0.13580461712766717
ck_98e337806104dd88,0.0010662591041277196
ck_66eb09be007f0755,0.015485142205728806
ck_3ec9b9d8dd7be11c,0.009107911926169854
ck_8b8b9de339d75d0b,0.028255176991178965
ck_6715139e240007d9,0.0009366960214394739
ck_a0255ab46e122d2f,0.0013257362946368556
ck_66e81a4190c33510,0.0035020767153339277
ck_5d75ea4f5c9080bc,0.8635679067353068
ck_df69858b8a8b3165,0.004137493124463752
ck_e15252ebd7553422,0.0006449374165927475
ck_34d6d74bb3ed11e5,0.0020990064180975653
ck_c2608f78f6851d10,0.06026431156503762
ck_bb99071e8f58c8a4,0.9486567517145766
ck_06010f0df5b7cef8,0.01914654377941776
ck_8c582eb0f6c0148c,0.003572464503384212
ck_0034d010d28aea78,0.028258113957726354
ck_01c1f06692566ca1,0.008475242274042888
ck_4807726e797fb893,0.011755202071288436
ck_edc9668282e3c8cb,0.023436138427974994
ck_5486768475af7bb5,0.8288763692857847
ck_3fb9813849e51837,0.022510846246695918
ck_861af5a9a9a6d619,0.0030903564493402072
ck_da39653add0f1109,0.0013614806987917892
ck_74a4244eb1f162e4,0.0007459508886379582
ck_9a930faade55b8ea,0.0022232859378479
ck_fb6e06ca88519dcd,0.015696967528609038
ck_9776cd8263a9f415,0.002415567416464165
ck_b3dd1198ac5aea73,0.02785981899422218
ck_b6675a04df1a4276,0.001794928132145077
ck_5c7ad6e731b69333,0.16358027389221688
ck_28dc0fdbaec00580,0.029719829449155688
ck_8e7a32f7e3905f4e,0.03055264056221011
ck_8563fed6674afc77,0.008199113211309325
ck_9a2fcccb82da663e,0.005801214601959018
ck_6a519bdac0d94527,0.0004509712240608181
ck_a0dab7aa9c4a39a9,0.004579764625784425
ck_a3ce05e9e5e32142,0.019570556370757955
ck_7a7e40ee3f97c035,0.002855536741241403
ck_9e9a830785112a73,0.0038214978232216255
ck_ab1bb02f6b189304,0.09119779863209022
ck_7b8cb0f90fbdc8c6,0.005724511421809511
ck_b138fc249e659e60,0.010510173744490614
ck_e73caa3771ec5e0f,0.009383049767291362
ck_18a55b06ccccd88b,0.01251925276067495
ck_fdcb1d9265d8fec1,0.05773545874209061
ck_e21a900556b382ad,0.004233857157805402
ck_c6bf67470f526771,0.014376066629629591
ck_b568ba3837afb39a,0.0017370561463076423
ck_a2858979dd5645ef,0.001150414189659315
ck_1da9d40837ebaa57,0.015348310611837938
ck_9341c7959543c542,0.0021136634238577935
ck_c8ad86806b9a2369,0.09392657520347032
ck_5c85d93ecfed4b0e,0.002922265582522817
ck_f07b09879d697b82,0.0007843831625841613
ck_fe43da07608b1749,0.00454874873853773
ck_4bca22b5926b9c28,0.0012293944174143773
ck_aba573aa942b1d41,0.0004743023140719599
ck_57c14e32fa4683bf,0.002218451056126927
ck_891530b489ce402b,0.0017375172373501392
ck_5e74fdadb93ff293,0.03305125486805424
ck_14436a409ebcc90f,0.01132170038781523
ck_00013fdfa0bd37dd,0.0015531207632822923
ck_7dbe24ba01316775,0.016121331484319275
ck_0e3f80c1553c591b,0.003502981318849525
ck_3edc45db58760d76,0.002028526259791603
ck_29076a13f539187a,0.11267490243958232
ck_b1e81b58b9a545ce,0.02497763681717458
ck_3f8571d4f7420b2a,0.08290506299956239
ck_7dff6abe4bd644dd,0.38664797612812934
ck_2884bab237af16b7,0.0013601204685854788
ck_231e6dd1fe708000,0.0011648060147014196
ck_33ecaa7b892e73df,0.00822389647693704
ck_b109ec4c63503030,0.006313824701484206
ck_a7f522382509cef1,0.0016554620837229458
ck_748b3ea941d8b3b9,0.0019610933789546404
ck_29f3a1737a2d9634,0.007450915662023447
ck_cee8d42475a0f020,0.00030421459520963865
ck_c6b6ebe145a8ffab,0.0014516447433269822
ck_21c99e1d6b881894,0.0002475740075050949
ck_5ad798286384484e,0.019004414914710603
ck_b621b6ffcc7f4848,0.0005815244699802823
ck_ea819e337233475c,0.5332712400066094
ck_9e3896c2668ce06b,0.030329095974550496
ck_501dcf1ead036d2b,0.0043925096804154195
ck_8d5eda29a2cffa3c,0.0037611226116166714
ck_4d3aa36ff83f1132,0.31268930615916435
ck_8e9faf94e3e6c757,0.0006012505919954969
ck_ce0ec41f96951048,0.010540649130385023
ck_f09165d73ee903b1,0.014017162755315308
ck_a432b1bf1d3b3d5e,0.4399230130810934
ck_ea618f720ff0b4b0,0.002207192331118381
ck_7584e7bd755cb28a,0.0020363988825311662
ck_e14681aad43e1a72,0.004313904141414151
ck_5e18870d8e30e379,0.035087743062465114
ck_ff7c26a62bda8089,0.0020597356951058314
ck_cc5a35175d381d5a,0.0027295972350671093
ck_3c25029e40aa8a84,0.0014810092016340956
ck_771247b5bc16c12a,0.001603948023706351
ck_664b5e02759f985a,0.0010430885207515959
ck_692a9e8f504b9762,0.0001662783287919105
ck_df8ad2deb0a4ffed,0.009707305694228336
ck_eb48c0bcd12ea654,0.005314769184687214
ck_7c77e597c951cdad,0.0056466630308865595
ck_4f75144c6f3b13ad,0.0031972098314031307
ck_1bcff399166d7c43,0.003533884566710491
ck_975c2aa3d4a8c51a,0.007729809601855218
ck_bc6f07b06aaa4ce3,0.05083322665253505
ck_80b072b7f3c7e8e5,0.0027441770290448295
ck_471e4018a23b4e56,0.00022339243590868932
ck_53cddfba570b4a3b,0.014666906070555272
ck_630530e50764f229,0.008458995007513194
ck_dcef7887a4f1e435,0.01909959085365924
ck_2795921a055643f6,0.04293198798925202
ck_7456df89f3792235,0.003023378988553497
ck_5014a3b07e1f049f,0.19396210269368397
ck_d4ec44760cbe03f4,0.010340470148411057
ck_96810ad39d4cb7b0,0.01357792585120572
ck_3222ea25aa29bfa6,0.0004979612341491428
ck_f6c42001b84a10cb,0.29605886509748885
ck_5ac86682385c86b8,0.008143116801044096
ck_4280c33af57eb4f4,0.001138012882398619
ck_05f79ddd8eefaa56,0.011832450586144174
ck_3a57a13ce032a6fe,0.0030806855133175735
ck_a721f0d635fad68a,0.005872780742344775
ck_a3f821bdf408c326,0.0078252477230723
ck_0ada63008be5685a,0.027810615908119615
ck_8c949bdc6e8720fa,0.14647853007940947
ck_c0d2c56f9c722e99,0.9923284967511953
ck_5d2b9e6e087b8dfc,0.9989633878766696
ck_5217b55593a332ca,0.01384814718888054
ck_7a7bb9be5a7e48ad,0.004859784376159803
ck_24cd0d779e866287,0.003615424153565015
ck_7367917891a63771,0.022663646873151463
ck_4b31a8862a857e6e,0.9011829295245356
ck_81429c4910ca46cd,0.0072386403818104576
ck_b35d803568f82d9a,0.048934043694573104
ck_4b00e75c2d2d0522,0.0009309647064889183
ck_77fced07f6dff42b,0.01821106502062337
ck_3c9a06eb07c300e4,0.0008938121580580069
ck_b3867f7f494db64c,0.0029835911951536912
ck_0c45e54897ab34e2,0.056566047157444406
ck_507a6a580ab55c76,0.0037349831876243387
ck_291bffc7809f896a,0.000696552002833416
ck_3753cc5b9d02e2fd,0.0017503831589852263
ck_4f63d5245b3ac1dd,0.01592993603743892
ck_9dfb2ae78659240a,0.01699045519927181
ck_90f6f5ced708aa75,0.0005044315983751557
ck_8b5b5a6b5539e39b,0.8970858228281908
ck_4719112b55d20161,0.012002534018510452
ck_fec888a7108ca52d,0.9934012175311344
ck_4f5d022c99f118b7,0.017271657272447113
ck_e967ff05514b697b,0.041702064383803875
ck_839ce35819bfa4fc,0.0008381435396959758
ck_bdee1221b9addff8,0.0019471291148320904
ck_9cde4036d0914427,0.005237488897326788
ck_5ac959cbcc5e98f3,0.0006285390128628402
ck_619842688294dabc,0.008248705403781295
ck_7373d7b04c7799bd,0.01626027808409191
ck_c1dd3feb9a0b6471,0.008325288684283269
ck_0324a4812ec319c6,0.019000441942808265
ck_7f3685aa2933b251,0.02647518153106307
ck_06aee5a62a67a84c,0.029489018144697225
ck_3428910b44b9d08f,0.06252304754659305
ck_c3ba7534cefc1de8,0.011090415792404003
ck_1f1273a67cbad5e5,0.8772260033117681
ck_124565a11b2f8bb8,0.00282536274970621
ck_38e46bc861e0165b,0.0015926791926240834
ck_c8ad3f01319c065e,0.01357322469915287
ck_3f94a34f5038f7c1,0.40093668629253826
ck_cee56be5a502fbd1,0.11293295598620104
ck_2b90b76cf4d162f9,0.004661256121164228
ck_884b2e463ff1d54f,0.004709032414496435
ck_fab4f2f8531b4827,0.023781660909226725
ck_4fc6256e0e60a926,0.0024816160892374194
ck_0a2f8b2f8a5b6f02,0.007841177506318959
ck_9c0deab8a8367c5e,0.0003957368000839888
ck_d3a2a4c011fa2554,0.0015347932743649657
ck_4108b4038f762817,0.7489112663937667
ck_4df036e2aa7e1056,0.0017014726512737312
ck_ec094eb1cbb3efc5,0.0007742840187572367
ck_09f8f51bfd2492c6,0.0031071488005250058
ck_b60fb9a10d6f4489,0.06671296562722791
ck_3638bc3388dbc1bc,0.26577747523642276
ck_7a58e0cc9943c39a,0.00211122733794412
ck_37dab6a0a536ed49,0.04442718217529668
ck_adc576690df5b33b,0.006829314178693668
ck_1383b2b1875000f2,0.001844480309683912
ck_43c1248db37a2eb0,0.005398489110477004
ck_29c11bd68858e923,0.0011936372509392236
ck_9401f9e11f65337d,0.0028259235177307204
ck_ce5ed372b1a2ed6b,0.009299697995898023
ck_08b4619490e751a8,0.9932253313325294
ck_44b9125526acb05d,0.03817299199887288
ck_ef1a1de20d2124cb,0.027103806653645642
ck_e5e2624b7fc89774,0.018168142129979255
ck_f5100511609b92c0,0.0013872292976710983
ck_64f3bb17101b7c42,0.005496524165595805
ck_ea1e5b5128ecba2c,0.005659404129907725
ck_516163fcf04d5e77,0.00904676829755172
ck_7f9a748110d70005,0.008774350299823064
ck_d263b55f0a681cce,0.019436522060899707
ck_0e962eacf98a813e,0.0011730784442285694
ck_0406931800e0e2e6,0.0008685763209816255
ck_0e9b982afc88a3a9,0.9989374461693755
ck_8bbb625384edebd7,0.0008075659606566339
ck_5eaeb87bf6207406,0.9792722300923132
ck_cc3318839c4b0745,0.0009593921693636834
ck_08a0355d1f1890ef,0.008141430695753559
ck_af7ffd1a822460d3,0.4045482870197493
ck_2a09c7aa870edb6b,0.0012055721813824952
ck_bc04f51c23290bcc,0.030686095296033312
ck_d3a8333cb389f4c6,0.031740682016258306
ck_88e3dd3039508332,0.026324752357183852
ck_b8c7771de9b57705,0.0017597399391107015
ck_585ababa02383b50,0.004724972627642351
ck_e988c108754cee9c,0.0008130442264802193
ck_4a691892d9d6cf89,0.009819294037283714
ck_7cdce37d895eefb8,0.004488170605209223
ck_483fb981a1fb4317,0.0024285044891385462
ck_c1e5182bd99e0e35,0.09484478978697382
ck_9a1e3ec9a1839939,0.006787186428285383
ck_5c3f13de0dbd5086,0.014441093305353354
ck_f4f6f0caaab70040,0.003311811804141988
ck_791be3378dd7d64c,0.0018341300508230311
ck_956dd784525f5886,0.08487457577739174
ck_098167eaf124c279,0.0610831576463649
ck_33ecff7914349ebc,0.0384634780256198
ck_e05d44e46c7174e6,0.007176129889094147
ck_1b2ce474fa6582b4,0.00941689590213761
ck_ab581082e8f72e3d,0.0022592094006896367
ck_e63256667aa19070,0.0426700452120299
ck_f568772b6cb3febe,0.017418587449831862
ck_dd89a282375bbab6,0.06181773093540022
ck_a39d0bca345b492d,0.007637131254623606
ck_d12d2924d0f7a64a,0.0011205426115833332
ck_6a548da1728b5823,0.9713797410881849
ck_6d64193681d2a94f,0.026753450531083564
ck_ced6b6dcdc7c201a,0.004592876032730766
ck_d1b0699d26282871,0.0013802778870373388
ck_58f757e40a9b8877,0.012333072934139495
ck_3272c2c4a37d5220,0.2354392880191293
ck_d94dfde9e03c9d1a,0.01195342412355281
ck_08a6d4903a7fbaca,0.005272129861090551
ck_6c72a36b05fa0f4c,0.018165858567270064
ck_dbb4bd4eda97255d,0.005534789717268217
ck_94b59bbc824b307a,0.0008486795819642884
ck_0229a07185f15469,0.004472989428458595
ck_11bf1039f8b3025b,0.015645653677929368
ck_36789ca11459131e,0.05451682260064233
ck_8572c5f5c1447c62,0.02788268982993457
ck_9e75c6641939f4fc,0.017393291519744364
ck_b45e47c39d4dc7bf,0.0035482026860964907
ck_02903c48b6cfd65d,0.001209910455540087
ck_b153386f1729de81,0.012053005467698538
ck_36979996f33498f7,0.12123413747360032
ck_3c02d4dbbf6716b6,0.004873017818365711
ck_66c9a19963957531,0.04671553414003583
ck_bae8dae7cfd8baba,0.0004262884834655574
ck_bba0ccc6cd968680,0.009110346820095186
ck_3267fe3aac05c71e,0.003789951323576105
ck_40052cac10562cde,0.0108993254063189
ck_d973444855403e2a,0.005493326152395318
ck_012519bb095ad36b,0.9952022406192796
ck_ad7c256ea10c4a00,0.11932608647955667
ck_70a60e095e9b706f,0.0005059685633030974
ck_f2734417c0db4ee3,0.0012478992208622421
ck_9cb89cc3178e0172,0.005479758186066808
ck_779cc0f2de4d5488,0.22840559353271073
ck_35f8656bf93e3b3d,0.0053994490601989124
ck_bdd8eba728800e29,0.044715467200468755
ck_002cf760d173f0f8,0.03880357054989628
ck_b046067c6ca3831e,0.002362028359101191
ck_a4a42d4bff8af645,0.0034146816331607397
ck_bce253d2396681a1,0.027122663810467275
ck_00dafc060c8de32a,0.02955226445431159
ck_968a99e097ee78c9,0.04029085255882657
ck_66949171b387bb93,0.015326941979308962
ck_ad305286702b1958,0.001355894096515785
ck_4732da7e0d2dfc7c,0.0012162756158661052
ck_17a95bba77217d85,0.02079257445012361
ck_3e2516a3e35067e0,0.00826814916182931
ck_0b615ed566da1f58,0.014422001302814935
ck_d2b3ce1ebabe9f93,0.028276498243694038
ck_a892252e4e0c2828,0.0033717582876234007
ck_cf606fd6ebfdf9bc,0.00028731955589479885
ck_718865237134ebe8,0.013304762498324012
ck_878522cb775b904c,0.050956467088575944
ck_9ed53de6ef779ae0,0.0019154138966250092
ck_3f16e2cd7e6874cc,0.05400077407759714
ck_3c59df37895ead2d,0.010890006260425978
ck_6821459b626d492c,0.00020339571345799273
ck_11c7667920541587,0.0026819961285847187
ck_23a016cf6b98d89c,0.05417111599401034
ck_7137eeb394d200f1,0.12923776150769511
ck_9c4886c5c90ddbdc,0.009287363866888611
ck_1422a7bf7756294d,0.9898359734287758
ck_7ebc5fa7f0d3b8f2,0.00585459215781231
ck_fcc2059a8d5c41fa,0.10153627003853942
ck_00ff7389d6a83e29,0.09265110219603696
ck_03129b41457795d2,0.06336550777488581
ck_38ba64efa7c38250,0.004070846456821144
ck_57a6b56b09bff24e,0.0018038030076215515
ck_e3b3c5a80a567418,0.00271096416510451
ck_fc40a16adfced018,0.0017038829005863129
ck_9d4b5e6b43bad4d8,0.002033924660849631
ck_61129937ee466b49,0.0245020499586803
ck_74112e47b8629c2a,0.03678720614258007
ck_b4703ee97f94d7fb,0.000336483848771295
ck_e560f720a988d8a2,0.9763982322380874
ck_708fea345f68037e,0.005116191934172416
ck_25394c1b83e0b803,0.005774004540575271
ck_17ab24fe914ae44b,0.0026726553612603132
ck_16c501470d9bb006,0.004134878217444562
ck_628f449e248c19b7,0.009338315367909293
ck_6d64190623dea714,0.0031323443741874675
ck_504a45ee08db72b6,0.004341764066740459
ck_6cbb011e0c70bc7c,0.0015690745071738478
ck_b3225a98acd04f83,0.0027719513805615904
ck_aa37993f1c17cd1e,0.04531823182039149
ck_558cfe5f77a55a9d,0.008705701000210056
ck_0d0a1a021efea5b6,0.01494318238039612
ck_daf7aea023b7a8f6,0.028785078353141223
ck_d75f25184ece2b51,0.002529309963059753
ck_466d4b5366c50b98,0.0002378055518150013
ck_88f27ab479063852,0.018505028698817406
ck_66779098e78c1760,0.004314795320198781
ck_b150fe4efb449b05,0.0026992132855477437
ck_9c3aa9f23d01fa1c,0.007196607087745603
ck_6a01c375fc26705a,0.0004893015066528478
ck_002eb6552b504ea1,0.018567034501731767
ck_affa5aa0bff9bb0c,0.008239293059152785
ck_027614eeba8b1a4b,0.0022846471877007893
ck_67e075c982add719,0.002347453708528615
ck_399b0d510be98bd2,0.018013497350883822
ck_e9b0bca7368555ef,0.001671093605588771
ck_59c29d9c57b4f994,0.009295791676033779
ck_37176850ed68831e,0.0011044883371858977
ck_a0db4ccca08030c3,0.743318003200277
ck_aa188e5c25f7f42a,0.023794746780321625
ck_7de6997178207800,0.0009286456063358008
ck_c729d19053387be9,0.046728183762493755
ck_f2d3e3d90608596d,0.33526187524256496
ck_2db3fb565e0211ee,0.0027494331113167843
ck_bed8a480e27e911e,0.006518953971394542
ck_d7ad9921a4d25926,0.03203122816900177
ck_2a59f23fc5194699,0.2030144684016166
ck_63601a58a6120d8a,0.06469329501129197
ck_efd7b9e22c6317d6,0.009458626663374412
ck_9ab42875a0f95b43,0.02832729194582635
ck_85cb5033fca7c846,0.046624622188342395
ck_5249b223000915ec,0.020763643642749886
ck_3efb0e9bf25612c7,0.004725238633804273
ck_678e74532ac19700,0.03485256063490323
ck_a980b296c95153f9,0.013631827241390154
ck_01ac687ce0d696a7,0.011248459355725621
ck_52e1418cf1aa9871,0.011573292055284526
ck_7d28da4f1dab09ee,0.015624261593554149
ck_010d0c2e6c1657fd,0.026767535575974638
ck_b524f7a2e752b9d0,0.002680342687891964
ck_cc447fcc24a0772b,0.23480918753704802
ck_2cb3c99845e572da,0.0017330675480300174
ck_604c710141327a81,0.004624178248459495
ck_8d5fa65717d2e0c6,0.015613810894650738
ck_31199510b40602a1,0.010287117562447332
ck_49e253ea12f4e922,0.07071745782603658
ck_780738e0d71e7e43,0.0052757878271283325
ck_2cd21137a07fdd7d,0.0025372464161609984
ck_5e021f2a3b66e256,0.044913404166984965
ck_efbc79246e32c66a,0.005362409732980403
ck_9951bd806c13c7fd,0.005115383762904704
ck_7a52674e2806d8f5,0.011881941624561186
ck_1a319e509f1efa1a,0.0009152027852198951
ck_c920901b9a4ba993,0.8872172005515071
ck_b71279e807d0b3a7,0.006303467592311309
ck_47e1032f490bb018,0.017886139957700248
ck_192579ecdca7ff83,0.01459148431855408
ck_b1496c474c4a3239,0.0006276846274392729
ck_5e68ea2c5e893cf0,0.011129301723515818
ck_f2ecab85d4693b4e,0.05698135949731606
ck_89d7bfc81c3df597,0.007194543636752154
ck_7929284327667791,0.08013229910717412
ck_494ec63c5ce8e150,0.0023605149043912444
ck_319b059bb2145586,0.021809158927310904
ck_ccb3767c239018c1,0.0010705049400416035
ck_a1c7adfe26e09a8c,0.016214236418051493
ck_0e13c4f73818149b,0.03787022312284514
ck_c285a51ed6214f52,0.0024267698586319182
ck_916784595f028226,0.07991066927396079
ck_6cd8e0196365c474,0.0037631510197181526
ck_57b657aba4daffde,0.0032390771135791968
ck_562c76a3753fc7da,0.3069806696046496
ck_66cfc1ebc9a513c8,0.003305596300986681
ck_0f38d4aed68d7d24,0.021079247992225728
ck_d8ddf5e99f7859e4,0.014569755132177861
ck_41bc3efa0fca700e,0.007049525188127683
ck_40799e129fcf42c5,0.0327287764064048
ck_786f079389126e44,0.060485556341712855
ck_bb4c6b713eb0b978,0.02449752376382702
ck_4f01f7eac0efaba5,0.002568093035244527
ck_47d29c01b20cf69f,0.0019505386215197375
ck_bf15a1f8d67a30d3,0.014838636769765408
ck_bfecad7586f65e4d,0.04861672048013912
ck_fc9f16df35190eb4,0.15736634655549855
ck_c09c914e416edd08,0.024549038304521643
ck_c54c5d8e4433b0f2,0.0026018910500397517
ck_1694c28f44480e98,0.008165337928776804
ck_1dcaa3078dbb7571,0.0014185915685156559
ck_af559f990c640e41,0.012696295347698767
ck_9b436162039a77d0,0.08858806086595898
ck_79d62ef181bd0cd8,0.0016057376169364478
ck_23caafc2cd34242c,0.00371862628359471
ck_ffe2aa26f597e552,0.04824153253823695
ck_e6ffd0754ac08661,0.000406313479277582
ck_beaacb4a783db21f,0.0009636736917420634
ck_9863bff41d24ce9b,0.026126051945797864
ck_323b9cc5c49f8ea0,0.3544243203273872
ck_ab3de3d3e41c2082,0.004631473300350001
ck_35c93b2924900376,0.00512495719547448
ck_5a9d5f9901e37e31,0.033496959761515684
ck_782b0be796164335,0.003272499630150117
ck_11960b5f1c7a5e2c,0.00209032749893918
ck_9a66cb13a9884cc2,0.00335266928757003
ck_ba666a425930615a,0.0023646154341813693
ck_40140bef4db73741,0.0007179850626968194
ck_e05e91cc180063d4,0.02297323685489585
ck_c7f6f45710bc050f,0.013485900609484985
ck_055fb9f2e1c8c934,0.030087178589457246
ck_58bb02d98e2b9cd5,0.02593645409325068
ck_d9f8efa6a7800f76,0.007387413869540015
ck_69691226c68fd50b,0.15910944483827127
ck_6f2f0396e5b1c538,0.9760221068941322
ck_78bc3f1d0f35ea6c,0.006840906721364037
ck_2d5a6b6636a2596b,0.0008315115236436677
ck_7878545739af0a73,0.001540478665706754
ck_03c4fa4f3ed3512e,0.004310267032226762
ck_1a9e51d092d62c84,0.2379213684950661
ck_9f3861940d8d873c,0.046978767863738835
ck_4684fdd61c6a0fac,0.011714125448079345
ck_715966f86d5c913d,0.0010496146025273125
ck_77f293d44b4a3d2e,0.05431365716948242
ck_24dae044dc05f849,0.021310414303348697
ck_00b9818e2064405e,0.06983869924892856
ck_c1c2cb49c3c1b0f5,0.41896143117473245
ck_bed50fc64fbbf8ec,0.0073140396254452395
ck_4f6ed5ea5ab7c429,0.002209787209082049
ck_458531c22ec2f9b3,0.013462237013646001
ck_51c50c4c443df31a,0.7137477252375511
ck_732d45bd578dc39d,0.012737742449248489
ck_783fe5bc20cd02db,0.04308083131255641
ck_7f188aaa63d1d442,0.011384831329429213
ck_ef307a6aee38d1fe,0.708381769303966
ck_e37196b20968b73c,0.02478937402636576
ck_4ef9de711c3d93b1,0.004303271674278692
ck_17946516d5df71d7,0.005119319350828232
ck_3534be0f4efd313c,0.46364884955255437
ck_29fbabf855cabdff,0.0021849942725852543
ck_191673540d8486af,0.0309097397754081
ck_5f52728d777ff2c5,0.008183055169203892
ck_a045a19369016818,0.999297647879486
ck_4eadbe7298b15e96,0.018851123351588735
ck_a3a0bd59729fe619,0.006589421929297598
ck_a1e77090b1c6ccf4,0.004967540216457728
ck_69ab9d4784eb77bd,0.009444563288187427
ck_baa47383ffd50f04,0.0022432465483025648
ck_e35b2ed08b9e55a7,0.008353862371616744
ck_b6e3af0a5119d9a0,0.05995251242767104
ck_a7c1dabf3869772f,0.10857398116039053
ck_80b8fca67a14e0be,0.28054065223111563
ck_dd9c5f0c42878e67,0.002911178031123973
ck_41ef7967faf5ce82,0.00010900735243792068
ck_a93560aa348d6225,0.014720101983445102
ck_ffe91d6f0bd93fc6,0.07845263024138895
ck_fbf630c960194033,0.016576041595856586
ck_497ed60723283c0b,0.011058849295310045
ck_2a46b7ca55239413,0.0056590922075736615
ck_1a4e5ace078dd782,0.0214822919915429
ck_616cc31910f5de50,0.0008264510237387765
ck_0d65bc749eb42710,0.03526289497658143
ck_2408db62e4395ccd,0.010806184584719363
ck_5d7721930106dce8,0.014504344742056996
ck_e8a6acea22b20312,0.08315051804458065
ck_e2f792fae128b18e,0.2088231195729873
ck_e6d3ce445b86003f,0.0037221787144309224
ck_263334d722ecbc97,0.1738139969047454
ck_8c5b29f6666d4874,0.017959567165368274
ck_7ea0bf310fc20c7b,0.9824819370424521
ck_54d463f7fd89ec3d,0.09958098908064349
ck_79e45040dbdd6447,0.03748267075849094
ck_60b4d59953505682,0.2671053174434382
ck_fb00dd5021642507,0.010545618806408072
ck_f409ff994a210601,0.015265383100840049
ck_2ca0020038bfec58,0.23626339915417532
ck_adf84b9df54c3d80,0.012247627989924698
ck_942dbf632591b65d,0.016105321916780196
ck_454a7e4d859a3409,0.000867009017269226
ck_2139062d4569aa07,0.006394573947142646
ck_e949a0f4df0b3902,0.025109423476996996
ck_bb113e3e6716ed65,0.01089809588001079
ck_6a28ea6ce69cb869,0.10892815365234168
ck_7df9910af2bba21b,0.0010521576339777893
ck_78aa4b731cbfe251,0.005255796030870383
ck_5839f5cbd8165b1e,0.01736169516493512
ck_7158ad9e58769ffa,0.16087169492222192
ck_acee218cbe61df69,0.018731460034143894
ck_f8dc8473c2772729,0.011987050456913203
ck_f34c93a8173555b1,0.07195543633090618
ck_7cf301d075e4e709,0.002197180339783926
ck_b87e88ee5512ea17,0.001478404436535055
ck_bed0c020b10afa3b,0.00730051849425203
ck_ca10102961f99eb4,0.0014075254628321391
ck_393287947b5c8d79,0.014190492962626387
ck_2fe6cac002142f67,0.020111918723472105
ck_79c7f0d29b1db1cd,0.05728458825696381
ck_c735b643d3cbf67b,0.005329533401268225
ck_ea4332c8fe48e2a3,0.00629196083551758
ck_d39864119cdd460f,0.0028120932564142873
ck_3b963d6be2773861,0.003492186005176747
ck_df39e3b8a9fd0bfd,0.5297656681181853
ck_6236a461dc0d11a3,0.0009785777221701076
ck_475ebccca25e30d1,0.045444148044737155
ck_c10c8bcf5bcd516e,0.05730906534358507
ck_49ccc3716a564256,0.0015955025978700204
ck_4e4f99102f6938cf,0.010841965221904
ck_a97b481ade6f7972,0.008299666800108824
ck_3fa559c679751b3a,0.010967923320211077
ck_3eba1fd2c7acc4c0,0.1631910326126189
ck_18c179b4afc4fccc,0.02649129524466573
ck_cc1c0b93d05b7d20,0.24035617706899368
ck_742f7c28ddd019e8,0.06315835769494028
ck_04470bc93b8a0d71,0.001421109973535638
ck_6e8f8ef7a03cc6bf,0.0532212406550162
ck_eb1ddfc353b4da83,0.0019948605963109444
ck_98831b57c7ca2e4f,0.0006319857161733757
ck_a6c7b8d6e8596d4f,0.04922816219359352
ck_cd7d24e3b095e96e,0.11491138203129238
ck_3f5ae4673a9f858e,0.020039649290538742
ck_05f375fc8ae0afb0,0.0058801824228246055
ck_1fc98436281ee39e,0.002225456934794769
ck_6c48c58678f64bae,0.000750384478121174
ck_8c95aeec6a4c75b0,0.0015536049542889522
ck_364cde38958b7af3,0.10509466126434149
ck_85bf21aa1a00452f,0.0024589698268917596
ck_796d3eaabc667c23,0.9982553172593827
ck_ac449ee0c315edde,0.002201699155492297
ck_6f9fd15ac6b163de,0.0025683215867497743
ck_4087065be2a45ad7,0.10520738991950715
ck_ecf006bbc78ee3eb,0.043201759966607564
ck_8ca808cc5a49cb5c,0.0495880795584256
ck_94b90ab8b2dfb50f,0.004477944827435209
ck_59fd11b3232de9dc,0.8990062551474901
ck_67f3794d93e2dd67,0.05623132925322828
ck_b7f5acf5df1bb13e,0.004574338194451765
ck_fb04ecbaebb774bd,0.013103367118227774
ck_68ef3e7301c621b7,0.022511894181036118
ck_41406cfa209b6bda,0.00202332601573711
ck_b0f8f5408662337b,0.0001864458713645287
ck_0d2901bfe585c391,0.04210162394339628
ck_3398551e81dbf3db,0.02770818193829124
ck_61c3e3e277629646,0.027557755492966053
ck_2825e34dd3e7ea2a,0.005445702910436877
ck_20d7571ba830009d,0.00553737683979426
ck_c98b16f9a72a6568,0.0008682871645786925
ck_e7c8a9e4641eb9ed,0.0007649497588868773
ck_254a7c97c36dab8d,0.02453659392876078
ck_e98429675b46272b,0.00405639816678951
ck_c2fc0ac460786d02,0.02079054377933705
ck_fba15647b3a140d9,0.009489185283815536
ck_15ce50f2704227be,0.01564060060446996
ck_8c748aaa4a4554f9,0.009578018000386055
ck_e00e82a9419ff086,0.09095008057198009
ck_832341c98254bd84,0.019452645961667295
ck_27466468d06db4eb,0.006765463632558225
ck_9d7b9e3ff1f3e71e,0.0032761843979331887
ck_42c6973d3a6fe983,0.00048376721617832965
ck_877c85bad118bc62,0.04714265421065864
ck_75d2a2715259c4d7,0.014386793499808785
ck_37d3e5c681a2214d,0.659431505020859
ck_bf285dd49f372de4,0.009526147452265373
ck_a5bdd026fa9c50fd,0.003129764515977174
ck_88d9244a9cf7a77e,0.36282607307618564
ck_5881b174e49b04ee,0.005713882405978264
ck_5b16d67c5ea89930,0.016254332135455213
ck_b75b936aafac56b9,0.007954452609367935
ck_aed2681e1646a0df,0.024487346625362172
ck_f63cb5e8cc702bad,0.004816996937726877
ck_1805fcfc4a9e4ffa,0.832973919693254
ck_25c355da356c730d,0.005312148015901031
ck_70396398e4a96449,0.0013033336389674543
ck_0f743bd13373748e,0.01916998136316486
ck_4b387765f0e916cd,0.0007658667570848846
ck_e971faae8a10a260,0.0012262293089518946
ck_9eb08369e983abfa,0.0005592577536886393
ck_c30c5844512e429f,0.03616471419996781
ck_59e77e3a81f1fa0d,0.014405783708502404
ck_ca4465f2b5c1a52e,0.9541249000548917
ck_c89b9ca398402f1e,0.004924868296247096
ck_36e72ef9273e7a95,0.006907337930423039
ck_2bdd8616870e5e1c,0.0006743870519788903
ck_216e87a41de22b5d,0.08449301539114812
ck_60f4fb44f5efe3a0,0.002548070519557887
ck_05652e8ace6ce6cb,0.0006107738235993745
ck_8c136dc691e65695,0.0003691042029340844
ck_a08f8dfadbdca112,0.0009494252921771256
ck_bda4041a3e90d860,0.0028587688164287595
ck_15dd3ecaa8ce0245,0.42520397023653866
ck_3e3c64b3b7876ce6,0.029407496452315097
ck_46225858a38b2e57,0.0034742869028851027
ck_0cb9f54928f4feee,0.01063436503784181
ck_152671fbf8a9a78e,0.027129145353040195
ck_ee7a515e87d17d4e,0.008107996547618764
ck_f7276091bf513d22,0.0002982386844401253
ck_4f05daf1cf0d5755,0.0008116544148055871
ck_83a69c4a5d55ef19,0.015019959317409825
ck_c50fed2a7c9198c0,0.004983575709814604
ck_70d19d5650ddc8f5,0.018370398826927713
ck_4b4d99e443618904,0.01878017425414403
ck_dca0b6ca93311ca2,0.012877902118389984
ck_b7431d4706461ec6,0.011813056234652373
ck_7b59d22cadef3b05,0.14627900595985402
ck_53428573abcd606f,0.006954673943410298
ck_f538ab6aecf2adfd,0.0001662255643510491
ck_d321249fb065d2fa,0.025534001708473846
ck_72fdfc7e6d8e1436,0.0012294930043305202
ck_b52b99dad89ecdfb,0.012568365361831282
ck_d2d4282f9d256b3e,0.0033466805707928473
ck_c8f2a1dd8a6141a4,0.0017846123407040007
ck_8d38747058d0aeea,0.6370688692446639
ck_3ac528caac74f563,0.01602155394906413
ck_8dbaaa00ad829ca9,0.013705964042681169
ck_7c38ec898f0fc21d,0.00422131516272129
ck_8171ef803f5ff604,0.020626463215116575
ck_01a750db6fc1168a,0.03355546956336699
ck_ceb017baa26e98c8,0.024389321740184565
ck_e2c66c72cc0b0f78,0.026398396519489806
ck_8d9518f64b222416,0.0008000180659372101
ck_804c5a1fa5753617,0.005476007381572705
ck_fca7cc9c42695453,0.0024823079199157803
ck_3a632cdf2c19051b,0.002402591854528902
ck_b2b63ea65edf1dde,0.06070046031581109
ck_27b07021500ee841,0.009400815456540708
ck_9724718fe64c6557,0.9771719794426706
ck_2786cbc3e75ec034,0.4063389371913972
ck_d9c2622cb6df380b,0.0037494627038183446
ck_ae1da8ee98e402a4,0.034897352280071264
ck_62967b91504149f9,0.0059921915994279856
ck_6b255bf68709109a,0.004847312752184782
ck_c55afc68421d85e2,0.004435930075996062
ck_7c7266f6ef2a8466,0.016412118073920567
ck_885cf685a9541190,0.9468921730517593
ck_1a4bb7d3d2ee3227,0.0038115488888703203
ck_b4911c42f3bff740,0.0009393209961720537
ck_66f9f78d4c6a3edb,0.032665164159931696
ck_49bdba9ee1899dfe,0.017704701098686472
ck_79b235d51718435d,0.009687574201861412
ck_d840db8cfe2ef6f1,0.0018417964699565211
ck_610c7bcc1cd7ecb0,0.017430773550495472
ck_cf49b6544aff6c50,0.29463231675944146
ck_de05f97c3d40dd1b,0.0341194465924746
ck_0302f67d75973dce,0.01339181620831579
ck_54c2604c9ca6256b,0.009845118940082916
ck_a1c88c0568f142d0,0.018103585971007207
ck_5d72ff6cc2963d1a,0.0036514090694501826
ck_0446920a1004c596,0.0005263612065778828
ck_71044c29ef071570,0.003357735419894184
ck_2122e9bb1afffef7,0.001727922964370917
ck_d1e3de178601d3c2,0.012872967540509267
ck_bec8324a3587ef04,0.0031498537964920943
ck_b616b6f45225f319,0.05049037038953249
ck_ce1e695884511479,0.01346234142531922
ck_a662b4bf900781e4,0.0015724223942941995
ck_b5a84c5547378c10,0.00047708327512630596
ck_f80af368cfc6cb7e,0.0315306411559713
ck_da3526ab6c5c884a,0.0022472162127449057
ck_bd20be9a3392d79b,0.0009923462849904731
ck_b8266dcd90cbfa62,0.006626123189764102
ck_ac84b33304362c06,0.014759590190035431
ck_794d8935a895e33f,0.025948071032510674
ck_8fea7d915259f1be,0.0018129834551784633
ck_7a1519ad5ff45312,0.00015873496488370104
ck_9bf3ce30b65f75c7,0.018620517908004834
ck_5f864d72d1eead99,0.02615289616819294
ck_3c48e0cfc2a58041,0.3613456354761431
ck_d902183f80cc81fa,0.14092903760686942
ck_539cb0d117db8cd3,0.12517405937317086
ck_28f530aec8e77130,0.028970902919502446
ck_e7d903c50d353361,0.005008489535322176
ck_d288b77d1e227970,0.017491446667936335
ck_017208fcc01b5d40,0.006967271707751027
ck_7e3923d278a5106e,0.02043670548732845
ck_9700a00ff9e66216,0.02363079728331455
ck_5c36c78b7a4d138c,0.05256152738112023
ck_c457e9c9224b773d,0.007162833770834555
ck_1dfa91405d7e66bc,0.0016428862494409638
ck_f1d8a2695a575e56,0.004562729900976952
ck_3b92a46daf8d00d2,0.006972645738693933
ck_aab23b5470469649,0.012477037373458089
ck_ecdd01a391610d99,0.0031024833682743906
ck_abd3aa292f8edb4d,0.028691410911101056
ck_7fc9a0776e1339e3,0.0007384398720773334
ck_c0389ebeb0e65cb8,0.0007461180434950188
ck_48d0fc4f6a2109fa,0.9996387081118694
ck_571dee4f3336c7ce,0.028344131125265824
ck_4cedf26628c84f26,0.04811435254017151
ck_63356762d24aab81,0.009083897749714572
ck_2c5bc11bb7ae5d2c,0.9786005155345883
ck_6d26a152f900fee8,0.010838175978612674
ck_c972b0e781efed3b,0.0018668815490386441
ck_fa0ecbcf9a33d6ce,0.004262731162040075
ck_fa3a766e49dc77ae,0.005703434046222321
ck_7baf1e55db0dc558,0.020043587725485267
ck_e8bc49e6494c1f37,0.0007407598270393771
ck_8ef1d05cc1e53e7e,0.0380516740046301
ck_cef2a485a77e0723,0.002570551262537171
ck_228a583f23abff48,0.00804005179495398
ck_ac32c6e374782b27,0.020553389708637
ck_b9485218cef413f0,0.00556787772416091
ck_7f15503048915d6f,0.0015030737584017311
ck_b62f5144db15ad34,0.31868243169734006
ck_917d82c552f95a23,0.003717745929741606
ck_fb4797045077bc6d,0.000767750245882243
ck_2cf8a44e041217de,0.02061629143582695
ck_b7dd681eb3d2ee38,0.00027138425489070875
ck_e9e8cacd2fa35e79,0.008754332530329333
ck_342a79f91de5d1fa,0.017428021770178385
ck_2c91f62c05685ed7,0.0006044145485837287
ck_e30cb64302939f38,0.015197964347501655
ck_d0e95b90ba86da10,0.007496924564243791
ck_1774faf414a5d49d,0.6974756954664362
ck_2401e8ff89e574fd,0.8419170508701217
ck_0cd8802264e0a1ef,0.0017757692759392046
ck_da84a0dfe947fd3c,0.005968402392274691
ck_c8affb27ba7fb5db,0.10988932055052553
ck_bc7ece8787ca7200,0.0010076936169662203
ck_469a0578d05990c2,0.0017731141492280022
ck_eef67f8dea702338,0.026103954073206908
ck_4f490e379e9ded9a,0.0031865808811565354
ck_354379de065a8ff8,0.000603592391338196
ck_5db1cb368bc41ac3,0.008662853938475944
ck_9b1c3742dd6fcb8b,0.008872720513563793
ck_63ce4f44c92d7143,0.011184478800322565
ck_e15e3390f5ed45f3,0.008982678330364669
ck_da645ea91d66aa6f,0.43848259055965355
ck_834ca727df855f07,0.03661222807131707
ck_e1d5ad20c737c745,0.019136219885279568
ck_ff8059ae5fa5f1ee,0.00026730081618439545
ck_8bb9e75393954a1f,0.0016317878780603822
ck_4e1757d1347ab387,0.996272283144643
ck_af3f74b1d75a5d95,0.01071708589361446
ck_6b1ab0742ff04c3e,0.030262503463108166
ck_f56073911c9f1ab7,0.0014156841791430025
ck_51bd5f69b4fe0b92,0.6435534995329126
ck_fc3d95030b81f416,0.00040860448732167067
ck_cf78169633a1600f,0.0009045510900518713
ck_ad7269eaa65c67f9,0.003549827100222773
ck_cc6d33890d47a6cf,0.019931790221806474
ck_bc8f31f4a2ffa1ae,0.0005600798132099175
ck_720776a46e56dfa8,0.01773302677820333
ck_e2d1f212f259539b,0.0028752594095028993
ck_eaf6f7082c3db2bf,0.04232150421308813
ck_773efe58c6278c3c,0.01247195807373199
ck_c4a72c09f2fdacc4,0.0018045410390418737
ck_8982888dd6611143,0.0018640711406442178
ck_9d5049e195eda029,0.020478800938124424
ck_de58ef6f9fe2b546,0.010353886638435145
ck_c0b50c11e4f5adf7,0.01627475865610058
ck_ddaf228487858bb8,0.01781003855501432
ck_eb2323215ff70362,0.05742088438702422
ck_168c96a1a636ea15,0.010038060308340962
ck_9c46711b14d9eebc,0.007059134693563648
ck_de8af660806b97b5,0.0008862286641270761
ck_6ab83f45bf16eaa6,0.0007447786262209763
ck_bf2228a052815840,0.0026735251196001613
ck_3f943f20a9da9bff,0.0032980202409864053
ck_3baae40454c00938,0.0194817437416842
ck_bc2e771a1d8d2dee,0.019390658725397303
ck_e55f5ca37f30ce8c,0.0059824077629839646
ck_4ad5937bef176d89,0.0007950946445334591
ck_126531a9126c17c4,0.0007716281377087685
ck_7ec423cb56257516,0.0045412120051785635
ck_54748ae0f2daaf10,0.009143095213751843
ck_ff24776280ceeeed,0.012440602963772614
ck_3c3a1a1365741bba,0.0010708434786563035
ck_615277c8a4e2b18b,0.009450638692531115
ck_a96aaef34173aee6,0.14598569855128649
ck_bea56db7f3e930e8,0.0012061713358649604
ck_ca491debd3b32a59,0.013584673646120012
ck_d9ea77f4114a389c,0.001899355475185027
ck_322ffda3332d08a2,0.04943879251125621
ck_c40ffefe4e30b001,0.010147044492130709
ck_3b1d7648d4580bef,0.005732223783148377
ck_23981a3261674131,0.0036012273037627253
ck_11667f5b9fac7bc7,0.0006659162077477191
ck_646bb3c7be5f0817,0.003325880185428528
ck_ebd0a45712dcf07a,0.007716144286830541
ck_baf43bf1bd963f9f,0.011071889230201633
ck_e0ca2c819658f6b6,0.994164032353834
ck_f0d6633d0834fff5,0.019270077579307685
ck_91081be0254878a5,0.016554261711248488
ck_1325000bc7f35b5e,0.0021286689361863123
ck_c624b9063400fa3a,0.03380611135061988
ck_0ad6fa0e23c3bd0a,0.24751298832341043
ck_6ddb55b1f23c6cb1,0.010752217367366984
ck_dce1fb3acd65562f,0.009146318788125458
ck_a9aa389688ee5aea,0.0073760776637471276
ck_5c5284c45d9ad8bf,0.0607552885284074
ck_9ce743dd3e92549c,0.01526572720730258
ck_8342e08cc2f9bcb7,0.0017591390511419998
ck_25e551a0a8d2fcc2,0.01864893033091499
ck_d4fd0e438c97e0c7,0.010087727384593069
ck_ac7fe1c344190c50,0.013124832261048991
ck_ddd65711b5651f89,0.0005804412797525222
ck_ec7406cb5cbc8f10,0.003475128495039278
ck_1c65e8d5be3b9c60,0.4164103195606551
ck_38ee42f15a573e81,0.017940531088091016
ck_0e5385c70c6de025,0.0009055205357123868
ck_d3137f0f7629040b,0.0023798473156718927
ck_9129c92c12e0c8b4,0.0037152980204961912
ck_c86520a00e50a926,0.03974381954967522
ck_87f82b2b5fee757a,0.06058692539589881
ck_643abfbd7548d0c9,0.06845285297705556
ck_be51f4e5e6b85768,0.07869637202697878
ck_132c16312f37810f,0.002445723578648168
ck_c78c096ca8cb33ac,0.0024713506092918966
ck_2ce5afbc014763b8,0.01821581011454371
ck_50ed8f4e7ae6710f,0.013556992253108526
ck_5a4eb535c9a11993,0.014766085335193227
ck_9b665ef46d785324,0.007749672280502023
ck_e066f71f8b296b7a,0.0013121519605493316
ck_560bc6017870ab06,0.0015225587706961662
ck_fd78f8a8663646d7,0.004606310357464514
ck_4af5ec61ddbde1a4,0.007667638637393151
ck_c2ed04a9d218410b,0.007055114411827853
ck_2455d43bbdd2bb69,0.005187229507387737
ck_56eed7041add49a1,0.19288508715595684
ck_5f0be7b468a72333,0.02108313355668253
ck_19660cec756632ca,0.010268681661069718
ck_fb90408f4892a21f,0.017141089617789512
ck_833a65b86a5d9bda,0.0002664338968340352
ck_2ac36e1dff211d38,0.022415442209696986
ck_c00e70606904539a,0.004267821514324231
ck_ba8affe4b9505a95,0.4087337770909816
ck_0c3dd22587b08018,0.016150191244313206
ck_618c4e5cfae99dcd,0.05039571896822748
ck_c9690baddfc4177e,0.0012289996278925912
ck_59fae092fb0c4aa3,0.016846841680446232
ck_e03b7d0fa0b28f4b,0.00805930498683884
ck_d451d24c780b5884,0.0032146826496925606
ck_e980d325b8dbb8dd,0.0010446765047975421
ck_cff18e2d8c520272,0.0016333994021258203
ck_a0e46b67e986ab56,0.01640918820077058
ck_3a469039a5b9d963,0.005070804016776303
ck_12cbb211ebd2b437,0.02127775081887412
ck_b8cdd6d6dccc4554,0.001967813877096667
ck_794ba5921cef50c9,0.02391668474336064
ck_2c7667f64edec2b5,0.0235711652621313
ck_7262b4e0c29c942d,0.007653481362564781
ck_5d818522cbfe2a54,0.04619022177546287
ck_de39c1947fb675ee,0.028002442936794245
ck_c021495606b4735e,0.006071424874716809
ck_1fc03ba33edd9e67,0.02178913600839094
ck_a6fe344bbf67f14b,0.011615983930292402
ck_963762210edc5694,0.005642647597420481
ck_d064428b7e7dc409,0.004908887901906115
ck_59be61b53d971611,0.011292182139157787
ck_ec8738ec663cd2eb,0.00830893051233759
ck_59d086fab5998646,0.009369044860328316
ck_bd32dd3b2cbb7888,0.9945404637391855
ck_ce0166addb93bbad,0.0005390611739999978
ck_7c0fdfbb447cdc04,0.006829985315439832
ck_cb1bd7635968ed8c,0.13201079216383615
ck_66f94903177f20eb,0.006484776427212018
ck_1d7cd5dcbcdafd7b,0.4114679872872045
ck_5e418a7c04437b4a,0.0058847595106403475
ck_631ea1ae91ab333e,0.04132516990373001
ck_0a8029e79a5ae7ce,0.005580638793107262
ck_c4cca8278bdad9b9,0.00024087477239988534
ck_4dec3df58077a257,0.16780305390942613
ck_609c249edd88c565,0.0035538146129728775
ck_02e5f9cbbbf2f078,0.005226324530182459
ck_32e486859130458f,0.701878163727212
ck_21ed2ea6386c5a07,0.001925339363050592
ck_1242aa4496576a99,0.002042133273793001
ck_475ea9aa6d3898b7,0.022340419284560407
ck_fe1b1adae3be70a6,0.65977619022873
ck_c5414d7a8031d4f5,0.0019168606198263112
ck_ca1f6f01868e978f,0.007510867520319976
ck_5eff0208c74ec714,0.003384583627546713
ck_a315c9619a317609,0.006493996233148794
ck_2b87683c90acb852,0.021009802355003493
ck_7cd9f39c50748ed0,0.0017590265364917645
ck_16a06d58d71935bc,0.04778104048585897
ck_d116e0e7c19b878e,0.8543895228635736
ck_931510e384b1d0cb,0.004533247940850608
ck_e7651fb87bb24132,0.0011562978960361796
ck_88ef9f85948e1a01,0.0003983281499936315
ck_17bf38d51115a8f3,0.008708701509748505
ck_2659d1d3762a2825,0.05106766739821743
ck_a7285955e2852686,0.013713889989903543
ck_f2c33d5b65b321db,0.011451979181742173
ck_83e5979334345622,0.014309553096819937
ck_629537d8b4d0f395,0.007681964981735345
ck_72022008a92c9386,0.06843763575675214
ck_2973b8274f0bf69b,0.023579120503497947
ck_565e3418d2f4061c,0.008845877857586917
ck_54bb53b8f8ea32ae,0.994697940680448
ck_af0a6540ea7a36b2,0.0042819649539275716
ck_888651bfc2c8cf70,0.005054286508466019
ck_1dedcb48ac381a1c,0.13100665414989598
ck_f73273e220296be8,0.004743579805080976
ck_8424bf65223a5a9e,0.0050082750859133515
ck_337b930fd149a696,0.021027360418453538
ck_8a4952de8a123ef8,0.002174214754082702
ck_884168153c9c0c81,0.00039052258684414264
ck_fdda581aec411010,0.00016863029950747502
ck_2b7cadbc8b180d32,0.9820681127057755
ck_8aa8b9968233a1ab,0.0009605560062723297
ck_0af18b3ce015d294,0.002897859749958404
ck_8dde670a735d1e90,0.09951301093857004
ck_62f46226f244139f,0.029229065835935472
ck_f948e8a8fdd79b4e,0.013559184548700224
ck_fa00aa0f3e859904,0.01405523217872974
ck_fc7935f784a4f249,0.003793318536480452
ck_e7501307c0698e5b,0.006415329971509042
ck_549ed417f2834cee,0.034351185147491525
ck_fb2a35571ec719d4,0.05621965513391941
ck_25822068c86c856f,0.00045377817077913904
ck_8f35d229b62c8f23,0.00926203596384617
ck_bdcf049c1e7d0c95,0.0026616379019499046
ck_0aa9db36eb16422a,0.0006848297252198715
ck_42dcf92e9e016922,0.03467134319328515
ck_42341cf31c08c981,0.01009857122179163
ck_0b20bfc515ba42a2,0.018232179882628693
ck_0ec820b670d48098,0.0006130324526972558
ck_1f0bafec397da8e4,0.035860370487443415
ck_82f07504ab59ed33,0.02137525573095159
ck_337b24a474010abb,0.9962048478871633
ck_703703bda38fdcf8,0.012677446881367968
ck_01e7960c63dca3a4,0.8505526921177042
ck_be5bd81e3715cb8f,0.8171956991084122
ck_197f8058cea1fbea,0.0004839377190451065
ck_eb3fb1106f2f1b21,0.04315287937344438
ck_658b4b54be09a4bc,0.9809671052082065
ck_266ce7ccf41ccc50,0.005383999455279359
ck_110608c3b03d4038,0.23257890053712818
ck_1be8cb95d6d9bbf8,0.0023951307667474555
ck_8e16a64a776afa82,0.46786496745003975
ck_34bd190d37eda534,0.0464739166841172
ck_4f521611ae14ae66,0.0016766288020210794
ck_d839798f9520363e,0.09762519211178819
ck_d1bbfd246c0ac9d5,0.018453523612739914
ck_f19030e6e85a6776,0.14593212450799212
ck_cdabe60ab59f9d5a,0.0014963245548767783
ck_bb84b2b30293f566,0.6204982926580935
ck_427b91925952cb40,0.032372337650837905
ck_1078b1e155b5b640,0.004528647357732068
ck_95fdc264eac72fa0,0.002169527341289813
ck_e35eb857c61548b2,0.7477811802253526
ck_69bd0b1abea7e1f0,0.033381800136089386
ck_59de511b20c842ba,0.030223651995609252
ck_168e7ea341a36b80,0.0018789814726054817
ck_4937cfa6526ea138,0.4584438596233712
ck_bb1a981306b750ac,0.07541218971595166
ck_f42a43e4c3f34ccd,0.0025219846442178988
ck_c7ae1d4b3ab38185,0.002478972259585893
ck_bd23cf9bba1dd33f,0.030355136645966403
ck_0fd826fad7ec7cd6,0.024837395013792406
ck_f143641bf3dd0414,0.01851745409691899
ck_ad6d48c20a3688a7,0.0006030244754945814
ck_7bda5b5b927b2905,0.030545651714056942
ck_a337eb38eefdcc88,0.04059709941224527
ck_403da2a2d800df9f,0.17667219250517932
ck_aa01d5aafde73d0a,0.0035101074887241516
ck_494954023f0eb309,0.0349065090791355
ck_1c6820fc38135ad9,0.0040452761126867015
ck_0e0bab173622db9b,0.026777290319846755
ck_547090bf35a3b243,0.007315831821954231
ck_d69455220b21dc9b,0.001351498165751417
ck_90b4ac695b9c6bf7,0.002941021223047391
ck_8d2afe17c0082e6a,0.007455568515538494
ck_926b81c0ba528eee,0.003936492581752695
ck_ce36b0c287bd198e,0.027459001186315342
ck_8026e017909aaa6c,0.010435633308377747
ck_dfba788f35d4c372,0.0009809401674911033
ck_f09f9d0e0886e0c6,0.005495072232088159
ck_4ffe0366df388604,0.002352980028222667
ck_75bb521de55644c7,0.009359679764539441
ck_81a960fddf79ecf1,0.9613426019507346
ck_8f43459991ea511f,0.0010444270676377226
ck_f878b68d66fbfd4b,0.007214975182861383
ck_e84abfc0c747c9dd,0.8877158390114929
ck_3ad3fd3cceb56b66,0.8652976962086436
ck_7cf562578c7f158a,0.0025065410751089613
ck_f81a97d350397306,0.006917533930356867
ck_255d87b7fb40caa5,0.017950981984320234
ck_b3905153b9eee924,0.0015524509914927526
ck_2c80a592fb4cd6a3,0.0012587934360363362
ck_57deb202d4188a29,0.00028037395953901394
ck_e3cb5f31d8e94448,0.8540387242683604
ck_0db62d5f7f75f80f,0.017524309024246718
ck_ced9163ea85589ea,0.09417352719004729
ck_e16528edc694fb33,0.9925765455426817
ck_78cc5ec4940fec3b,0.014451802729646612
ck_31742076e9a998f8,0.024392061186620777
ck_5ac335f02280271e,0.010558531263491043
ck_7cc2e091806cfa5b,0.026179255359298183
ck_3152c7115257f084,0.005247203202940368
ck_ab1b9d019921bca7,0.012089437270973913
ck_c33a762d98f9b290,0.0009031257316083184
ck_b16a7c51b6f7a6b1,0.07991280647635501
ck_97402a153348e68f,0.0017696987307180437
ck_95391029a21caa24,0.06905352969643813
ck_c2015a1200971fe9,0.04705033474496277
ck_ed4427962c68918c,0.9512767878119168
ck_c5e4a17d3efb19a4,0.5838887312631048
ck_8aec3d3dd51517c2,0.0005666711214763347
ck_f5178a658225d8e4,0.0007383107860992198
ck_8594f165e95316d2,0.0013675373450050923
ck_f0c4aac04076a6dc,0.0052601335735611284
ck_ac2f7397801036ef,0.044893009731537134
ck_d1ea4bcc407c7d5e,0.005291617541951522
ck_cce8b6657a538fe0,0.006118471373971565
ck_66d0c6d6b67a8d58,0.0010185671616368696
ck_1a6b30320835e57e,0.011177112836047748
ck_8cd274cc85aa35d1,0.009621565225584307
ck_ada46085a78280e4,0.02116548574925934
ck_ce1b06623e4a815e,0.0004952850985479548
ck_45e70c8a9686580c,0.47469581117820986
ck_0084d8ab6b1044f3,0.009257587193209005
ck_a5f7b6fed6df2aba,0.08043190440812481
ck_94940d783e7988e6,0.012689322697244959
ck_00f9ca84d1d8ae7a,0.0013060495986738747
ck_0deb56f3f6452818,0.001563273443601009
ck_a58e900469dfc3f0,0.02033389432408074
ck_028c41b195280980,0.009064930737092247
ck_7661d7ceaeb19f97,0.010791744547393605
ck_6957905a65c47879,0.02017860492993272
ck_f7c6c26ef3c4ae06,0.01197450790502663
ck_8777beb11aabd66d,0.013085878926112592
ck_7db098a17374bbf8,0.9758500951706096
ck_66aeb00e44486cda,0.06160033406227619
ck_838c52cc1d315ec3,0.030905810068663653
ck_1745847cd4e5dc83,0.009377157933110898
ck_201687857ec8b3cc,0.018308959070762496
ck_81818169208a8cda,0.010714206717950755
ck_3303fd3f64632c7c,0.19395450966754382
ck_edf1096809e83ef8,0.0008099108475313966
ck_235ce9603c7dccbf,0.118920026173528
ck_9df7e153868bca13,0.00506006446947978
ck_3cfeade2cf270fee,0.0030574973939945962
ck_982b0bf2e2b6c4f7,0.0027229946569576947
ck_faeb0da678bb86c0,0.002636151942474085
ck_e86ad2fe815b6ed9,0.005127304793469035
ck_70d69e5d1bb99e85,0.014336036794259597
ck_7e9a8924eab779e6,0.8969400630231485
ck_019d5891103e7da3,0.00645628819517333
ck_14f0484b3817eda5,0.0011509162793113153
ck_85de63d278f0fbae,0.0005218604982549394
ck_ae91b4cff57fb3bf,0.004093170845680794
ck_2a6d43b9f883b78e,0.3953390300577577
ck_7a4e3d553e8ab5b7,0.10676470518735984
ck_fdf89dc69f700f84,0.0977219729836252
ck_f92e04024bf13558,0.0006883383522864918
ck_4a522ca2dc4831a0,0.0003195545762235329
ck_68ba25dc3385fea1,0.038067668794364934
ck_22128a4f0d033422,0.02728791119730036
ck_5b52ee0a13c71590,0.004577842076218796
ck_59472d17debedafc,0.001052202197062036
ck_9dde2c63acda3ba3,0.001561515107852767
ck_7510b1023cd08531,0.0027364928965403737
ck_071ddaaf2e4e3671,0.006730167889217038
ck_1355db6f4010232a,0.005841783351273945
ck_0a7adc2f27f98510,0.10709135648465462
ck_68250033717cd59e,0.0012671170242298333
ck_7c12de74de30b788,0.8453670931152363
ck_65491367584c730c,0.0367523540491119
ck_e9047964952bee70,0.008819612655776351
ck_5567779d6ba184eb,0.006166052360700023
ck_d6ea026357ec6477,0.003989754147584476
ck_cd7dcc884e283746,0.018117767665467802
ck_0bd77fea8ed75a15,0.007880918013901407
ck_e80883208e8d0453,0.008467923928543739
ck_2ad0ecbacd5acf8e,0.9783487407368096
ck_6c1dbee7e8fdd5c8,0.01705669690397541
ck_ee4d9a7449515908,0.001177293975662718
ck_636111f7f030496c,0.0036510690653416508
ck_2c629c657f73941f,0.010910311206305773
ck_c1c9d3842d758420,0.06452658849481233
ck_e4df7faacdfe8c40,0.04667683860875451
ck_94e8142728e44380,0.03240526669144668
ck_765aaf42c5088545,0.0091079638419316
ck_e0f845159b6e6a4a,0.02490428352139085
ck_5bc07deb82edbad7,0.0009260684724608567
ck_713159c5c6a7a4d0,0.9975482930635107
ck_b08afc91d9ca55db,0.021537863566874805
ck_a7bc323ffed2ea97,0.23548420049231847
ck_85ca825f905a34a1,0.012567086382125565
ck_33160c443d4b3f19,0.0042829995632157275
ck_832d39c590a3ca75,0.7775176407451194
ck_7d1661a34164406e,0.9873354819246334
ck_c2466fc40fc9d5ed,0.9971939565864635
ck_ed0e776c0926ce67,0.13854841076166563
ck_cdd2ebeec75bfa69,0.10889170758582739
ck_d7877684c7923ec3,0.003141848550698246
ck_7384d4d2406aabf4,0.005943290091990243
ck_b8e5244e650aa81b,0.019262719665345002
ck_25a1ea40b2d59254,0.00048700942222172904
ck_b9e5b318ee4de68d,0.004862964046724474
ck_620d7ae27af83cea,0.007353597664109367
ck_40b4e264d1a12b83,0.9793388114994256
ck_b694c803b62862b3,0.0019083055410457853
ck_cbeca201dbade3e5,0.028217478343648406
ck_f9b439c9161c3e52,0.0010699822230038477
ck_9880410fcd10a28e,0.0013062805165445436
ck_74928f5f91aa12b2,0.03411796049320912
ck_b6673bbe61d2680d,0.026547930871891934
ck_53c8315b5c30acb4,0.004108435376519857
ck_78f01d78ea79642f,0.010397827036625527
ck_8582490d6e365a63,0.010355032388057869
ck_af25c72d16299258,0.0013140505568162647
ck_7905fe8e257b0449,0.12371225108728204
ck_0d16d9349e4a9e08,0.027494715503242402
ck_31b16b8848584e98,0.05203183691352274
ck_67207e3eecc02d76,0.007217840098802662
ck_e6b95ff91116a592,0.004475515211028951
ck_c08f622bcd6de6e7,0.016825951789170762
ck_f9a68da9e0f0bc85,0.0029774927425215117
ck_4072b59388976896,0.0010150287352576467
ck_8ec86e853ad52828,0.04115389299944689
ck_4fecb87eaffd5cb5,0.002185735043538791
ck_d6880578428b965e,0.21642091952838097
ck_bfc82b3c1c9f2897,0.7784673208881356
ck_c340644176ca03e7,0.0064282822030029725
ck_321e740066fb05c3,0.3126573657607784
ck_8929d2eb09872052,0.05317600319538347
ck_205c107cec528414,0.7626355377795936
ck_e76db7d2562f9836,0.022505892721181784
ck_9ede51c8434cff6e,0.04899055603606026
ck_492e4b89c61b7b6c,0.00792241813266074
ck_9385f5a1eeebefcd,0.019366762317019053
ck_ee52c7bf88f952ab,0.0042726778676404715
ck_d8116c34302021d7,0.0010446254628212607
ck_01645ea51972e99a,0.019905860784683618
ck_7b45ed23304a854b,0.006170559918439233
ck_2096d32f3d497ea1,0.13355024954002484
ck_dfbb2056f1ef7d3b,0.01061986582495442
ck_938ce30c864bc7df,0.0007521088059123478
ck_ff30dda2c881a4bd,0.542165763001561
ck_f88c79186a082beb,0.010059765173375375
ck_08c7bb0f9851cb76,0.009987876900768734
ck_2675e7a008e584a7,0.005441264167063029
ck_cbaf8a954281d4e3,0.9510809712236132
ck_8b24eadf6c72b30c,0.5182583568150453
ck_ffc8e3c1377d0706,0.006331980684567027
ck_5b59e859bed5b40e,0.0048897459570260635
ck_7b61717f172f9317,0.9659891710018508
ck_e5c30947b732f661,0.079020376580983
ck_bc273f3ce79f7e1a,0.002057183019931896
ck_f69e93388b3028cb,0.09297321055524493
ck_3837ad850996ba60,0.017291526575948755
ck_36d78ff3bc033ee5,0.006751780983537911
ck_5e20953547ba4135,0.07768253923905087
ck_258d661e450ac870,0.0029241862222063
ck_1df66f537496ca59,0.006909893085555446
ck_361f535599110201,0.013110178542398857
ck_337e98c69f6e7886,0.005872315060516895
ck_d3d5b2717cfc3913,0.02252097213233902
ck_b1dba768dbe7affe,0.10854595662927342
ck_92d782bd9ce0d1e3,0.0032928681447105903
ck_26bd0f8898afc8ba,0.000726143850940155
ck_7916e53daab36745,0.020605606831774856
ck_2caf553b31831a50,0.002428584972302009
ck_c6200734c7f9b2f9,0.9859815970153154
ck_cdc55623cb16e6a9,0.009033715880559977
ck_57849e15b61c43b4,0.000880353641514556
ck_b7af9b2ee0eebbc6,0.016250585265467198
ck_00aa5fc3b3bc66aa,0.13445314846651993
ck_9929723f65636c7f,0.9985657850722608
ck_8f6cce9f69912983,0.00266674889625194
ck_c422ba389ff00781,0.0010768524951761985
ck_9ec7f334604a228f,0.015404386490473668
ck_5d01200ba3341462,0.005847319981962749
ck_2bf10be403849c9a,0.002485888918844486
ck_6ca018259f70858f,0.0005711989735514288
ck_a54dc042ebb7c766,0.6113812779670926
ck_79da63fc100830b5,0.008908639158446663
ck_67ab6f9e05c85085,0.0032056031774629007
ck_fa80da579ea9afc0,0.01933304029276875
ck_4339f86c87289222,0.645828589831155
ck_a2299b4f530be0d6,0.6612947512020532
ck_19db0bf788697c2b,0.0037517859272308044
ck_fa4211c4d826d830,0.0001980685366647283
ck_96100d5e8e051e91,0.003120601969815131
ck_5c3a671883d58b3f,0.00016390401144972944
ck_2d9524787cfe1ab3,0.18675924361079013
ck_47ab8e51e5b3a2d8,0.0023558584075290294
ck_c924f36bc1bbbaa3,0.005036955042590032
ck_5c58e7f8fd55e26c,0.006587838741809993
ck_a07e7409d6d5aa06,0.007777345090262274
ck_c8413898f5f7cb7d,0.03243642539575314
ck_577c816b41cab002,0.9015511160832433
ck_9f7807ed64cdb728,0.07650104255842761
ck_495d814d6d6d521e,0.0005812906948322447
ck_7aa8bc018c2b003b,0.0019392703976475049
ck_7c3a6a82f3c3241d,0.006421675899047862
ck_487f7fbc290e4ae2,0.004542896771936918
ck_e556c4d36aadbe03,0.001969600872994787
ck_7e6569a1b2455cb0,0.0025221093746201884
ck_de2924955926d046,0.02188152003407038
ck_73d60b4630e3937a,0.0014294227127586386
ck_805ee564bd35ef15,0.012935422931827359
ck_0d40961e47797027,0.005188544412688618
ck_f06d00a4f9c87d80,0.0007900216525551555
ck_5ef50fb07b6737d5,0.0072923999370044824
ck_16541fc15683e21c,0.004525489520017499
ck_09fd43f1b7e2eca2,0.0021453304115721123
ck_2a2c336a69b8d68d,0.017056236268376025
ck_2685f38930866af0,0.02588560728022859
ck_298278a9da874437,0.005655690232765372
ck_00bd7803f2530c68,0.03735265729943723
ck_c2b4a1d8c0b6c1cd,0.00166381547467393
ck_2acb54ca20c3af6c,0.03783052942950696
ck_e3d4b6f681c783ab,0.037648901261927346
ck_f90293f1eba5d7b6,0.01869450823883413
ck_e69d27e8965df0be,0.004316616845813967
ck_b7f5d10b427346ad,0.0009835160447854002
ck_1ce20e4223a936b1,0.0044299746479234715
ck_6b97d1ab90f6bdeb,0.02114916535689161
ck_e30e17db5473c7b2,0.001635340624421333
ck_154c8efb19dee665,0.003800578504222395
ck_6f5bb0c930644cae,0.9984570603896749
ck_9e17699baa83d173,0.00017246652734662123
ck_9693b1eb70880205,0.0017904654348404004
ck_1e97899875bb427b,0.002902757447866931
ck_558a82590f65df69,0.00041034639108216943
ck_18df83242ff3cdbb,0.020732128648805585
ck_80ad4396e1084c68,0.06821905437764228
ck_0a993bc947bab61f,0.045936546943259285
ck_5c2d43ff841632f9,0.00843484311159934
ck_6e4b99fb9725d9fa,0.007221042326711453
ck_e0983999ca26c19e,0.022074074109372656
ck_6573c4947cc8607e,0.045836792347188585
ck_d879d645d6e44207,0.002807509174370141
ck_1375ad9f10688e4a,0.0012210792175922002
ck_7501ebbf4e21f160,0.005059013856924763
ck_ca60d61cd4dc3bea,0.001261799886739053
ck_ab9ea095a5c58b4b,0.03009813096903694
ck_23756522b58df5d8,0.000339953408708761
ck_90bc176c43d85fd5,0.12661037660309252
ck_908b663b2dda94ad,0.04556196860459026
ck_4df2fb8e4b649e27,0.002708432982288332
ck_5615c6bbdef05291,0.11555610130860464
ck_b62f3e3185251f71,0.002466218756544297
ck_38d1a22850178f33,0.003297127897045574
ck_5b3ba20c8bb1383b,0.0025897628812308476
ck_5576ffc6aaf6f22c,0.0007448687224544449
ck_cf7a022178165e56,0.0015311262193958457
ck_f2c7a4c50e2ede96,0.015526863764756116
ck_285719c77eadf915,0.0002640587821339883
ck_f2aa1b677619ab19,0.009518149473027735
ck_3830c58d841e9e69,0.5197539911315923
ck_32eba3510c8eac5e,0.0030079802677251896
ck_8955d7b9030d5eb5,0.008429872018968523
ck_6775e387dace7525,0.056398087349442995
ck_0a0cd7f4be606a93,0.06389758582555038
ck_a9f700eee5d638df,0.00042374743115466566
ck_3d7db96995745472,0.026270942807645283
ck_aeed557007d52e9c,0.0003639175534266076
ck_79b6a86830156b5a,0.029943780956752188
ck_6a1ff9d69466181c,0.9987000891436426
ck_f11b1565f986f5e3,0.01824856806699952
ck_4819327a78615485,0.0014405810212363022
ck_3ed9e081959b2f5c,0.004194588710634559
ck_16af4be191c47d3d,0.00017108402472612114
ck_25122cc0e8b1a662,0.06809688703953502
ck_509c22828d467ba3,0.04131705116765443
ck_31109c899336348d,0.0013545674527339088
ck_c51131e53baa59c7,0.0009230470894187463
ck_cf8ecabbc61d3e11,0.005102451145837642
ck_eb6baff0f85ba936,0.012148202095022183
ck_777669e2243204f2,0.9398981066561776
ck_ac0ea27e692acdc9,0.017984040927960826
ck_4c6ea04ce8ca9e2c,0.003779384052368525
ck_ca54b32fca7e94cd,0.0019056889083588471
ck_4dfd8947f540eb24,0.0060993425382911935
ck_95aff1fe27fb24bb,0.005594646639830448
ck_c7550723b90e5615,0.00579781035989239
ck_57b3fee69bdf85e8,0.0015666890264667964
ck_f823407ace7ff064,0.13700071688734416
ck_a69084a068bcc8aa,0.02829030620577
ck_c7b17f7b24bef5d7,0.008670246153187908
ck_7c4e588f927c27c8,0.007784725604191144
ck_77fdac602d0c6f95,0.08248943917697996
ck_e963d8525018d072,0.007450973514270733
ck_6e8ebaea8f7bffaf,0.00030911966136541784
ck_aa42976a31cb7770,0.012283927923138357
ck_22c862a496008c96,0.9987227928414423
ck_527550dd15f38782,0.006303245723549059
ck_b3ab3c210e2c7c19,0.014923718748659155
ck_ed9c56fdb9f45ddc,0.25177252340402223
ck_b53281da70defcfa,0.007876718477980032
ck_03009b721568ee98,0.06199459977668845
ck_3d9afd862b3f4053,0.2746654137446975
ck_ad3c4be96599554a,0.0017981155832307685
ck_d1c787c27d50af49,0.01109842298191084
ck_c7a9c7b2eef46a99,0.004538275361967323
ck_53036d3c6c74446c,0.13916353360580197
ck_1b1efbd9c0964c8d,0.010961505342563321
ck_d66f42a269d5c1ed,0.01778863732413112
ck_fefc49a2b8ad993e,0.018063043343115696
ck_8b3b874249adece9,0.027050454438919097
ck_193d9c87ad3f1dad,0.0007613142662682538
ck_0c6a50d747593b7b,0.002558688816311962
ck_c830f3830875b47a,0.008771625784274211
ck_79e202f06d8dfe42,0.019594923151951594
ck_5c0fe988b8aa7fcb,0.05091132821456056
ck_a8382d8345f21e1e,0.0037575862384693318
ck_8cb20053914692d0,0.02443599039023328
ck_1da2f69023ca4c13,0.0012845229837526928
ck_38abb60995114f8f,0.036211493776629744
ck_f5791fd8fd8fd191,0.05066388599663937
ck_a4e6fc391b674335,0.2398293307624323
ck_bd771efb4a7e15d0,0.005928126336424669
ck_38ba4a6b6a292054,0.023572939440165492
ck_f7a07283345a0dce,0.004471673340929189
ck_87dc484baaf5a23a,0.0006591224887010025
ck_c84ef83489badbfd,0.024791910269191746
ck_a397cd64ec5d644b,0.003939360500066837
ck_7977135c2ff61e92,0.00419533279386846
ck_52174855b243a8b0,0.03846611243717929
ck_0f35e930d0614613,0.9697633034760493
ck_b170a7db522a0d6f,0.010116226356944926
ck_7af748a23775bd54,0.01750454733504669
ck_52f641c9ee6fda70,0.0009223072376469946
ck_c3719a30414bbb4d,0.0031943219541231355
ck_2baf214ad6bc0dbf,0.036565206273018375
ck_8b39d8aacfdd72b4,0.005337193403429407
ck_d39b0152116203be,0.008637559660088261
ck_ed33f8a937f9c7c8,0.021385806850460293
ck_8ef97b55a5fd6ec9,0.00017497847198661245
ck_8247f008a14bd1a2,0.0014191012272993975
ck_f0d349d68249d5db,0.0024941731831104015
ck_a544e766540861fc,0.0026397545304241675
ck_9dfaca4c7c80b10d,0.07635446276592185
ck_7e5401c362b2216a,0.0006684276237484782
ck_64ff60c073fdb6db,0.008746191375957921
ck_fc5ea49518e5d637,0.0013255122366874557
ck_580f136ced341298,0.0020648271855620037
ck_9cbef9bc95449dca,0.0028054699729859935
ck_e475a3b8ba870a7e,0.0020860360486458077
ck_97e94708bcf43563,0.0077265267310165945
ck_13f03ec785cbdae1,0.00018675512660995614
ck_152820d8817f478c,0.006988927087853912
ck_d20d4ba60eec9945,0.01197771319606138
ck_5c45968a805132e0,0.011812104219758066
ck_bebea2cf3063fb24,0.02607576406029163
ck_c3c69aefe7ea1d2f,0.002672469855765017
ck_02028b72f26fe855,0.009372663203510575
ck_dfadff70a58a9133,0.002107303814288126
ck_6482ed4491bedcaf,0.002647108420305572
ck_754cd7b4a5ae3f94,0.22338959395218952
ck_3132857aec8485bc,0.00012120785716631089
ck_7ce4ca91b8f9f1c1,0.010076725655163677
ck_41938582f4351772,0.019848752702720764
ck_f87d66946252476c,0.11098779760174031
ck_8053f1879a9b4e43,0.001096178026996862
ck_93892e91387f5103,0.01160563791998682
ck_15254db133b28371,0.012965325732826782
ck_d557b9feb241b3ec,0.00027445033422736776
ck_71c3a8e4c12c989f,0.0015912678933955372
ck_80e3041811033443,0.020695950334473318
ck_3380d60067b4634b,0.0006867980460728679
ck_a9c2cdc758df8510,0.040168225470024514
ck_3c0031d7514da17b,0.008955790480711419
ck_18d214b1418be39d,0.002139256071699579
ck_7ce768407fd48321,0.02229768230981697
ck_7a50abd42298133b,0.009188164935150856
ck_2db10f987d137582,0.018941788017665113
ck_e077d004cd1d80ae,0.01993043159856895
ck_1cb6dc67f9a321b5,0.09065970646737022
ck_b864f64101149c35,0.08484428627322249
ck_9bedf54df9418e4a,0.0004146095199424309
ck_c47e32c47f0e6578,0.178740555655897
ck_71f382d5e338daa3,0.004639215593585833
ck_14b4bf7be6ac2b61,0.07217653922214812
ck_5c87eea1cc07cc92,0.056681902194524625
ck_5f445182829ef342,0.07695572949174156
ck_a5d7311291caaa54,0.004084771516278894
ck_b7df99aecef385e6,0.07100244259390734
ck_3327a0582407068b,0.009965540474461507
ck_08dba09fd7dab896,0.010910390572978886
ck_f4ec334be5266378,0.001216526280162969
ck_240f7f894c5a86e7,0.0010472933944921299
ck_a9d994554fc14a02,5.400132665707054e-05
ck_13648cbd306eee6d,0.004252388222636249
ck_601edf9105b3c321,0.9936518128867219
ck_9527adac182abe57,0.07394543545034524
ck_4e0e80f5cc271bf7,0.0014605354509518449
ck_96a89e720176b389,0.017916787351417166
ck_63560eec94b76d2f,0.006862187910117554
ck_c9c99e5b19aeced8,0.000520171243973145
ck_bc32655ee5ed643e,0.015359165593480287
ck_edccb5a93b741744,0.009466141717291104
ck_f786cbc987b70930,0.0012013930696426927
ck_0e8f26536ccc8947,0.026998037511417595
ck_b87ef4b98cfcec4c,0.04287382406308486
ck_1a9235812de4b2c1,0.011535182203638514
ck_d1ed88ea4211ba4d,0.0054809519184984175
ck_a4ddac49657a4450,0.011505382742777482
ck_d9ffca35188e49d8,0.004389920245781785
ck_3db73bbe03c3d240,0.0002900391481033038
ck_fffa0622344a36ab,0.001975232835887228
ck_148c28df51bba5e9,0.9078469329283088
ck_076cbc25c8f15fc3,0.975656679434162
ck_e5ca550b39ed45bf,0.7300383067312647
ck_8dacf3a2061ca17d,0.020850483488933765
ck_2d7394afd61643d0,0.0021981537922458882
ck_e42206e91f6a1752,0.0012712316094043406
ck_2f4f94827984c426,0.00013066680558659834
ck_edfe8e90e8f4366e,0.0007951556788346293
ck_646b15f753e5e9c6,0.02255197205077109
ck_66600620149c8799,0.0054295027983249184
ck_4ff6fc70bccfba96,0.2773209584549904
ck_41af3729590c2484,0.006082645558313456
ck_920a48ba8c583e96,0.0017060608443143573
ck_0253b3e7be021306,0.001057930723463329
ck_2ae6949246ea2648,0.0037760677321805004
ck_db23a5100f338d72,0.014979468753356267
ck_fcb2a559474c3493,0.016029308292192346
ck_0a4d7acd2a53cbbd,0.004075574387077627
ck_c5d62b2b7a6f3bac,0.9180786595829616
ck_cf59f4fc0ea690b2,0.00018279353855438324
ck_837be8126bb19250,0.0007532720220886587
ck_58955542edee1adc,0.004298131837078682
ck_1b93381d8eea58d1,0.0007291870641257999
ck_97b8e05d62abdc14,0.01679711858692768
ck_71a0d645744302a3,0.008360347781279663
ck_a7b57882ab66b111,0.0001940887968711692
ck_65f76421be648549,0.004861751947327952
ck_b53ea8713d32ca7c,0.01252255790719699
ck_991c4c924a1d85ff,0.4241969578765283
ck_8432ccec1a4ec7fd,0.9989551707591032
ck_64c1633297f43788,0.0013712149598350486
ck_4291fd9c1161d8e1,0.05509904974657352
ck_5e98ed6391d9f429,0.008274253737766551
ck_c7baebe4549fdbb4,0.01925834781762243
ck_6e67225ba59fa5ae,0.016458242803180718
ck_719602def4d35fe0,0.025404395019842547
ck_bdee7c86f5ebe81f,0.004005275060282846
ck_8de38f8c7f91961f,0.015441781306272878
ck_b0b5bf9254700402,0.0020143761068014947
ck_7b55d9bb1a250d4f,0.04962251177452251
ck_3954b7b0fd1d6614,0.0002876400920578569
ck_f29471fe7c818d6a,0.00425531314148506
ck_9e65a8a2f587691a,0.008000365084247726
ck_eaec5f1a83b66eb0,0.15367694353545414
ck_004fe0daecbe2c1a,0.006146128885939974
ck_d17653a4a2d4a79e,0.02545763604530882
ck_0dd417fcbf19e424,0.05431810196219771
ck_4c99a6eadea143e2,0.278135480923383
ck_74d602c907ee9119,0.0006177071930598396
ck_1aa87cb62acc0ac6,0.009576315805168304
ck_094974d75e29fb2f,0.20396407001328168
ck_5ef935ac3d4d3332,0.013413846478891683
ck_b26e4ae47c9107ed,0.17288926133119228
ck_396cea6f95186ad2,0.01945114937238304
ck_48446a9e8184c7d4,0.0003392801697697216
ck_31e1ede23247d56b,0.014508287988693537
ck_7afefa349b960a3e,0.031624525867122395
ck_f5e02a3432571b20,0.0653093527599775
ck_64eefec062592c43,0.002431972052539061
ck_a1201284122c141f,0.03835506702674509
ck_1b34c420a4c85a95,0.007255210178441408
ck_d637a011332ba67a,0.006306905769634396
ck_99c0004d8b7079f8,0.005256719175016833
ck_948517bad569b40f,0.059426615311010664
ck_a28d6b1601b472a6,0.002265126231037266
ck_a0b4209feb31f5c0,0.9987603236551105
ck_d6d2c1f6dfc455b6,0.7946029206127807
ck_3f9e6d356d3dd3cf,0.0006111217537064712
ck_d08e00c842b75176,0.006344240500338614
ck_bfdd232a7c5f2660,0.031387622451095026
ck_2cdad03ed069438c,0.040649361034486235
ck_42317c3eabd0a285,0.2146142233873568
ck_3eb73e56751c704d,0.0196917076849822
ck_ef33c04f4c9e3758,0.015382283182565277
ck_1dc23dc870f1773d,0.00174136873379445
ck_76091f357974a152,0.0048677468800416394
ck_4d9eb75e8eee90fd,0.027042201275310613
ck_578f67e69e5d2cfd,0.004966442871203287
ck_3a8ce1cc724229b8,0.0007261378554773588
ck_a96887f841e80fc1,0.010730510304016479
ck_d2d4a8f4a9f2c33f,0.003599689839557726
ck_11f85bc705dbe036,0.021495959338111124
ck_7429b3f87528e335,0.004078068654004726
ck_26df74feac7ec51d,0.006235147040245628
ck_c78b2638fadd91ab,0.0022252820161654608
ck_7eaad325abe3b50c,0.0014892560978416003
ck_fd44e34af620e606,0.06089074313968919
ck_f99738dff854e25f,0.0013801863724443252
ck_1ffbce3a239bb264,0.002454611807796875
ck_96c7d52ba0a766ef,0.007957957131015103
ck_cb1c00c300af3f9e,0.006692315046805028
ck_ec3d12848ced99f2,0.0039546504279577436
ck_26cfd7c3c6c7bf69,0.014504578952798525
ck_7ae86b5a885affc3,0.032518416468717955
ck_3edaa94d28cd48ea,0.0007915931518709437
ck_3209c530c9812e39,0.0033067156902533124
ck_ea62ebfc1f04b49a,0.001277741078826576
ck_5fc90b4668ea81bf,0.020558768842766938
ck_95654593cdebd141,0.0006036485628521044
ck_958c0bd61820147f,0.025846406053445847
ck_8440ef1386c07194,0.008319047143868304
ck_8cd1b68dd74b1375,0.29165366216848
ck_c9eb4df91ff07f2c,0.03003152833497431
ck_c29489366c01fe65,0.9340446059106067
ck_c965fd6bec0f0ecd,0.019180841627754384
ck_84c402b23766e1f2,0.012742346536392913
ck_181f3dae03b87136,0.01844504295349523
ck_022a8ae79eb28cf6,0.9958216719986227
ck_469c17407d17b706,0.01842280058359472
ck_1fcc5843f39148a9,0.006592635998157122
ck_5debd55f361b2ddf,0.0029970140384532862
ck_28cb9b03e89263f1,0.0005688348724655914
ck_f067470743d3c7a2,0.020231781305296962
ck_d5d225ce41a1a762,0.009184905591146066
ck_15b4840922195ffd,0.003925443630850004
ck_6bcfa37c717f19f1,0.03975930643323518
ck_8d501a0386c66be8,0.2135841748345939
ck_1a9d6190c57ea7e2,0.1339839688126141
ck_c49832eabdac5bb7,0.0010226007006353302
ck_b4331140b2e0d4aa,0.004111443251810596
ck_5efbea1befdefe1b,0.2553964282006134
ck_72ff52c4824072ce,0.012266980348892481
ck_ec3715add8bbb6e9,0.0010905123960498237
ck_9822f8ed05335741,0.003041111929384767
ck_c3d7d3d12a1981a3,0.0018595832126699773
ck_a115a7919ac5875a,0.06663468175444857
ck_4dd4ed23e0b927b7,0.19795057662519086
ck_4c76efcc1ee6762d,0.009454920970647929
ck_3ad6e7bf452c9b21,0.0332268703097223
ck_dcbab304b55a42c7,0.0282940658781448
ck_24b53090faf722cf,0.015330777044720896
ck_187317383400491d,0.0037972656529130498
ck_e07fd57565c94c28,0.052238711047278535
ck_740e760fdcd27835,0.0006508356434127718
ck_d3796aebda1cfed5,0.836939621300613
ck_e541967c681cb929,0.0022126521275301647
ck_431118050b834dcb,8.328942668768797e-05
ck_90f3655f0c8a0074,0.0010326143852246292
ck_13cd943777651aac,0.015445536506544599
ck_66accecabf3901c0,0.013879056915975916
ck_937f0da2306b2eb9,0.0020476957705713953
ck_105b0c93573fd5b7,0.8801220356962753
ck_00480407160e0743,0.0020760774258647544
ck_e032068be7b77d15,0.040702123388258
ck_991b7dfd69098320,0.0006196848559556989
ck_37d47cf0f34574a2,0.001359829799551019
ck_011551a596544f5d,0.005254779885043985
ck_9acd98f4fe2d474e,0.30586167207310955
ck_7c88d3d377bb61bb,0.019722267719894795
ck_e2374c7136c964fd,0.03766176972676979
ck_2fa8f2577116e9ca,0.10421618697704071
ck_d07c5b0321c685ea,0.050268243270827725
ck_bc736114a31088a7,0.021586703149322428
ck_32bb42f9bff197f8,0.002535555974559798
ck_66267bbad1f1415f,0.9979794915398827
ck_19988702ccd79201,0.0069411913911868114
ck_f473a03fbcdbc4b0,0.002364409246612266
ck_e3f1d85fa5d49396,0.002650815366428742
ck_c4402ea6291df271,0.014006837822718983
ck_243bd5ca8c4ae5d0,0.0016071772682007455
ck_f271e855925e8d6b,0.17179529590276477
ck_e424148c6f2223df,0.003272710037646627
ck_e4d0a9e1102a58b5,0.006454256341694613
ck_91c2a5fe69b9b1d1,0.0025315652337420534
ck_5fd8924732fe403e,0.2643842188286853
ck_9a881d5433126ada,0.002016527813112448
ck_73cab88b29c7845d,0.0796463516683564
ck_5b5dea6476d4e182,0.009420485734809152
ck_ccccb17d2ca6ce94,0.04953088974086453
ck_cd1dc68e441222b1,0.9809882830246767
ck_8312c49b1431a406,0.010466693375444654
ck_25fea39897f2a559,0.006875736485525616
ck_f56200205280bddf,0.2563872174925491
ck_7336611650dcc088,0.00023193885326838897
ck_590716322ff147ae,0.03850438962454554
ck_c82364d87875a1a1,0.008194763334146144
ck_fa4b60387d744fc5,0.00047848422762651534
ck_d841eba8906e9a15,0.0025098778733399587
ck_d6df562a79b9d0d9,0.007154537437003537
ck_59a14d2564193101,0.0034872182032238464
ck_8530158e3d7f59e7,0.007615424467550872
ck_ac68d707006c12a8,0.0047326166219082665
ck_976fac1bb3dd8c58,0.009485558622675956
ck_f854fba8f4adae3d,0.019131880858726323
ck_b98e9c3ec6e7d1e7,0.0009980393688979498
ck_803c0b4cf9d4bc1d,0.005002128959111284
ck_76997a33c3ea5107,0.00017096814346995423
ck_f1a9d832b700bda1,0.9243930089810756
ck_2bd96ddb8c323d63,0.9791759710143664
ck_9e5b7acf51b1b743,0.034184868130861176
ck_09169f22194fd6aa,0.03249706913004721
ck_6d69e092f9b0848b,0.010241179754945097
ck_9f83fa5a2d3b9049,0.023085768690082276
ck_57bbb19eecb4b87c,0.00040832711843909853
ck_e0e9cfabb979f428,0.0040423102476922785
ck_b1ff9edc51d42f97,0.0021709666619858
ck_4682fad271d47eb0,0.8923632741135563
ck_ab33fb754c818ae3,0.011599797916632041
ck_b456f62b80e21557,0.0006783392308217954
ck_16340be3f2a7fffd,0.0015841858317663193
ck_ce66831f6611014c,0.005035635876206534
ck_4610a073bb54d1b1,0.03151779199868878
ck_fd038a7d33a9d6e5,0.001135054563185557
ck_c8198cb4c461304f,0.03420755664009617
ck_1e7de58822000dea,0.0017306085923250298
ck_b2a79dd3df560f14,0.04204439446058502
ck_74a06f347b32347f,0.007419566458554381
ck_c6fdb2972417c9bd,0.008718044237938571
ck_d7607a213b800bfb,0.027947529270105558
ck_df65967b8b40319c,0.0017325322408719708
ck_329a73dbd585ee09,0.006104218716945565
ck_74991a9e85c3b07d,0.008578592008172868
ck_bb76609b79e0bc9f,0.0342109661636885
ck_f7fc1bd0b9ab1fa4,0.0656526382598814
ck_d111c98b36bdb791,0.0011419887779162343
ck_f07e27d125497b66,0.01583105078090677
ck_093e3a7134e11d6b,0.004644637882650912
ck_862c7953bdea48b0,0.0036729957677432805
ck_392cf2cdd515c34d,0.0005532691523564734
ck_80eb91b0b4001084,0.09322878420758351
ck_5923f53b77193a58,0.16687478046231843
ck_8049f5fce32be185,0.8040410273771036
ck_ebc5a2c6cf88e252,0.03679833892317096
ck_9ea5872f14cce338,0.005740210681181893
ck_f7fbc95ebf584379,0.002885927486616163
ck_bafe82c870356706,0.9960487576116106
ck_278b36c5932d9bff,0.000389965069232616
ck_6a892dd5d05c1649,0.008572566007684147
ck_0734fd90b2cabd43,0.010205883670228257
ck_9b552204498b6762,0.00473574742277415
ck_f6c909c205767956,0.009492890581656201
ck_32f590e87bc3d715,0.0002614498832148421
ck_66a8325f28be7562,0.0012273352257210718
ck_b129261da9c3c3c9,0.00043002623579946943
ck_a524071c51ddde20,0.0069334570325177555
ck_ba576d6d4cb6130b,0.034375490543436235
ck_8d8226520722af78,0.047768731689788145
ck_c5b0f0d4f1655a20,0.014149134197862899
ck_61814ae9b6d8eab1,0.008791472534959635
ck_382ebf136f7fa337,0.19047560698313287
ck_423ff4ede6a9f066,0.0028180341656320516
ck_546ad962d04b7de4,0.9457878713363
ck_9473ea4a01c95f9a,0.012950640080155605
ck_9eb1da8cd35a50ce,0.003063760205608439
ck_de5eaa2cdbcb67ff,0.07084880130251746
ck_537cc97d0398c922,0.055211026169641485
ck_998475a2e4dfad4e,0.008585761321581824
ck_e62eb708d2688fae,0.04166556098244852
ck_ea623358f704daa7,0.05115143316180216
ck_b911a09f328dfd4b,0.0017079793336666437
ck_4b3506b624e5193c,0.005125204795392759
ck_448456f96788713b,0.06709397863168959
ck_5d5ef9e75f65d076,0.006841932621069702
ck_3b74512f774a6e5a,0.006539528837726318
ck_a032e8ac1507c6df,0.8465893478976227
ck_7e2d6b22a0ae20c2,0.0951739503082221
ck_d80283209c963f11,0.0006845800586116426
ck_d1157eade2ac3975,0.04110556685431844
ck_be48f583f79427f7,0.015264501477529452
ck_0027b5d4107d65d8,0.07098654492363146
ck_94fff69584dd3b2a,0.014657797544137298
ck_75fcda73f0b43557,0.006722128997903368
ck_a1c78972e4ee4082,0.0015938376534665975
ck_f0982bbdbd122f91,0.015549886437647946
ck_3199b471575aeb3a,0.003756381263299066
ck_7fa947a0b1c1cf74,0.08707223443321187
ck_a60c618b7f0e4252,0.002499273969183987
ck_722ac47c8ac9b6c3,0.3097123936944201
ck_d44dc3839a195c8a,0.08136828905835888
ck_a2c3e82fab520483,0.008962463858578254
ck_6f8ae0319c07cafe,0.0016058358213395948
ck_49886ff1e2c759d6,0.014220590707747446
ck_150a1108f936e6b0,0.0029918928418593005
ck_e21f9f96f597695b,0.011141204183350658
ck_7297bff2b7fdcbc8,0.00015531420650699955
ck_ee949c71f4f702eb,0.9972443322842602
ck_6fc37dea4b4f35c6,0.05789688241275399
ck_e76257caa98dc25d,0.9727761142752693
ck_828eef2334e17b3a,0.03316176313302119
ck_604e1b8a8c693aa7,0.0021194747261111886
ck_7743c9fe037d1f9e,0.028434935926732987
ck_864a11202e19e812,0.11004583627937704
ck_4ec040b9e3785e4a,0.0046315297224253475
ck_7346e4f820d9c00a,0.8242689688332543
ck_48d4d63beb26b623,0.011966326422559771
ck_c423aa6de3ed1e01,0.011597434064779508
ck_d74b2ead8aaa3f73,0.002100516573691814
ck_1dd69a11daa7bf1a,0.027847527757895767
ck_d9143e236eef177f,0.06552309713660692
ck_f790d91e5ff0eccd,0.15960917562643978
ck_69b5620e00ef5dec,0.00012743809515379834
ck_cd32e58e8a1c0e85,0.0047244050365040854
ck_064013b0957d87a5,0.9948563411231229
ck_a481385c2e60dc4a,0.00047743387868837616
ck_d72035cb29db3aa4,0.006575952111163718
ck_3759939a0205306d,0.013893549210182083
ck_f437a53fc832ec95,0.4536002838939492
ck_260ef2f3e6434819,0.03592579123105479
ck_35e411b05d22f663,0.01166089897418402
ck_8bf46e472f3e20de,0.11295423673781178
ck_d546994fc5d3e9d1,0.0044043895777304545
ck_6ff0fc7487e737e7,0.050617133220706524
ck_5c67f27816ae0b6f,0.004843932695888111
ck_c5517923458106ae,0.003109023326660476
ck_d9735647a6b0b0a7,0.43626414844393036
ck_541a734fc457246f,0.09367702706066987
ck_2f6a639468f41043,0.0015143934483869532
ck_bea2cf7a6b7bb900,0.0002760427495448067
ck_7eebd0e6ad6c070e,0.01300045174687713
ck_b64c87d5e3b10e6a,0.8525933575196
ck_9dd7daacb7833233,0.021777095294117105
ck_396e9ea9a6c6d7d9,0.01812771469734444
ck_1645e6cc53fa99ff,0.006293099704466187
ck_ea2a83ccb8d57490,0.00264515107172773
ck_e64f0df63e1be595,0.015647723277112703
ck_fa0b234481cb57d3,0.022085270913025923
ck_63379e3c9fe6f711,0.026590925187912874
ck_c67f7944896a0310,0.034352324223551674
ck_c10e54c9db29e6ef,0.9964267404614063
ck_7184ad7709ae4c80,0.017341141142628014
ck_f8b6069d7577fde6,0.0008863831612265521
ck_18444be153bac1ca,0.9659567272023912
ck_d0982b4e0e118e4d,0.015128299991358575
ck_6faf3e6820398866,0.026693345375751642
ck_97e980463aca4644,0.017945714955356
ck_630c835243c66b19,0.9864449439279763
ck_fe429ba3e1aa0e4f,0.004215217265534526
ck_1058129ed7b48c59,0.002820388737931133
ck_04a1a46f07885296,0.011746998662422134
ck_f01e94331067edf6,0.007987468584272734
ck_77b2fb17c29f5e72,0.011867765968842599
ck_4f0c5857da45fb28,0.13754940669181423
ck_2cfb9a7775e8a5bc,0.9913468826356345
ck_6846100e43659bf3,0.0009772538449584036
ck_f89719a854fe11d7,0.005889003321208442
ck_bf47375e41ca3bc0,0.0004086398366796837
ck_2770b0400a7bef08,0.028521006213458024
ck_2a09d142de1c77ff,0.014262928106930332
ck_857a1f5547b9ad68,0.018725280351109166
ck_185f15b1523bbcf4,0.002083687740893193
ck_ab2aed614ec1cdf8,0.0038506826029536907
ck_a9e7f3b2d5dfd97b,0.0007931447440490468
ck_0eeb3d9b3e697edb,0.010935917811533037
ck_fa5830d81bc8ddc1,0.002135224950428509
ck_231ae0329ebc3220,0.003522877497781065
ck_1587763dd54688c9,0.004495488368588121
ck_9f85fea4490c00cf,0.004629966323613621
ck_a2d709e7eb91e4af,0.052139575555122115
ck_43637d28c7216453,0.00319957139746985
ck_f3ab5dd853d38252,0.003467975878712078
ck_4a1f0172d3bf4fd3,0.016661630954043615
ck_517620ca16505af0,0.003208831598716748
ck_9ae904fbef56065c,0.003071305180676736
ck_d5ef1f6e34bb35b8,0.06530490433745303
ck_ff42557857ae3aeb,0.001016644051885304
ck_ad9a18f58589faa7,0.003534483157567218
ck_df1a6edaa3e6b271,0.02572624954816178
ck_99021fe7225b5a68,0.09552961666465892
ck_99e52c3c2530b69e,0.9965068050854323
ck_3a4811dc4a1a891d,0.001505170688102579
ck_ba3a6be026c87079,0.011371051524118247
ck_da6d1e5cf6aba6fd,0.0070638791568437675
ck_ddc7c1f3d45fe6e6,0.0050142480280943955
ck_e1b1e7a7e4a15b3e,0.0020007102777771413
ck_8288f7f226e08b89,0.0019787924608089323
ck_c4524993ec31dbe5,0.004324218502548153
ck_8b19bb5b23b6741c,0.030687291942839697
ck_d21b38231a8a9f4a,0.04823124234079439
ck_3f730318a9792292,0.011813647686997795
ck_a4db6e94a8f77f9d,0.14014886816667904
ck_a8cac8d480306839,0.0009622597554149068
ck_5472214011fbc2a7,0.0012698761889770383
ck_7356f47dbbbe7904,0.0069109798713661574
ck_16801e628e883d78,0.008886884682975155
ck_0dc1e536231c4860,0.0036807658947264417
ck_7cd0634a6e60af83,0.011871047517995337
ck_ef6f8e048ae1bd4b,0.003313707253911749
ck_82f3f744209888ac,0.007481966101033543
ck_f33188c232a03526,0.35760853688255273
ck_4a59f4e10bf45d7f,0.0011943513706759205
ck_d96c893721385e4e,0.0005703467192845294
ck_f65ab819373edb37,0.05043980776980642
ck_21cac21fc10b7768,0.0043915790759084875
ck_139b54e6ccbdd7da,0.023347967497164338
ck_d6f5c8741697abb3,0.003750750621012574
ck_a28d9bb5590d458f,0.06376171193017872
ck_ed26d906883bea0a,0.0017718251474770211
ck_227602ad072b838b,0.0007770965029738645
ck_39d5f6c17c745ab1,0.002701333022509576
ck_744eade757ba69b5,0.03649932421275326
ck_c1295d97cdf35ec2,0.0009944091650786247
ck_69105f881da3c821,0.0049315456423584935
ck_933789b55361d7c1,0.9130804244385841
ck_b667952253503174,0.008130888338386034
ck_7bf668e25abeeb05,0.0020904978084975213
ck_91742711dfdffd56,0.028671869688511188
ck_af32a0660090dd68,0.01414239349374061
ck_2122f201e65f76ee,0.0008779261543698917
ck_f48acb73a5d6af07,0.016117227784120395
ck_337c5684510cf432,0.03138726793856422
ck_f7bde7265053364d,0.007694163680938047
ck_c190c7b924edba75,0.19516695328770567
ck_044fa3b3a003f0b5,0.008808183466723393
ck_87eb43e3b9d96169,0.1307779758499745
ck_2d3d6c9364362017,0.0036969947187098055
ck_ac55dc6cbcdf8228,0.0051087968667052775
ck_61d7b0568ec5d6cf,0.023377364644100368
ck_89c74feeaffa7d09,0.002572839276633103
ck_93776b0c113f41f0,0.34292079355880345
ck_15e0b679931f7a8d,0.008406664344919199
ck_77b56c49cfdb1d81,0.09210785283693651
ck_73188a826b5f499f,0.00274038216037331
ck_4f463ef25325ddfa,0.6141528105263826
ck_863db2e394dc47d1,0.9960173922794896
ck_d52432ed597f3cc9,0.0015890735288514389
ck_04fb61e5739642f8,0.043451251234198095
ck_2e481d75d110c06d,0.04637510699603009
ck_3fa1a523d77cd619,0.018864399085340572
ck_466dc6274fecd708,0.0005634993978715405
ck_e1790b3aa2241b10,0.9745851291572936
ck_84ad096a46e1a960,0.24608547131392702
ck_3be72c9c178fa00d,0.020886757566559402
ck_5a17c89219d1d9fe,0.008701418963032982
ck_4f639f4ee6ce8d9e,0.12051828889626866
ck_f4ec4a935e51b4db,0.01544303594108526
ck_f04040a830f92bac,0.00631123979006167
ck_3e4d02a04be2aaf8,0.028410140689410796
ck_4d1baef193cfb900,0.028722991902750995
ck_0fb3153d37626b75,0.0006101601198942781
ck_88ec57a11b11f702,0.9720644654184354
ck_dca9dc465f759db4,0.004068117369378412
ck_64f5fba6af67e024,0.011046278708589945
ck_896096cb167254ef,0.016813554555450527
ck_7878679065876b98,0.04696764123813007
ck_fe8e5a6c880ceb4e,0.002111994130443082
ck_a5e036327d3d1862,0.00021528659784479515
ck_310f73940fc4cf4f,0.015409475818663542
ck_46a8db16ad00b749,0.011637484885377237
ck_0d33977c3de8cfaf,0.9967024222810126
ck_c6fff412f531db0f,0.00013502690022723824
ck_bac6dadf428eaea9,0.01516688534127549
ck_1b96d9af0d7da2d5,0.0021001610433843926
ck_fa8a4a9e77799fcc,0.0009050885239549845
ck_0bf48607a874b4d1,0.001290968015696106
ck_eeb75f8a6439f65e,0.014881562562196632
ck_a209a5f7d172125e,0.008046659603375925
ck_8f346b72fb40bf14,0.006510806597472654
ck_bccbf9fef367f00f,0.013601945107208985
ck_2d1548f1ee405cc9,0.0041108416903896374
ck_e8298ff2dc1e9d50,0.00037002804047547963
ck_77c0fb524edb4a94,0.0010547175218945264
ck_28ac4c5134cb8e77,0.03253806545246083
ck_db23a0e3e54be60c,0.7854482260425765
ck_a059d00cee5cee99,0.003131630149827414
ck_3e9e3bba8bd363af,0.0009392320226561085
ck_0428728df24cdab4,0.0005867876117942619
ck_88cd35378075c84f,0.0005009221906365987
ck_0174d76398d9dc0f,0.016944260664078607
ck_3f1287e6c27de0dc,0.0021986123679304873
ck_ff822700f3605e06,0.9998839172692489
ck_4563227b2038ae07,0.28803179304412524
ck_788e78065526ee19,0.07974763194924113
ck_8a16eb584093b12f,0.0012854600319813498
ck_cc276f71ab6c08fd,0.022060093758656703
ck_d61d97b21002f3e9,0.05140514007658288
ck_4b2e87d86a5e415c,0.011114300783542641
ck_3e6f35e4500d2f2a,0.00042020523045425273
ck_3acdb083e0d8ad61,0.0014369222481233517
ck_cd655202db489010,0.0012123476979412368
ck_829cbf5ccda481ae,0.006603235472590391
ck_f5882e6f98b8b4cd,0.0018132969366663639
ck_767947540b234add,0.008749118929458396
ck_a6e8e8f535b1f1d1,0.0193058297301454
ck_58412a2674fea506,0.0035634547845876372
ck_fae7e518a585fa61,0.02423083920162695
ck_9c60ae6958d68dbd,0.4141880272412186
ck_328696b8f5e54ec6,0.028841995517562745
ck_7df3f8f4f1068d62,0.004919658318854053
ck_cfadd21458230ef7,0.029970823405527675
ck_7048bedd554c703b,0.001118129356661975
ck_50422466f145bfd7,0.0007332235440560904
ck_61e1f7168cd9ff25,0.065225781269468
ck_733aff0f56f5b3c9,0.03616620970981804
ck_e14892e424180549,0.007137390884699737
ck_03f6664a96de7d0f,0.03849149743016351
ck_b7f4baa2cc82fe61,0.003056499716046363
ck_1e51199a075ca0fa,0.0042872148132535245
ck_0e70516fa07cfb17,0.7019851004273787
ck_0f37c554a5057801,0.9922360069095961
ck_5576b725de38d106,0.002466218796254621
ck_82f360df1e9f4eb8,0.04851313184337357
ck_395f3bd4aacd7ca6,0.010328357719085106
ck_5e8e857b63966609,0.7510527934075196
ck_93470896f0804b6b,0.9545522263132702
ck_3be854e42e76569a,0.0004252811487033155
ck_0567302c57a2417e,0.07260423041663726
ck_ee535461b5f05539,0.13787098478676219
ck_94a096c36162a153,0.024693132574406567
ck_dfc8f5c141fd7c63,0.005429251386847551
ck_98b34f2d704c1c2a,0.015942229518569467
ck_96dff7a09d45f116,0.023821389134504715
ck_79557434c129ba52,0.0006503233977118232
ck_4596624a7c01d501,0.012010799823414423
ck_04e89fbd739243fa,0.0009259328614913298
ck_6149ffaf18872dc8,0.0017572507967759227
ck_cd78f0832a09bd8f,0.4261169882995958
ck_7e29c10d781c3b41,0.004357745265644543
ck_1f7ee7b23fc6f2f4,0.01200046760663929
ck_c49b685d2b3ab89a,0.004594653772066463
ck_84569a8fc50e73ac,0.004221224025719483
ck_b92b11d205af91eb,0.0005118909684440718
ck_06280e6d6d2485b0,0.004410613133025706
ck_3c08546dd0c92863,0.017493414451046244
ck_99d3983f907828bf,0.0012397205226541592
ck_eccfd552aa652d3c,0.05043716958399527
ck_0cff8153881875ba,0.033445909054101455
ck_c1aebbeca6ab5ff9,0.0039005910913079474
ck_538fdbbb3c2bcbbb,0.01151399281592279
ck_8c0210322733c718,0.007322946243148313
ck_0b0c93039f987abc,0.03481400839048175
ck_6d07d6d1bd227d37,0.05198373283005387
ck_9b6ee35e8cd0b11c,0.009510023033217052
ck_d838491d3d4f5ecf,0.0009556538678558208
ck_0593ae243a9ebee9,0.010552040246648076
ck_ef261fc09be8eb0b,0.0012036994491484167
ck_d0935b571a4a3868,0.0019123318145931015
ck_97d04a67a104af39,0.035930403310919984
ck_e25f70d0b7229420,0.0038700779882092843
ck_9b71274ff83de482,0.9658561604888709
ck_6de2aa2bb60978d3,0.035651640443706396
ck_eda55c8fb47593d7,0.011257721033089009
ck_924e572517515f19,0.29010442026882427
ck_d6f27eacbad310f4,0.009373168639055556
ck_8550f229b5eb03ab,0.0033738297736637507
ck_e3e95546a84d0ed8,0.008154615343228278
ck_3135c019696ee6af,0.9935909184326859
ck_41ba315d8fccb559,0.011692305496963706
ck_72b86e4485da2d0f,0.9971592161012406
ck_daaa995f3c2f0e47,0.009597337051022612
ck_053746067839696b,0.006889567242023243
ck_a15fe7d0f4b65c33,0.44549430494813125
ck_15de11438732bb05,0.011778784160481778
ck_2c4d25acbe3fabd9,0.037308411988433966
ck_7f08078908599bd2,0.17300816801570765
ck_e794741742fb2619,0.02237839215309806
ck_238e53b6dee8c301,0.004772734739940026
ck_53a6a33060d5c8b8,0.01154464549266434
ck_0e0919292ad33472,0.42958180104609084
ck_d86ccf148c06c8c8,0.013264276850124247
ck_c881f26c9bf9ae42,0.47299848437952907
ck_4b0947bf94e9d847,0.010198243601526883
ck_e10ff5c38bd18470,0.009376134215222398
ck_b60de9e97aad9e45,0.20406147639206504
ck_190bc849e5ff5401,0.013352947154767989
ck_e7be077aa0b2632c,0.0006113486017193702
ck_a51abde881ebeff3,0.016869145793933223
ck_2208392a9f6bd249,0.01943368763094716
ck_0259da8f109017e9,0.004872881869006041
ck_05e01ab9c95449da,0.02289696177528415
ck_c82897ebffb6ae66,0.0010105917825235901
ck_b4a6bb4689cd7cfa,0.004799308730819928
ck_9e21ea33018ce538,0.007560278165816913
ck_caa348f0e65db062,0.9945848119223849
ck_a964e6b5d8415334,0.38270930186861973
ck_510bfbbee37ff436,0.009051398595306938
ck_9741a82faf5c7889,0.03633565492169471
ck_e7f61b4a39ba98ac,0.00242971470078735
ck_069d158665a53909,0.017253064117713716
ck_6426427efe3228af,0.0500410544971176
ck_ab4a8d02ec3c0fd7,0.0001455009205068842
ck_aefa0d8d933e0eca,0.015079424146794675
ck_232325ef6bce92f1,0.0011959005799564459
ck_14e58c3fb26a2b4d,0.011913290412817542
ck_06e73afdec26aecc,0.03426166948050124
ck_3168f4f2778d64e1,0.027601316905949948
ck_ff3998d6858daa21,0.0013781738129210036
ck_bccff46fb0868454,0.34303582187003323
ck_c7d444d90fa86d7c,0.31341438634816476
ck_f0bc3bdee6bfbb94,0.00799688390090593
ck_f7112818a6d81422,0.013313734579433668
ck_aca35dbcb835ad02,0.09447820889680839
ck_f637fabf0f60528f,0.007657794940495547
ck_53d17ab97de1ac3e,0.009696821152889095
ck_c8c1bf16d9113493,0.05473152680138469
ck_e842fb0cf055a83b,0.02729110933640328
ck_93c0cb3dac4891fe,0.0056704147089278924
ck_0c1f088e17e46daf,0.021130052284417375
ck_8f4b384955bf57c9,0.006072027259782222
ck_09cd5c4df1e81ac2,0.02773071373289227
ck_1e832a5b2342554f,0.04729419516206968
ck_2cb763a881aee27f,0.0008368732419477277
ck_5875828b11406398,0.003167924132848423
ck_48e84b0cb0b90fa7,0.01996122590249946
ck_833688de8629c5c0,0.00022313254265728802
ck_117d78ccd5820f36,0.0077100637755559125
ck_668ec61c4c39cae3,0.0011268277133810363
ck_73a7794b659d7a34,0.018256022596750486
ck_10f90d879209734f,0.005995630934407576
ck_d1d079913aa158bf,0.0028775640970481377
ck_01c631b38e8a9535,0.0033817809372134805
ck_f6923088c17a04e2,0.05828574824276985
ck_b447badc9138987d,0.000669982557188942
ck_8b772caed8f1541c,0.0015488032173467292
ck_5403c76fe68a08ba,0.1060459020870847
ck_3e6833574edf1736,0.0017188935804067823
ck_e527fbb9450a4581,0.8839386645007408
ck_cc90e219f1ebf390,0.0006392227694006819
