cookie_id,score
ck_315fb710a0e371e7,0.000926776034381701
ck_a76ee3b3e3e522fd,0.04806410261612482
ck_94c9a4d382689e82,0.007761489963401628
ck_8eaf9509ad9462a0,0.001227248249895953
ck_9a88a5a989cb5bc6,0.007927170523339262
ck_15239ef0689c1a35,0.007637303278805038
ck_8de69cd219d3b87f,0.12629503988211066
ck_f92cd37022b0ce21,0.019846088926870196
ck_1a3ff7620580a514,0.005310254394663828
ck_397c03aa33a57310,0.12526775023922865
ck_a7cf6c3b322f6b7a,0.005586765668566359
ck_c39a9e75760e3201,0.0022340998542291985
ck_88ab6d245228c38e,0.0006001151927451851
ck_17733f75ebdea93e,0.00458139016728538
ck_58eb871e8d7bed52,0.19821203237999382
ck_e55b7fa67db1ec27,0.001637432943583053
ck_62f5cfe22c952694,0.002715937623888696
ck_7fbb709a0fe95759,0.0031040705344553983
ck_87abe9cd066a20fb,0.02850609998394949
ck_d58e058b5c553dd5,0.014406260103902502
ck_d27b872648b71202,0.003268279912742115
ck_4b4a3c5b95c55b43,0.0006928190008438121
ck_66dd4f4b4127256d,0.001457880673945902
ck_93cc12703b500613,0.07077544042990079
ck_d28806a2179092eb,0.9979262590624257
ck_0595c2a0c7881e05,0.007610729443420403
ck_50087d8666191144,0.14868766666812272
ck_b08b3f089138c901,0.018638671671043
ck_fe3b67041dad2dd1,0.0011046282467617305
ck_8449a28f7d475d93,0.043720359125681764
ck_8642e3b6d84f49d3,0.014336360688809592
ck_e49b5e4f2f2e79db,0.5628817316370613
ck_437afe412ea4259c,0.12418543681487226
ck_569b83668d74042d,0.9750598722679056
ck_233a487d31c3e631,0.9969162844550362
ck_1fca72e03143a645,0.7880611041590793
ck_79205e31223df2ad,0.017520894659695873
ck_9625a64406ea16e3,0.0051031035611547515
ck_079bd18dacb704a8,0.17341446752700762
ck_4db6d4fd2b49aa81,0.021868259758944023
ck_0dbefdac0a1868fb,0.002289320854607347
ck_24ff97ad90bdd69a,0.08523804412533877
ck_77f8c5042065d506,0.0039767504429503876
ck_f11be8ce05382cec,0.0017554873427029934
ck_c9d72140b0389216,0.02258687255329183
ck_69eda24e931fb36a,0.0012214108740005167
ck_ed471e496916ee15,0.002884293027541249
ck_ff090498c4b17ac3,0.018216966053383386
ck_c3c19d6a0720915c,0.00038009052304827464
ck_af02e1817cfa40b5,0.011790162440445643
ck_2df5a9fc87553eb1,0.00296629667687116
ck_4ac918e884cff336,0.046114776038943026
ck_ca149244b54ef3ad,0.000563947603722433
ck_6babe5b8674ff51f,0.0029970864447408504
ck_1573878386886290,0.02409426854213693
ck_3925f8565abb7fe4,0.0024112012024568794
ck_c4de808ae69c771f,0.00021484158296514885
ck_a777c813551281fe,0.00354942156900503
ck_df4424f6dd85080d,0.08258670804788759
ck_85e5494ec20383ae,0.025508046135443278
ck_f71a4094e889c3af,0.00675844479143695
ck_f2f3cf9cd23b2809,0.023979379272434348
ck_18e2076397bcc211,0.03828193126040258
ck_c9f9fddef39bc664,0.011653230831685298
ck_7e826e233d6ea028,0.0027577685723297217
ck_62fd7eb46bee9210,0.046372441031746085
ck_206f8e3cd72768f3,0.024028487520214664
ck_aa295a11b0a6ab36,0.012584961734016555
ck_9a56739d81f84a53,0.00214245092702765
ck_aa075c418ed9fe5a,0.008509607128917393
ck_62b9fb3db284941b,0.011961272376168024
ck_f4f83b1403ebea46,0.03352284884940626
ck_16b66bd803288bc3,0.4098662715909015
ck_c4ca1434f3778f1d,0.99444206543456
ck_1b823610371a29c0,0.008623002686669524
ck_c2bd5a722aa637d9,0.004089790185648066
ck_7890208951df34f0,0.020878237011212677
ck_020eb0e454524ecd,0.0008884671325278115
ck_3b66196ccf436c35,0.016983524903874093
ck_109fc467ec0a4af5,0.04583012069974918
ck_f3dcd818db92de7b,0.014233920117168451
ck_31e7742f160980ef,0.011563720621636367
ck_77fce5f86f00b8f4,0.26454534007736247
ck_46bc797b4d07d607,0.004027800778914984
ck_37899b1b571b1c6b,0.010092070021566086
ck_ef8a6af43fedd464,0.0015399309203836102
ck_bcc8519fe8521038,0.1648270942776717
ck_90696b7182dd9129,0.007861923564703993
ck_4a24ad61d017e1ba,0.027235080150323415
ck_0acc3d8c67218b9d,0.004571063231018309
ck_05c97fc9de11aba6,0.09172956452194378
ck_f8ac3a0500c0ec62,0.0110273043450181
ck_617b65141f546a1c,0.003603956261210707
ck_9d00823bf60388d7,0.024810394976029212
ck_123c15d93f1840f2,0.08743908019037269
ck_573feefba6bf78bb,0.08058086271309264
ck_b25657bd16739036,0.004177810870588574
ck_bd26d2bef14a8597,0.0068625088179856495
ck_a553418f2fba1440,0.011524316899180157
ck_89f3e380b0686963,0.003392733997694911
ck_b359192aa659bdce,0.021374944169445634
ck_02241f3dc301bebf,0.006977748778005259
ck_5ccc1a1c78cb33ee,0.10954611574345084
ck_349cc5edda1b8853,0.01758300483612336
ck_e9f228845bf6e28b,0.05761787018713485
ck_0a45d033d4e280ea,0.03975802473546117
ck_7e63168dda612235,0.002145281721253165
ck_676fa5f6aae5475b,0.006795326594830728
ck_74b502b20690ccfe,0.004710262282184602
ck_073509af21dd7f5f,0.31471175200414037
ck_498a0acd450944d8,0.0008302573916792643
ck_7f15b50b29dead01,0.012227020702335323
ck_8089fe7403c5f537,0.010591323081018728
ck_05b2b04e11d9ae9c,0.013353792260845791
ck_31e70f2f04b48b88,0.0012766253539277096
ck_994316fa5a02b319,0.0007788977457392442
ck_b76510998b9a2260,0.018519730231584527
ck_4db95c310e105d30,0.0029655478454291596
ck_6f730b77dc6cdb84,0.007886673745303717
ck_2493ee8e7b91d304,0.0718123685174616
ck_92d679d6ac7dcdcb,0.1305103549425885
ck_3a0e0200cbb185cb,0.03200414244343524
ck_0b2eeb4e00ff7955,0.018131019428531587
ck_9843d0e61c37ebe8,0.9982307410730322
ck_e61c8721e3ef1921,0.014372704085889903
ck_2e0eedaaf2980c2c,0.014927552911632967
ck_9036b2e5e9298a34,0.009516176681106426
ck_3265442528d51728,0.01778758406534323
ck_f2ddae2eb1cb29b4,0.003323032634181523
ck_6cfa71d27fc27f92,0.009355537828908146
ck_f3199fbe84a28b9a,0.06332013427093965
ck_b78d785ca3ef773a,0.0022364287216034393
ck_374865697f1480eb,0.025558088900959643
ck_06d0e4a9189302a9,0.009392205495610761
ck_9c9884b9bcaa552e,0.2151241619302089
ck_fd4cf578e87703ff,0.01333862654601786
ck_1917ef3e6e345549,0.06701813106649603
ck_e70418b00cbbbac9,0.07844924659138419
ck_a60388296a47062c,0.015819687909248557
ck_d598fe8d2c779ab9,0.010016468323749302
ck_646dc03de4c31803,0.888683941502797
ck_e4fd8cbd842b6993,0.0014638175444057916
ck_2225b555aa2a42ed,0.06078821138558737
ck_6be8ae9d78148882,0.004938577180076131
ck_4199342d3aca74e8,0.03236185042984335
ck_779581adb573261f,0.0048306335709088115
ck_bb303568b6915205,0.13591766564100372
ck_17c4296276448afe,0.004072769510457485
ck_a60a61ac829252a0,0.004070678018419946
ck_6ea70950c1cae00b,0.8844790110448458
ck_1abb93f6924645e1,0.028184155994876857
ck_faab769cce19879a,0.08899784283162503
ck_d5b8e74e7ca6355a,0.030563073052205927
ck_f11f7691af16ad07,0.002756538360172159
ck_188fdf2be7c92e9d,0.9986454476867422
ck_4a103f8254b366f7,0.005709593757677212
ck_bfa17a0b1760e616,0.0008114356927995687
ck_a4d7f6a5869d440a,0.9877453472297075
ck_58e20f5a3e7f11b8,0.8684940159610188
ck_4becdd3d2696c7ba,0.014675522299519428
ck_dad5cf32ab9f243f,0.002610254636124214
ck_7d9f73dc7c4f90c3,0.10134258884270789
ck_c19371047a2d011d,0.002896430065062116
ck_247589ff532f7aa8,0.004156786212717056
ck_7a9f241d5f082567,0.0014536729461369013
ck_0a2b7078736b4dda,0.007405795477442155
ck_687b412e2aac7eb6,0.037870630611779955
ck_fce0b6855886a0b8,0.0076669845789750736
ck_e291cc60920456d0,0.06758168699988644
ck_04219a7ea798db51,0.013502136403106163
ck_286bfd719836e9f3,0.15508352993077
ck_55efc92394fee232,0.008934332670518212
ck_e36c8da1bd359960,0.01764854371543383
ck_34b0988a97d96902,0.008322901676060618
ck_e0fb11fc9dcb34e6,0.004556255418377078
ck_bcc9cbc9ed8b7c31,0.015906063116781683
ck_3df8da6f60a89a5b,0.01150479400006839
ck_b1495ee5c59a6b28,0.010923928998760036
ck_58f4c3ac61fda129,0.0339123386278524
ck_735f244b99e3aa8d,0.004298155808933091
ck_6b93bd8abf87b1d6,0.8736084648094331
ck_12107dacc6d05bd1,0.0028872132134306616
ck_f96db2a1f3448d1f,0.027592464640169376
ck_8fd91a3c99e19097,0.014345888320063662
ck_910205d25388a0ae,0.0009128414355262471
ck_d229dfa0e4442628,0.00045100098651231803
ck_7cdec61e1c488798,0.05573043501163542
ck_f66f06e24ff32671,0.016435102845063467
ck_350bf14e90b503f5,0.016879412658312498
ck_61fff5fdaadd394b,0.003397929172079372
ck_e934f984bad2ff91,0.7335268287241071
ck_ff6a6d3547dd2d37,0.013221215361262794
ck_65ad9b15979e3247,0.007143815191239753
ck_bbe1a2ea5a403ad8,0.7313552489319239
ck_6f3a28eecd2c4031,0.011201469103430771
ck_a89b66665714058f,0.010870185757427457
ck_918c92182b6817cd,0.019763857330049792
ck_64f5eb4be9e7b8fa,0.04704869186594007
ck_d021fd497ea35fb2,0.010662526909733475
ck_004de16f7d8a42ae,0.017877198427353858
ck_a33d2325f86ab12d,0.004812061605350204
ck_89790ff26c844bc6,0.0042271977705811105
ck_e6e7257377c37b28,0.06725295834120967
ck_a2cc3910a641a808,0.4148817840938042
ck_646e270e0195bf05,0.011050193902314428
ck_baba5d66def0d770,0.1988807878974965
ck_67cdcdda3033842d,0.08737785714964903
ck_b5c3075c811a2216,0.02658564179029359
ck_515379973a8044b8,0.007991195913884922
ck_c0ce85fb4109567d,0.01372666479834934
ck_fef850553862aaca,0.003853335160057966
ck_55d7217b0aff9fa2,0.005042844618994112
ck_8e139f8925ef7968,0.015752793451607537
ck_9e35b908fca1e4d7,0.0008535374299917276
ck_59735f4ab2ad3da5,0.0290169245117304
ck_dc569c1167ccec0d,0.7430582068794088
ck_1dade5592f90a15c,0.05284626787866868
ck_793048d11fb8b328,0.22821054500066584
ck_545b71eb4fa594b5,0.002589591531596787
ck_bd30853e9a57b544,0.019078296024185426
ck_59f46321ecf6d306,0.008141942865786922
ck_260cfe9141d249f1,0.09988222086438818
ck_3365a0ad1a8aa83c,0.0023829307976528545
ck_b0ef193195a2138b,0.002474683302577229
ck_0f909705e2e60f2f,0.0009135186254727361
ck_5a540b75c866166a,0.046015491153601325
ck_87c26b2f41025109,0.9908185144560057
ck_27acc9f320cda104,0.19332479514808418
ck_a27bc31eecd9cb9a,0.008123122613444798
ck_115d86fabde77b65,0.0015782808940013968
ck_eeca179341d56f8a,0.7185045624449237
ck_8e5999c436cf037e,0.0014444046587396423
ck_510e7c5df1f95d90,0.9972335714411245
ck_f1acf73363925958,0.07256143088185371
ck_3c177f5970b68bd3,0.020278711718586195
ck_9cdfaa1c30cc9d32,0.000985862898984405
ck_c8efa1538b37c359,0.003707599782017586
ck_a8a2e296f9804bd7,0.013427868657747075
ck_91a0ca45f429568d,0.020251325320355267
ck_5fdf8a0bdbd3ed62,0.008256528916842566
ck_0f4e2ec66d50da5f,0.0026369817841879564
ck_28c53b214b2ee882,0.19002251546414967
ck_003148504557f720,0.08238992861198599
ck_01d840cffb870615,0.539989944203795
ck_555848d51f4b5f35,0.016382484386518837
ck_df20cc23b8fb8e22,0.022305336850107122
ck_f9604adde929beff,0.007116915336308083
ck_d66952b03591bdec,0.004832937647640366
ck_ddcac1ab765ff61a,0.010232498284956653
ck_347386629d96c664,0.01142132412215857
ck_ab01db9117acfe3d,0.010557646061206983
ck_58e5359efc52e0ad,0.003914364596293936
ck_1a524b5cc8da71b3,0.08438066047720855
ck_e9287b6d909d731f,0.00610398468633626
ck_bb41a66e3d90263b,0.22281233801842615
ck_e95c8cc1864bd584,0.0013422268747468522
ck_7a3f2961e9a8b6dc,0.009744978632561331
ck_378a9df82b1e0bee,0.25877900086189604
ck_42633573639a3f02,0.9889240763268659
ck_2a5a4c18c2c7274b,0.006784759745224227
ck_77549c1a41f837c3,0.017611890346415054
ck_a26704b5b26258b7,0.019094767345418904
ck_9874ad160efddf50,0.004437630025256424
ck_9111e3a04b14dfba,0.048463700852063626
ck_651e076ee43aea85,0.0021048561569029334
ck_391639c0f13932f3,0.0014717801025039467
ck_02dbabda93c8c13d,0.0061011012572911635
ck_0adcb1fffcb0a34b,0.03297957827807615
ck_7a43ef9c7b1c67b5,0.002631897192940968
ck_4b9dd69946438d0b,0.012340342585343115
ck_90bf017cdd37b66e,0.03324288688252656
ck_61c74163eb36556e,0.01163861389823933
ck_13376c59b5bd6943,0.0020928895576167064
ck_62337eccb1672737,0.007102547805110599
ck_16077934338472bf,0.0013538114416079606
ck_0d4dfd93086e7330,0.013595521208969672
ck_3865b7525b910893,0.02368790889573179
ck_7e2ae8b69ebd5675,0.010834671050669898
ck_b4384b6c11766ce7,0.004110362877782019
ck_3d7fa32dfb9fc692,0.06234301847714089
ck_f4a6a7cadd6e0603,0.12754207732945683
ck_212525e2828a6c45,0.02285878622515445
ck_33ad8d53394ba77a,0.4835224108194034
ck_a5051eafe8b51224,0.0029474877996610543
ck_f65e5ff7da565f91,0.00312322189000521
ck_5c37f7563fa7591d,0.00799021048129754
ck_f1e0a006068aff29,0.00999110837243511
ck_c646cdead6fb79d0,0.002829190588456585
ck_f8b3cdffef535330,0.15631857505085733
ck_e5cdbe3aa12c97f6,0.0026133965742133644
ck_986e4e61440506d0,0.018665392368121442
ck_6da9c5912e15d9a8,0.0030868475948345546
ck_51d842e6dae74c71,0.009211725810066441
ck_5fc65c24e0736d5d,0.9370671959656406
ck_babb95a76c69509d,0.012541498518778543
ck_86a2d852a9715432,0.07600924155610467
ck_db4083a0d043def8,0.20173333459289036
ck_96953b8945b7d403,0.003916778691455599
ck_7831ca5c31fb3859,0.0731200330057401
ck_60ac5e5f375daa38,0.0035947041932848102
ck_05d44eb1f5f085ce,0.018541581103741215
ck_432cc19c7eeaa46e,0.04378600647316645
ck_7fc513033af061af,0.030529883676662647
ck_ada6ede84c111719,0.02378281095450601
ck_6343e0d3b1c2962b,0.02360166358270563
ck_010264ae04f2e902,0.04129814251175341
ck_e9dcf535f8c289eb,0.08169380431943686
ck_37143d9cc296e6fa,0.01965659718093442
ck_61fa051192f3e810,0.05775373031614875
ck_f9f93d1d41be1468,0.9157584131918642
ck_c4f4f28457be8a74,0.0008056101845943527
ck_323a71f9452d21cb,0.5744424899083705
ck_170f4688e0acd875,0.08379937001953562
ck_869b1878d09d230d,0.2492591615352177
ck_2f6b33bf46976229,0.002663876759327134
ck_b11e22e75d9b99de,0.0008257082079360799
ck_123d75ffb75b606d,0.004851871007826278
ck_94295287a04c85d2,0.1466225818672316
ck_1b0434f096795328,0.002103695050260296
ck_0a4e191cd0a57ce1,0.002405433134883681
ck_d2fbd0df99634676,0.03621767124532579
ck_d51df5e9fbbbcc94,0.03938859657145352
ck_2d3d7d64a6f443f8,0.0088023051889211
ck_731943c682c9394e,0.011004610870901413
ck_5ccc0c94e5e1f849,0.008472450253474552
ck_c3476080516db25d,0.01765639453908659
ck_5010ffb1c94187b5,0.0012027233932889862
ck_7ef666d67bc70223,0.022838322419123626
ck_c1b493527224a27a,0.0012351358170764038
ck_5d1e25d7acc5af9a,0.006965498175672749
ck_ec30b61cbf517db8,0.0019508064316099707
ck_79323eb5d2e5efae,0.0021120623235994693
ck_4085cd3bf2661518,0.015865209812643173
ck_2ca91214c357c072,0.12905292251239409
ck_7f3132d6be389657,0.0948292719049259
ck_e7a6b925c8f39a85,0.03018036959194687
ck_c886adec7bac250a,0.014883385443108355
ck_c3f360c2d0ea0a37,0.014564989323890698
ck_a7acd5b015823793,0.014889381552428528
ck_9d64187c0800f84e,0.012798903398005027
ck_5d4ed73b9efd7d11,0.0063946449408025996
ck_874eca6776b34dec,0.0037813732735606127
ck_96a9221a87be93c3,0.022262174664448398
ck_68dd79a51eabf5e6,0.04339103844890438
ck_8311cb6755b2016c,0.0026202077914724196
ck_16fc77b2bcf5ec03,0.9618836084014745
ck_ad9e2088a33c8c72,0.0006306704391131173
ck_7176bbc97b1e42a1,0.003397442747940312
ck_80dfa54b30f65fff,0.7572158220888588
ck_31c54d540b128843,0.004129679399522876
ck_43ea894480567274,0.014939486028570004
ck_9c9e8a38bd5a6c88,0.022076689698777727
ck_1c2dcae19539e148,0.2115469032789274
ck_b0fa8b84e94d8ae0,0.01432839263205149
ck_4ceb43ccd0a81c2f,0.010821787373391747
ck_ba845332b730b596,0.0036435968743332337
ck_73d3e8c6077f61e6,0.10220781157752083
ck_b5d0d223ef56473f,0.008685025182505211
ck_949f08f8e80e93ea,0.0010847915451161533
ck_73de0b49709e5f8c,0.005804032497872469
ck_b5935e9722a39819,0.04780906403355141
ck_96247fee0eb44420,0.002665902940868551
ck_a6def1e4b2d57e0d,0.03358847124269367
ck_aecdc5a96321a2d8,0.012119268509399218
ck_bc61c59970f8de49,0.04601199038860805
ck_c43b4175fc9ac5bd,0.7330740537181507
ck_8ff7a9b23a55fd62,0.011125971636438312
ck_20c99b645f462449,0.002361587808228759
ck_a5ce2ae36fb410d9,0.0010611849078951423
ck_96fb9bf556842bbc,0.006104535253166331
ck_b5e4c6dbbed1b773,0.017102104194963268
ck_2085433978e72ea9,0.09567519289973316
ck_2c6b174b063ec637,0.007632151761460362
ck_b20b81b88dabe28d,0.004428284544092721
ck_243c18dbf150831c,0.002128191209963421
ck_2bb6a17e8eee35cc,0.02539540522173514
ck_66147fb994495396,0.025108064692822625
ck_73f124f075ede0fc,0.010935261601891672
ck_2e315f1b1e533dab,0.0033622362369911153
ck_16c7bf94ed3e7a6f,0.0009037709304530575
ck_4a0eae220a762ac5,0.01716304089676509
ck_dc16f939c2f44ad8,0.10138101968534233
ck_817926b449754917,0.010334209267730649
ck_0c0dde42ab64ef87,0.01422781742817494
ck_cb3a40594da6a2ee,0.08942452103475722
ck_d0dc156441fcfdcb,0.02456335459966338
ck_66f0945add423e9e,0.009369262118717619
ck_a74f6a3030f5d495,0.014461693853965884
ck_1ae460f331e49ae2,0.019245221172374725
ck_2d177b2f4f0b40c9,0.07957669444185185
ck_92e474e4368c4791,0.01295749913267631
ck_3dee83fa2d109484,0.0014957457101315416
ck_80e5ea27848069fe,0.008575937899310958
ck_ed0c4a83701ca230,0.019958679838281652
ck_0b8b7c5c581fd161,0.00037661173243662085
ck_60bf8a2870956fb1,0.008789096822976586
ck_73a54b56a2bf35fe,0.9310738352500073
ck_2296d7a563424883,0.014108048578137609
ck_bc19c383560c7477,0.010824620410918638
ck_861d8e3d88f1079e,0.047997983816919144
ck_3f090fc96c24eb28,0.0032854216401341594
ck_9a6a1f8102febfca,0.0281641245685937
ck_541b6ad5d2fa5a39,0.014718759918893497
ck_a760d38d1bc4de97,0.0013029854787939103
ck_7dca4d7ee10b4eeb,0.0015482193788649073
ck_15220e78d1545e40,0.011508320745814586
ck_ca24bb0de508efb0,0.0029458565030143747
ck_56b389627d8f02c5,0.9975258090127718
ck_48a6754977a44db0,0.003457896895083918
ck_333a43ec339a04cb,0.07599734277552289
ck_f22aacaf86a65d7e,0.009851036645082363
ck_04bd8a1ffaf3ffd8,0.002155799985526759
ck_2737a72de6b700f3,0.028182467735554124
ck_c35e03b0dd0c3454,0.008575196424550584
ck_e0571312f395cd94,0.008710383947269437
ck_09fab6b9825001b2,0.0043739541286702205
ck_18c3a095606209e8,0.021571920623402806
ck_2a97db9377d01e36,0.0036455134487122114
ck_f29dbbfdd2786bd1,0.0073944374007853045
ck_35d6c510ad29362e,0.15303485155864013
ck_5468fa99c945d785,0.017278301246331715
ck_6f8102f62c876cc9,0.06443736588696776
ck_91955aab3424ad16,0.0022329954491394134
ck_9a43c0c73a39d759,0.05266976231291452
ck_60b023af6d1e30bf,0.5559081158295742
ck_9704c5cf8659cedc,0.02053570220965608
ck_7e5f02b51b9f78bf,0.07619989990629164
ck_7d3a88d1aa649708,0.9168321110919604
ck_8250eddc1ecb07a0,0.022508611200863542
ck_d979ef95ee44023d,0.02530982022002797
ck_5e5461dac83531ac,0.01641658176440209
ck_d1bb8890081e0a31,0.01757841139426484
ck_32246c62640648d9,0.0016508159986386003
ck_77a40c7d2f862a32,0.03368586563545186
ck_1c8b94efe9238f5b,0.000966417950270922
ck_eaf3b6d11bc3cb11,0.004104474598821615
ck_a4a7ef3ad799c380,0.016687789112701207
ck_d5bd8f68da073cd8,0.008074533263435813
ck_6e6258227fc8db7f,0.001183196287746154
ck_c35d444e05799db6,0.005350857961937019
ck_74665e1209140ae8,0.02180441831091513
ck_353a272478f7e903,0.0034770482073665765
ck_a2c9796ea229a4e2,0.0018351990419642834
ck_e0171f91cb3411fe,0.03644521394407287
ck_703499f5410280f7,0.001132348327184292
ck_ae3a763997f8f385,0.08572169366440491
ck_f7ff94c3df5ac874,0.020658575519369574
ck_f3c16d8f747db046,0.025601374775514343
ck_7ef019ed77276496,0.0015349756220253614
ck_d6a4faadab58a3de,0.00716010824650842
ck_ba7b78d31d74c794,0.01859300453851436
ck_36287d063350ce9d,0.00243693582373075
ck_5177fc7137ff26ce,0.0027372998611278074
ck_dfd4e79aaa967b63,0.014489020043913394
ck_fb44d15fb93a7157,0.048323846596137414
ck_fca478361870a4ca,0.005480628070599704
ck_e57b94fe57341058,0.021613538009586934
ck_5448c946cc4758fe,0.007795621382176841
ck_c5ece5ffb8800ad4,0.009730779781043395
ck_11cb98211b2ed134,0.9260538291222751
ck_f655399ac75c4450,0.012144833133775564
ck_c817259019588d30,0.020734238103263632
ck_8740a14d8096c6e1,0.009304051598741639
ck_0c5ba86f4e05b38d,0.0072193964550823254
ck_ccc917533d4b73d4,0.007157335633788639
ck_9eb80edfa43203de,0.004008064115364806
ck_d1a1cf4cf61d6801,0.035273930838856805
ck_b17c239f160e6017,0.0126397361994464
ck_410c3e13b48e0415,0.0013239459635527165
ck_ab553954435e8854,0.9528153904682382
ck_bdbb4230c91e1604,0.07176167147259155
ck_8fd4937eadd64fb6,0.004337299723311136
ck_e0e90b196bef3c11,0.0008727282185842179
ck_3dc4d464386f0eb2,0.08132862803176003
ck_51bbbf8f8e8ad005,0.997408399601696
ck_c05737ab74cf03c6,0.1367808874723421
ck_dceabbe04d99afc2,0.0011064072651661761
ck_5b86fd14e85bc9c7,0.6677184077690715
ck_d4febf0083800424,0.004727039674538016
ck_77d9f86dcf251739,0.006623121823935295
ck_b4dcebc543deaafb,0.007743335424253803
ck_cb856e75c949b0cc,0.00047434384338362797
ck_61b067de8ffc1ca1,0.04566394874574373
ck_c0e8560ccfd9dd9d,0.013310198064900917
ck_173e1198c341087b,0.0029629558581037983
ck_b4d55bc809000276,0.026769883511540145
ck_839bf139296b5cea,0.01547179585535555
ck_78cd402a2a4f2e35,0.001214750506918356
ck_c2925c50ebacbdba,0.0028385074116026522
ck_5e3bc76eddbdb0a6,0.0013988736494913922
ck_b7793edca26fc512,0.006106071492751357
ck_d79bdf04d6f31cd5,0.006331300702325321
ck_4b97d19ed946f503,0.022691393737403993
ck_37139b41c5370523,0.06358240248489774
ck_8c346eeefa9ce692,0.028871603250219095
ck_2ab7eddee2d8c49e,0.0014911840125240697
ck_29da59ea3bffb9d8,0.20556337442246886
ck_c1d05ef0ec6e4be7,0.003730460619478767
ck_3882423b449f6291,0.913149364355757
ck_5647030283171ed5,0.8215060229395914
ck_efbdcd9c181e72ca,0.014334447222698716
ck_192fdad892782daf,0.06069650912036492
ck_0bf2e13b9f2601ac,0.029632884914058813
ck_3d6046a533057795,0.007652421414103314
ck_279a1d3a3836e5cc,0.0473852919900008
ck_c375e929becde422,0.01345819503642789
ck_a59e90219939a1f0,0.0066213582601208935
ck_4e9fba1ec54c3ff8,0.014301170927188871
ck_bcbd8588a13f5eef,0.0012734314706924251
ck_5f9a7ff990341bdd,0.005660234305948266
ck_e0403d507519b7d2,0.008967106482040538
ck_c9490cb61aff5112,0.013667096956218996
ck_41dd44308e6a665a,0.12169515368262644
ck_76c23726cd7ca947,0.0030656129180289464
ck_9be551300209fa83,0.007464976406387413
ck_a98848eec6c9581e,0.1939326957897127
ck_61176dafb33b2d8a,0.8876421815978568
ck_92de019e05971ce3,0.00779364095578843
ck_5d644224135d7c65,0.004219393595323582
ck_c767fc454fa215d0,0.002379770033161424
ck_5df85a8924e11f27,0.030735024248873827
ck_da2729307af06ed5,0.012924917625862266
ck_7c6b577174af7a78,0.010453573908059116
ck_893b8afbe11301e1,0.003376401330739422
ck_e06f6fed020ae014,0.04001036982222049
ck_386680372fb54857,0.006473063301337604
ck_7a7f3c4fe0c9d2ca,0.00747732945027438
ck_f908b527c4db422d,0.030834281094945157
ck_ec2eee6a133e9a6f,0.05742020724227881
ck_d98934f9fe0b02b3,0.0011886885374614512
ck_398a1ed77b0130e5,0.005803278828084221
ck_d960af7a55b892b1,0.008429626278938588
ck_4637e54a9f79e2e7,0.00242391300363207
ck_02b9f418524f6650,0.007467502607131279
ck_d4b23804cebb045d,0.012939037111667157
ck_35b1939c48182a9a,0.014481900256158283
ck_2dcbb71e39d64305,0.06508800081596886
ck_47a884dec960ff2d,0.01183553254125723
ck_71fd8c346fde5cca,0.12876349756862837
ck_98e1992ac8e7d2de,0.03715114390436343
ck_ae7780327e210522,0.024688535861654825
ck_e6c584b4b1ad6d9d,0.008047396663291852
ck_344b2e326a6c3dcc,0.002477184618634916
ck_9aa899a5230b0963,0.033002231591752
ck_e48d14d5b70ef5aa,0.0036049586662505245
ck_59d380a0973b3951,0.005517412321347262
ck_11318f7c041a5ba9,0.009608537338914014
ck_7061786fe2f22f5a,0.03432414140454772
ck_e77529651c416cf7,0.020976393400520568
ck_7f79878197340435,0.00654261646656946
ck_b0a0fb0ee9ebf106,0.005149601327907296
ck_70c7679199776a90,0.013673556623444919
ck_b9facd2210daca5c,0.06526619710302524
ck_9949f53c155b8dde,0.007650050887480968
ck_1c607e24f2c4397a,0.05690667838769672
ck_aefd1ce3ce093cbd,0.0009004236589196316
ck_5a29b7018e43280c,0.0006410483169250995
ck_69eb0b2ccfbe5f95,0.02208845080002049
ck_fe037765aa465c58,0.004958103225398471
ck_5e512ef5362a3dd6,0.010610350104315618
ck_544a9e80b7fdc279,0.0022527976779749144
ck_7825494e654d5695,0.07159551958969146
ck_f1f2c3c623553f0d,0.0005349540071041832
ck_52730906e5b461eb,0.7444624015615463
ck_01e0689157fe9617,0.2987952873447704
ck_9da82e567074da9d,0.01836435081700121
ck_6a17384072f904c0,0.005243514654113858
ck_8d84d771a21942a7,0.0014166210924138373
ck_39638880292782a7,0.018816680967559916
ck_7d51c86e0eec72ac,0.02340151678129129
ck_45f4c821c70d134f,0.7209226911994652
ck_0af3c13ba56ce57c,0.002244240265581878
ck_0789a05e061b2784,0.29034906712388703
ck_6ba091eb42ffa9fb,0.11562388942764601
ck_265accb3c5c32620,0.0378687002638882
ck_179039559ff7566c,0.027622926080640802
ck_17c0a6a92b5765cf,0.006521767147669609
ck_59371c9140239fd7,0.011494895404566203
ck_f9c4f8b4ce2691f0,0.018587763478287177
ck_a2637e4872cf4811,0.15072990934849106
ck_1de43fd6c6c22a5f,0.04496465782458141
ck_6e4f31bd108571f0,0.003335957762621815
ck_da06d97db0b18851,0.0008599442551568501
ck_e0346d5081e640e8,0.02717956471210588
ck_c1c7d4e62c9fcded,0.1313502229793831
ck_2595669e421299f6,0.019410931341148904
ck_3b6057d51fd4c7d6,0.003376787159938593
ck_c5f8ab515840a0fe,0.011498288653895634
ck_435cb24538c6f77c,0.04481765238854899
ck_d84b5403da4cea7b,0.04212355753673831
ck_c2b61a98d1c8f6dd,0.852129969291545
ck_c9dcd92b2f836b61,0.16191962090603018
ck_9eb5b3f5f672c2b1,0.0008838180584192658
ck_e4cf189a8d31649a,0.003928813627013223
ck_6b114f2a48152b96,0.001648302469063971
ck_3fb95862b70f505c,0.017304156010517442
ck_7f780f465c29398e,0.0069589602042052995
ck_ee387f9da79e67ea,0.033127483003736406
ck_fa3b1e85d27af2ee,0.023715275665791048
ck_e739eaaa7a1822f2,0.02457263400733235
ck_dfa0ac11fcb1dabd,0.0028017198807864805
ck_6e8751b571ea54d1,0.028989135440530302
ck_2d695f8358383092,0.049289600282871035
ck_e7dce27edb700f27,0.012905989365822807
ck_e322da8b213eab52,0.0026447163006956833
ck_d0b32e039abb8200,0.0009988717701822673
ck_b354003302b272ca,0.010484311566041538
ck_f7485cba392bc294,0.20405016777022195
ck_d6a290ff8362c7b9,0.14662732376892043
ck_c56a44fe315c0389,0.0065519534924501684
ck_f77dfe6512eae322,0.008967489062251598
ck_35fe969c58b9e70b,0.07944089484150661
ck_4c518637db2322d5,0.04718312405562813
ck_cb61902798ecc4fd,0.054312163676092186
ck_56e6cfa32156a916,0.007834420761059894
ck_343e6ed2b9d35c01,0.009366735510935633
ck_51440f64f7250ad7,0.024012807552234977
ck_295bca29c34cfe2e,0.03005720553921473
ck_dd30558576b45e7b,0.0029795859658671964
ck_3a30132a57181fe3,0.018316967037974984
ck_4a733aeb833406f4,0.009075179931382234
ck_1b0b7c3d35ab1259,0.054698693961939514
ck_962c3bbf27cd4b80,0.0990775393054443
ck_9528e1d6b1707870,0.006169885004144881
ck_b3263e7f31aab45f,0.015444289927649886
ck_e69195a3c885053d,0.002397430788629865
ck_a907fa8795cd4baf,0.0029415321188688156
ck_205c3405045bd835,0.01047351009628271
ck_e81fc223bed3c46a,0.08132562112791462
ck_363751deae40edfb,0.09113169116546375
ck_6176baea8cbebbb6,0.008939092355215124
ck_633e6579f5c74a5c,0.40488815878494017
ck_ddc11fc481eef58d,0.013606577416832596
ck_e975002c979e12c7,0.09220412822077628
ck_8e039b23acaaac00,0.15488515352244947
ck_1d6990d94a4d2ad6,0.02237489449646081
ck_e7b583acaa3171a2,0.05773668481781958
ck_c0133f60d39b2fb5,0.01731410443759986
ck_7d6bff85e7a694bc,0.002628573899061652
ck_d305b4d82f63f647,0.0024584687900735683
ck_22bd0fc71f95e048,0.04464997972493804
ck_9a65fcfc7916f93f,0.000957427525546975
ck_d61c837b0106085a,0.024397996513606426
ck_be86a1db08dea456,0.010406237902880167
ck_90489c405e6886d8,0.002486955888358944
ck_0add2c321d579d75,0.05150134022013266
ck_482dea6eed92cbbc,0.005621605517516284
ck_c24b47184534cc2c,0.9882908008622088
ck_fa04ac31e596e7d6,0.0102205654878827
ck_084322dc5a3a86f0,0.0051018718187983885
ck_ccb72a33cc1877b7,0.010522256376924752
ck_afaf374009d3b248,0.01648788469624304
ck_b53084ffede19a8e,0.0008437432535218541
ck_4760216154c8cac2,0.4271024260424306
ck_37ad3a65db673e70,0.004992991861695827
ck_0c2932cc0d553694,0.01446829764710785
ck_86b853c52f20fef5,0.0020079544611912503
ck_38703b7546d35a80,0.018184455301219666
ck_218b7e6e6dbd2da0,0.002548863254703495
ck_402db4184982fdf5,0.009312000570129118
ck_f917c82af80e4a79,0.09482801232532641
ck_3c6417a233c68c73,0.06833805165463436
ck_98068c397d70dd3a,0.019367479347170043
ck_b1cbd6679c0f8d95,0.0035101181346953365
ck_9e962f9bb0e7bac2,0.02597410606265561
ck_b08247c3ad567d92,0.4044234425558611
ck_3ef7a03ebb81cfe3,0.0007636684078287262
ck_5d7ae0e3562e99bf,0.07205505813542068
ck_c91a628236baf91b,0.11986148016192237
ck_7f8e816ca51755e3,0.9613495561624993
ck_5aadd286d188f5c3,0.0040460291828719255
ck_a037aff5f8128c73,0.007108735454121626
ck_5df6529ce8290906,0.015843730987851162
ck_5f3609511443e5a8,0.00495686847110667
ck_a6f61864fac3c8fb,0.008120054852795561
ck_2733fc6ba23ae46e,0.061906430977875446
ck_22bfb9246646eb41,0.8455841264756746
ck_bfc2a57d8fd1610c,0.5255107507999904
ck_49839e761d0e74e9,0.010637430593172504
ck_aa4ba931dd37481d,0.005955662765409044
ck_2f9fa0d61829f815,0.016824599028393884
ck_5b82c774df10d49b,0.0007742743778983431
ck_411219470d0a195c,0.01588206039420323
ck_d07485ba10514a2d,0.29613585680940147
ck_219bef979ee21bdf,0.0010588384112676678
ck_eb1006e7285184a6,0.026402747637699415
ck_fd242b18575e3063,0.1247759986806835
ck_95188150ff059c70,0.02474968812927182
ck_a9ca2f447b984a6a,0.0419218414541023
ck_2dd39723c4088b64,0.013648059468395675
ck_aa2b4c662ff213b6,0.03428933912895201
ck_1867b1199c864db5,0.025272339436736523
ck_850ec97a5a0dab9a,0.012676489710767468
ck_562320295fa35875,0.004432428161797801
ck_bab5759b07fe2bea,0.0025361575754462265
ck_b9f1465d803e57b2,0.04729085348766747
ck_8f21f2690c32c691,0.03974262084904873
ck_df87d6f61a63eb21,0.004487247210779772
ck_770475876d0e7e6a,0.010403560516467231
ck_b4c014d5c0cc9eb2,0.004789141869350781
ck_3add4d23124c9290,0.0016086298424543603
ck_bce5b7fecfb6264d,0.12663018017539465
ck_604c17cb97dc89be,0.11012768550104265
ck_e52cbcd9aafd26b2,0.003640148760721433
ck_0ac9114076f5bf3d,0.010757502836817444
ck_dcc125b178b79566,0.0013048715813721485
ck_4e333c09f0c37dee,0.009233848620246348
ck_ff7e31ff8ba731e5,0.02113927027448263
ck_8d0532d24f1070d1,0.002303945240101641
ck_3689fa41748a6f6b,0.04630913809736751
ck_7509eb97c1948b16,0.011620147517995538
ck_a9161cf1ca22a6bf,0.005006893089865776
ck_bed3e3db135b782e,0.050732719336082734
ck_9040edd974ef8e3f,0.4161435873680711
ck_fac32d76ed40f683,0.02426280907420825
ck_3d7b1078e2d57c69,0.0014484791115968137
ck_dae09c4e074af5dd,0.02055805569583502
ck_fd84507228467b40,0.08388990326426357
ck_e2a2ce9b8cf44c63,0.005702766281739383
ck_cbe716f351d660d4,0.0053441781938216686
ck_cba4162ef29a6d27,0.023487846986668393
ck_4f1e962ff8a29732,0.00295972196386788
ck_39a81899dded61e4,0.0070292717915474735
ck_25382331551d22a5,0.06764812128096089
ck_6d64e1c07b19856e,0.01226722176142284
ck_165a868bdef28ad3,0.028031927509469493
ck_88774ae52e30e877,0.019913000841507277
ck_fc7a9d0643570053,0.0014509320411726459
ck_c2017120b3b88a46,0.008134943634672102
ck_d115ac6b9fd62a7e,0.004792404215375806
ck_439cf7d51ec7de0f,0.003096706390963286
ck_2468a7e9e68a0927,0.005595076130579775
ck_7c418947124dee8f,0.05969700092825312
ck_fb0cf32c4a56f740,0.009853926234251232
ck_694eb6c43193afd4,0.0032414317418383884
ck_993beb188dd4abb6,0.007920647537762286
ck_77fa39d3b733c226,0.10899520139616424
ck_49969a9abc47cb69,0.04237893550041826
ck_d3f44bbe2f7e9b2d,0.00958396594893565
ck_fcf5b8216d0c18ef,0.0053354254799987556
ck_daefe1e2d2bc362d,0.003747110059429267
ck_9c9287cb28950eb6,0.03823736494493072
ck_c1d1a625b885a975,0.022633760560399813
ck_71b37fe47490b4ba,0.002422479370774162
ck_5d16e257c0635f7e,0.526786023451195
ck_15918075563eb074,0.0014059463071305115
ck_9a15fdefc47e8d11,0.004362199716567479
ck_6f04d047d1dde75e,0.0009491449810139833
ck_1af2c0b3b8d202c1,0.00407268907261994
ck_174be2231c5fd2b6,0.0008449829739900434
ck_bb0713a2a1d65982,0.015818813271528377
ck_0daec63bd5b0729d,0.02390696603559677
ck_c0b5cc3e8ad2ff44,0.007450994310958944
ck_35bee1fc12664644,0.06046457385992595
ck_a1c7cf63467df4c2,0.0017365842723264184
ck_ecb1e15f0b185ceb,0.030099150890560474
ck_f280d31f54a4710a,0.1029327855745935
ck_30f4b2ee8abe1342,0.0310740768209339
ck_66bed631354de5b7,0.004064558097707017
ck_c2d3ecd7278eba2c,0.004162321097239624
ck_e901dec0e09eccbb,0.0013509976388562466
ck_5d038ecb3c8748a3,0.008547602511807964
ck_283c5bea94b21e80,0.002163358027066888
ck_7956c251b85f009e,0.6902985733546437
ck_9f5f81d771146aa1,0.0018639755548211679
ck_9323e6fc1e168eda,0.6688468585036111
ck_10495d3a635b8d69,0.01923835186503456
ck_1982d571cd36eb0c,0.007418011799570477
ck_4f5d7985bcc2eda4,0.00881394297386543
ck_7df526b2b4410bb4,0.051980570416704105
ck_dbb498b1a346a402,0.0010782183229879484
ck_ef059997563e3330,0.004781969229541476
ck_02ec4e06709e6b82,0.0007824915448990928
ck_9782c86ba6485f88,0.0035875570658516686
ck_d69de468b44143ca,0.006758263421204223
ck_6430a8792f400e0a,0.0008172428273979929
ck_8285bd3c90af94f6,0.03432111309489925
ck_985c9ca112000e9a,0.010893773261949376
ck_e679fbf4f4f4aa07,0.0018382987612246425
ck_016e8c8eaf9d511b,0.04116572692576534
ck_bc996c523944644b,0.06239376552800271
ck_5b8315726f6204e0,0.019456584788518836
ck_78181f8e998e442f,0.0018711868033496407
ck_71c68dfd011dbbbe,0.8385117503809875
ck_db32c95ce2b6f502,0.9127240149865578
ck_755010362a9b1bc4,0.0013600989858900947
ck_114141d85256c9ff,0.0006034518749820375
ck_9d1a5cf5a3b87e48,0.009549829462261144
ck_ab640420858ab5c4,0.14693784122679665
ck_97a8dac48dd62488,0.3609286888691659
ck_879cc3166fe1bada,0.0012500152974469765
ck_b0ed11080076e381,0.012008707921565467
ck_7334a9ec656263b2,0.004509277518860069
ck_6494f0ef13ce44d9,0.004839583948978436
ck_724e459b9ece38f4,0.05399337555267515
ck_7fd8b1470401695f,0.7039699293137376
ck_292f81186358b0fa,0.01982776463069697
ck_fa7de64d37287615,0.04120913156981255
ck_d00e09e66ed6458b,0.18103794811631474
ck_b8d210e741be186e,0.005237827961546514
ck_3db59982cbae4410,0.019581868300892737
ck_69887d0a9aaca6df,0.0009991620896938848
ck_4feb21e2fb0b3977,0.003647724683575077
ck_08c6cc1e143475e3,0.0026850456376673135
ck_fe6e168cdbb46b9a,0.06561587077631775
ck_07f1734be7fac56a,0.03357058158981674
ck_d66d59981307db93,0.07236712405223114
ck_f928dba0d587d7c1,0.00303772165332569
ck_786448fe3004cbd0,0.0014604509214355297
ck_29ea329fa40ace62,0.028007643262360632
ck_7ea52b6f27edcb73,0.036177602942736926
ck_18bc51bbf3ef198e,0.04032012163304087
ck_44950df09ff14ded,0.001235024048019986
ck_c1466b52c0a10b93,0.03778494389070817
ck_6cdac067cc4db5c5,0.029645600036244536
ck_53f55c6e8cf2d432,0.0029143720378833615
ck_95945f48453ca532,0.028275625252838277
ck_87cce4126e215153,0.008294960368425051
ck_1ecd5516c92caa4f,0.002082224410827738
ck_819b482bca14c068,0.15197675319818327
ck_a61a879dd46fc9f2,0.005317306688766312
ck_af70aa32c009c3c9,0.02630964169711856
ck_f4fe78e249092ab1,0.014127332689522746
ck_12c46bc52bf45b36,0.016427677996099475
ck_f05f5e4b40afa52f,0.052094937995267585
ck_0f8cb09d3f4fc980,0.14528170045067404
ck_80a64a7f0275a71d,0.004084255840749979
ck_683af7b1540a0b22,0.02231368332861626
ck_51fe0b613c076cbe,0.0036303794950276434
ck_da1a2450219dcf19,0.038718667006436995
ck_2a7eba01ceba6c2c,0.04392903042225529
ck_4e329e29dfa743ea,0.21578712454346954
ck_0274d881d6db82c8,0.002847464777917718
ck_0af5b7d128035b35,0.005362254526306441
ck_ae0a7be6b0a0ea68,0.021592251069125212
ck_de5bb7a4d091386d,0.35379482943092755
ck_2bb7c17168a9d17d,0.004919299211676949
ck_0ffdff7b2f5fdfe4,0.007759528460936949
ck_718a8390b3d42d7d,0.0050342457125746405
ck_7c4f12d70f184533,0.001453042587250682
ck_d3e2c26b8adff099,0.0143699619612742
ck_ac9d3d9754104cf0,0.000761105517584308
ck_3b1766a1d51f8f0e,0.2877521848463933
ck_a9bf75bea912027b,0.020615652148549234
ck_687eab3ffe1f8cfa,0.04678401006559505
ck_25dd0b02af5b2f37,0.05231642203134484
ck_1747fcc466f0ae38,0.0009891604090993041
ck_f6e9d14dfb6f3c28,0.02228243867891822
ck_c6a7bbd0adc4d5f3,0.03755788891321678
ck_46656a23f4456d22,0.5909899718077275
ck_7519260415c2998e,0.02349463493540132
ck_754f30ea19df857c,0.014341626553537965
ck_ba88a244d5f7380f,0.013861610692977885
ck_f268416945316815,0.009171025605883398
ck_21860dd2159dff28,0.005406665305282553
ck_7a86ef4e2beaec38,0.0011863113575093856
ck_0414507baeea936a,0.01178975903774409
ck_60796eb60fc3043e,0.0026147247149677735
ck_1e0841ed17fe0562,0.005830154336002205
ck_0d641d32658d6e0f,0.0031493217874233852
ck_b36086ae6d87eec1,0.008092653031426887
ck_962e65ab33b5c311,0.9039151032102193
ck_b046a42684468e63,0.00994760095316567
ck_ab3426435b0017d6,0.05089107417488639
ck_fcfe06e44d09a344,0.015928568129961577
ck_0f6d916c92189516,0.05603325805315275
ck_d4c8f0d957c3965d,0.03381201536790364
ck_2ca83dbd728af019,0.003434428512409082
ck_2857a4ce9f72fbfa,0.004652356263116605
ck_a60e6edc48e3d0ac,0.5952757615210026
ck_0cbd3b27063d4415,0.037896159626213635
ck_612089ec90c37219,0.01512617414367976
ck_ec4e597f17f473c6,0.003535509070160009
ck_1c93cc58f314bf71,0.010189493796734433
ck_2b359a979520276e,0.002890843752587521
ck_1496568ddc3b2d56,0.013843200307509835
ck_41d91dc9f5063566,0.023702372491901658
ck_4c5ff58afe3d7a67,0.0033453074494614455
ck_81709736281fa3eb,0.0011968670747453608
ck_d89abbab3d4957aa,0.008406247055524155
ck_52453401f88935da,0.05178319181314377
ck_a477654d34783e06,0.0020918312822553894
ck_72dd0dbdf808cb00,0.018591463387740245
ck_c183dff3781746cb,0.07704263366202534
ck_c8b7f241810b45e5,0.0006907483024127994
ck_f88028c3f306bc70,0.040675538045839545
ck_91d48d69e4f5d9c2,0.004619455685994351
ck_b74b9ba6d7c9aab7,0.11218657608841907
ck_03e904682dc73bba,0.008083106227206713
ck_fc6fed6ea96a004a,0.012869190457391235
ck_51efdd240e34c642,0.04358922907688799
ck_e78ab4ff52b5fd2d,0.020005419764558902
ck_4af7b97c24d89a45,0.01003002199684288
ck_295c0072eca7f7a2,0.006934130106583204
ck_8abd1a50a9227463,0.03392776047052235
ck_ecaa6f13304e3dc5,0.00179257594115958
ck_de436e7b319be1fa,0.9934430312815968
ck_c802cf8f61466027,0.0014387293242487502
ck_3d83e0a3c1cfbf8b,0.006230997202724937
ck_28d2003c2d16e4b6,0.002461464598911222
ck_8ddaf745bbb9cd62,0.0018601741271905327
ck_493b6256091014cd,0.030766740235136283
ck_a2245822cfea997d,0.0015567791473351605
ck_f7305b3c64cf8a03,0.06238837747891632
ck_9937dad93a0ed3c1,0.005642305724474304
ck_d654449f9231ad76,0.004744601286515883
ck_850e2b59bc535490,0.04079660992867361
ck_e55e5bdfc0242aef,0.030044709232005227
ck_d35c51e981b98c5c,0.00645317295978279
ck_27cdf9c5e6f0915b,0.012020007490765011
ck_d328db1e1052d820,0.025333050827288744
ck_0ea30eff5f361cba,0.013066156260741014
ck_9994323f97109f4b,0.984605738243151
ck_09054e97bdf9624e,0.0017506419296696512
ck_723b4afc388113c8,0.0042306641519263355
ck_588f6e6a6a6d93e8,0.013018474159472895
ck_e1d563fab4d6116a,0.010950602515325009
ck_53aca610e20598bc,0.0053511491358370225
ck_c8131ddc7ed33448,0.00512781101498908
ck_899f88464305824a,0.028418575354698106
ck_1c17c65804f8889e,0.004190541268179413
ck_45a16ce12893cf9b,0.019100787455983127
ck_f9d481aa4f9b2808,0.7075658509171653
ck_1d5d74169cf892ef,0.04939178373341866
ck_aba32acb61c1aaca,0.021327292267025507
ck_ec4dd3675a8d28cc,0.015233910079168451
ck_5dcd443fe0bbdeac,0.0016363871584322573
ck_3a47e3f54475e854,0.003002987981658641
ck_a9aa5c344c315532,0.010396642237412693
ck_9652283c9f61fcec,0.0010738421595624934
ck_752dd3d2487f78ea,0.006257329111186304
ck_a821980ac4db9943,0.14740097355742507
ck_93e0d6befb67f7a1,0.018919463655925173
ck_e7a3881c3e36bd51,0.27628674222335614
ck_12631b78f8a03df2,0.0019975535668968845
ck_57b8226610b48854,0.01210040119823135
ck_352657008983fd4b,0.016111679947805553
ck_0841a5c24fd3dd28,0.09735201565868158
ck_db9b9d5d30f74070,0.021805211336132026
ck_a9dded7f6294e44f,0.08712716967546162
ck_91a16336ce3217dc,0.013524239292948765
ck_371bd9388b287677,0.001675742224394162
ck_f285e5e1912a7c62,0.004111981645740646
ck_368b65fca69fc415,0.04633939175103418
ck_d27a73596b6500c2,0.019115465251892515
ck_2d963f9b2c4d11e1,0.031392587500263296
ck_7c500e219af39486,0.013390997508570757
ck_7d025dea5951cba7,0.011770244071387746
ck_32f632706608859e,0.011205537896271532
ck_53816231f3ffb48d,0.011321934865832651
ck_9dbe184e81c1ca8d,0.02433240185357149
ck_d74123617f22a21e,0.006252586275150259
ck_275386782b1606f8,0.001647916970903529
ck_0b0e79d33e50cba5,0.004640420982724532
ck_ba93cb604f792915,0.03196196206680452
ck_a86cd653472eccbc,0.008589530698013005
ck_87771861e0447210,0.09666617936810165
ck_212380e0371d8a6d,0.04312869537780054
ck_ef0d702d7b0ed745,0.001536911433524481
ck_2b8f33e22f939372,0.9094886147608511
ck_480347ad92037105,0.011847453863115306
ck_20124c3a16c53ce4,0.003910143487098496
ck_c9e1e3229baae708,0.03384846683655394
ck_b1befe967f7a5ebf,0.05907170415277303
ck_4672167d7c989bbf,0.10394490210228917
ck_f0c44ee5e3a42e3d,0.013948348301640262
ck_c416357d20238a4e,0.005513267840958249
ck_d0f470f8078c91df,0.005567207017730816
ck_3a70b4ee59084715,0.004002769296103359
ck_179ed66cdfc1ce27,0.004165193623223046
ck_387e5a7f163c7837,0.03193775401007064
ck_08fb463e69f647c8,0.994900253640743
ck_732f725747393ec8,0.015767136517530162
ck_7cc5e0fa3ca5a713,0.0023697546706214563
ck_ad4a4daa826ac68b,0.08770218968296613
ck_472e0be7a3b533bb,0.01991296650798325
ck_7190177963eafdd9,0.014976084360230903
ck_647ac26c5900f082,0.007453877110719238
ck_272ae2179bbd8e58,0.0030214858300609167
ck_09b0d8af304646bd,0.000632593227740005
ck_ca0cc8ea9f344408,0.004945203483675191
ck_332ad134fb909869,0.02230607014812876
ck_fca2798914627dc8,0.10893739587021195
ck_4450b55f462ae134,0.003481858942180798
ck_d67d9dfb60b286b9,0.0028531393061139807
ck_a9d2bb4f2bde7052,0.0017575870108572933
ck_929bcae878a3ecb3,0.5321065136454209
ck_59a9e000fa275e1f,0.02308284475352233
ck_57f17254e2688637,0.027686991772574998
ck_0508908697f60ce3,0.12956872094116426
ck_946afc2943298d26,0.0027700363234601086
ck_7176d12b18f2cc0e,0.014781304771410741
ck_5c47b49c26cce286,0.029288669457141283
ck_b6a2bdb2d335e1d0,0.9934773136347046
ck_1d58f6caaa4d012c,0.025802166166571754
ck_71c917295020ccc7,0.00982791110507717
ck_bc89644ae3688995,0.010388639563702952
ck_e7c212f16d6df272,0.021125840137315166
ck_c6d2e11a368184e6,0.0035586685033779275
ck_eed7f1f7548df15b,0.009730576106938027
ck_75b69034000ca7bb,0.046684302913706455
ck_38da3bf629458682,0.003325223314609578
ck_90114c891239d821,0.001001313781160804
ck_8ee08f6777cc155b,0.008508167636801843
ck_bd86132499defcd0,0.006342058802379563
ck_b95fbf2b5640aa82,0.005440184731257748
ck_c530235393360e3b,0.024664382982009722
ck_be52a7ec43241ba4,0.0741837518568597
ck_d96eb3cc55f2772f,0.01300355228800307
ck_dd34f0a844fb115d,0.3413193141095353
ck_17cc7b411f448e66,0.027151890727844765
ck_856ea65fa27d06dd,0.02617191349834878
ck_056d5f0301c30902,0.08299736485504042
ck_e662b14b2bab23a2,0.1049870980119696
ck_209f574c8d92274e,0.007389415040960501
ck_62720b81617896cc,0.012060481684776482
ck_041614694b77e599,0.008991947174906315
ck_461e3f7b97db8d16,0.048906196251157975
ck_1b74b798eebeabdc,0.018158265137945658
ck_0ed2739384f1d644,0.008647935530758525
ck_5a4d19f1b83feeb8,0.006705890499489999
ck_463937167965a1f8,0.02106940386834857
ck_9d7151dbdf100e0e,0.019768206492141973
ck_20a7d1ce6cc27312,0.004916170484564773
ck_6031211ff118cf0f,0.001549031626532472
ck_a6fc92aa91e99b77,0.9715229228633562
ck_0aaaa9d2f75a0518,0.05327184847980271
ck_ec26e327cc1848b2,0.004239238840856998
ck_0e6bebf8ae9b9b03,0.004258266458097658
ck_e107537a4cb738f4,0.006264741824341816
ck_e8ea56e122a5a487,0.0072813715741294706
ck_98149ed45d38c4d3,0.13494765063803998
ck_0e719b3a6906b8f1,0.0005705304109054898
ck_0c6e7bd357e4a348,0.0012831085196232971
ck_d3b2b250da61db19,0.881880855314234
ck_8bb6b0a292754576,0.10292111838244244
ck_87d70f5fe48a6128,0.1290879607116723
ck_ea9edf9c107d429f,0.00720286929143257
ck_059806c52cebe4f1,0.5221391516520955
ck_a72d6df666e1c21c,0.004090352510320125
ck_1d2b80ab6c4944b9,0.010129122678842696
ck_60557f077abc42ca,0.17627682932107253
ck_e5f5cb7dd6ce4a37,0.008996149990890113
ck_4c4a939154446053,0.001991887063212833
ck_50ede3eb561a202c,0.013710520255777703
ck_6d03a542922b2ae8,0.01949001975437043
ck_d6fe761ed0db3270,0.01619193620773921
ck_7f0cd6ea3096f985,0.0063795356020755435
ck_23edb6d938a3b87b,0.0032144109627053343
ck_799aaf9f2b9ef621,0.00409921675101192
ck_f8f6a03613b6dda8,0.010025924830582978
ck_7cffb189f4f514ec,0.9877246352528909
ck_c081e1967dcd811f,0.017865263710786127
ck_583d6ca78c97d91e,0.41690616911663003
ck_9332bbc7125219a7,0.005852717756155446
ck_956b5af6d7d86c65,0.45222568095834603
ck_2d634e3f24681c0f,0.01259102666902826
ck_7b35d218ed0c5a60,0.006224340531481239
ck_ca5b1057f8248f73,0.05745136603161278
ck_ec5ea81cf813597c,0.007580202667389836
ck_eaebaf4d28400fb8,0.015557665079292094
ck_ae2ab6be219219aa,0.0032179609846610035
ck_d99a8b4c820eb46b,0.0035907457900684527
ck_bcfb7ffb7cd428bd,0.016921800631929516
ck_3dd542c2d31be2c0,0.013725065152839068
ck_c7dd84401e29a7fc,0.0005213413652641807
ck_c4bcc7cefd40f8e2,0.0007239910836545917
ck_c251898b5d51e3b0,0.010741751150552554
ck_36d37be780c1291c,0.004427932227346195
ck_99b4f266b61ae7ee,0.019937029573669898
ck_c37f03995f0f0169,0.0005830664396470809
ck_65a23ac8e44eb901,0.006974531700504884
ck_644b1c1149eea9e0,0.010940064106934067
ck_9cf44eb0237c2429,0.0016909263060847462
ck_20541686a94fb71c,0.029395804627863335
ck_c18245be844680f3,0.0159020055478141
ck_56de216eda6b7fa6,0.0016155209170341783
ck_406c4442dee45cd1,0.001739277907905649
ck_df1585c7d72a96e0,0.001171591284860783
ck_b8e8dba20676d87b,0.027285302775768367
ck_0ee6965e68efc177,0.014522975188264646
ck_c2a5c54ad8d0d297,0.014894539700348491
ck_bf6fb7e6470e95cb,0.0006972296857916553
ck_27fa694569140345,0.0008532494600181524
ck_e04166b0ce66393a,0.003014156969904312
ck_8742114f4f0cb22c,0.11327063129867715
ck_6eceeafd56b42576,0.03461348991074983
ck_34f9951b0eca1965,0.018909032933763708
ck_384ccecd342a24ad,0.0006867622287104307
ck_49c98bebd1338879,0.0009100995296260947
ck_6c26c12071c91ff6,0.0032311801242006946
ck_01e5986ebb9a78f1,0.03131838314902537
ck_121db7ba3be29ee8,0.020484024673933888
ck_039e6d5a330cea1a,0.15335108384074855
ck_ae8c9163cf957d7e,0.006996565720793504
ck_3f5e8f3f1df0c8c7,0.027124960635287087
ck_b1c51fdafcd80122,0.029703922240949584
ck_12e2b5ebfe8986b2,0.004433490457722854
ck_d55eb81a4d543c59,0.010338569238200616
ck_f85155ca5c312c7b,0.0650735651580044
ck_133d8a1ac7c0e301,0.9910961226107898
ck_04212a9bb9b28696,0.9975775581277181
ck_4cc11c7d3ca61f73,0.0013208602586266688
ck_2df4854186ec515b,0.015599446444368259
ck_aa9b28e7fc43af79,0.507866598465026
ck_47cad6c3def4c9e4,0.0014658001019927796
ck_fbff7b5da8111567,0.010091059470024817
ck_bd25ea782e375b22,0.026555452774953917
ck_7989376f8cf64a9d,0.010386455412785447
ck_675c0ca1ebb1051c,0.003758297411443972
ck_1436f6e11d4008f9,0.008164814828435047
ck_812cb3a4482cc618,0.09114868935022
ck_6e606f73a1094afd,0.010875288807580671
ck_1b708e2a4a0584dd,0.007990447882346154
ck_a60d6b324bae0330,0.009834915959419462
ck_706a4f673a9fda3b,0.5918365681963406
ck_a75ece9a9044eed0,0.0030552217271453707
ck_9aa45c4e03c8c57a,0.016957544263718063
ck_9fe9bdce982b312c,0.11863320143128216
ck_c6fbdc5ba68a8466,0.026270807805746567
ck_ed0cc1b1c28f9511,0.04495104634975715
ck_a4e2607b4c8021e8,0.0002755620081205508
ck_e02f93f51cc8caf3,0.008219885579610186
ck_7084ed3cf20781b7,0.05702593231145815
ck_cd4c63155570d6ea,0.0020391513559539064
ck_d1b9e5d32d2d789f,0.002743507283819578
ck_68f56f6560a7a933,0.0012171181415536153
ck_8bedacc6233c6269,0.009222073870357414
ck_ab7cb50407d6b13e,0.01958622682178443
ck_f17ed7e0fd687742,0.10357313200776208
ck_b0fe4b92fc70f72c,0.0014537359631728896
ck_84d62b8196da2452,0.014368020704278315
ck_9e298cae167f4693,0.006051480179260281
ck_405b20ef9ad0ba5f,0.0963115555465197
ck_813e02e1ababd177,0.009456652418021723
ck_f234ab47061ba7c0,0.0020729341431352352
ck_22b587c18363899a,0.010293186363797412
ck_4e862c2f48c38aeb,0.003049767965514506
ck_b89cb90a420c9075,0.011328846378085698
ck_be2251640f27a3c9,0.11732314186603346
ck_46bec0bff167ed3f,0.0533954047047996
ck_c0032232c2868328,0.0035609752650322905
ck_030cf09525dba4ba,0.003376645982165899
ck_6ecf56236789fc09,0.9542385895565145
ck_38d4ed52cbe6d123,0.02253243307715181
ck_2d923d957ffd4d53,0.030408890225342416
ck_3af1eb88728ed8c7,0.01990122909390291
ck_2f8120ca80a1592c,0.040462363455160126
ck_6cabb1a133f0b151,0.0078009830379294435
ck_bb6cf7e7b707731d,0.9437478789598599
ck_c8307fecafa90140,0.010448181975475094
ck_75f968be67f46d24,0.018956506999707426
ck_df6fe4ec5a233213,0.0023393829378233946
ck_b53e88c0e927d896,0.0006213449758332569
ck_f0093064aa28f4d0,0.017144450148046202
ck_ec9976cabc63ff92,0.0015389996892476005
ck_30dac0a58c5590cb,0.03130551733867837
ck_348a525791ae6475,0.03440598274092334
ck_b898d912d1181ef9,0.010995723780447693
ck_f5b1200dc6f95760,0.034295194927637045
ck_54978a073e7a0b1a,0.01890283614356025
ck_55933936536a4071,0.009407069484396546
ck_d6ba7ffd2ae08863,0.01398153923393161
ck_404e2217fd87fdd2,0.002502684316335095
ck_dfaafdaefa5716b6,0.017632855153022764
ck_556c62e92d4e7e5b,0.07657190943809794
ck_7ce44f4e06d58111,0.07216160093096341
ck_465cb8ce232c7670,0.017026015813752363
ck_237508ca4fb37268,0.1464153183244562
ck_ba4a6b9aa63964ef,0.016519072450616203
ck_4802a0a7a1882c88,0.18062947741481128
ck_9478dfe4114c30f6,0.006118257340577937
ck_5138f6c575dec64c,0.022401004930282575
ck_aebb42afe430e2e9,0.002900662385732977
ck_004efa95555437e9,0.010239836617647564
ck_11af112667c98394,0.009412894290091676
ck_44e9a18a8645c9d3,0.0013540986690921328
ck_2605fd571219e28d,0.0007717795726637815
ck_dfc933493561d84f,0.008472679264523457
ck_67674348e68d1f25,0.010946154183722598
ck_dd97429277a2fa00,0.02463346483253006
ck_d3eab7a06eb48348,0.04253765475480211
ck_0b9fcff9667ec05a,0.001878623030751886
ck_fc4bfd6e739bddea,0.001284187358717524
ck_43292f70a03ddf2b,0.013399501968161705
ck_5ff6108056a3fef5,0.007294359785869907
ck_767e0be086b5f601,0.013897143137337597
ck_b8465b1a5666155b,0.08381687504359994
ck_ab2e3fc56f5b3aae,0.03591962985900501
ck_1833c81d693c1e07,0.9700318067876168
ck_0308e0602b856445,0.0013194065360784934
ck_ccbdfe744acff8bb,0.011672243934488897
ck_b294aa27a0b586d7,0.002275706471637731
ck_a3747201f377626d,0.9694647941445178
ck_edde1d7d1db24725,0.02322051711619066
ck_ae3b47d6e1063704,0.006711334973585636
ck_3aabf5e0f4defb41,0.009168141358590442
ck_f034adb57391f3d7,0.13312201849205452
ck_533672fb40531607,0.22107062436629038
ck_2a244f1ae08ef83c,0.04312265279134106
ck_a35d81bcc54ece2f,0.00565529140352922
ck_78a61215675b38f0,0.030578315016152748
ck_e013d88ea7939616,0.007028838669425454
ck_e5018f9418e0102e,0.028430197949926357
ck_d4e024fcda401a31,0.00540383061716615
ck_f736cffbdb82db34,0.0006456807402359801
ck_1507f5aa50cdf3a0,0.0055176466992096695
ck_18270fee7c8fcee8,0.00478969521651644
ck_95ffa1a805a1c9d1,0.0025878953744643287
ck_11132d245b94d045,0.006378283526274132
ck_7b93a622e40d8b14,0.05562830837327219
ck_3854c08d17704347,0.05379815854668037
ck_7717fcb100dc4b5f,0.024307807715099456
ck_ba54e0a1c328119b,0.2560321667711
ck_a7afdac4ecbf2de4,0.5139499085478103
ck_ecfb771ed2352085,0.009575392181105898
ck_68be4fefc85a6b64,0.3340733203680181
ck_dac7c50bd6d0148f,0.0035206519122307567
ck_87cf36a03bd63c24,0.08200396297250873
ck_8adb40b168b59d7c,0.021688862406731683
ck_8d2f62930777416b,0.11667782181029972
ck_9958b58da9e3c21c,0.024665176826305552
ck_9440335375701f44,0.007527135125449044
ck_e2f88e202b6f700a,0.04213929521185548
ck_4c7c50684827a2cf,0.0037818107063801593
ck_8a6ea4a79b1c7a8e,0.011074874987790575
ck_186dbff4b24a3bbf,0.22507816352663645
ck_220fda3c11c59b6c,0.05854273553027939
ck_3acccc69f8b1fd14,0.07441161715942331
ck_9de191bf79afd676,0.005680650320630002
ck_6de6b1663f9457f4,0.002027284546805111
ck_062754f8b79b86e5,0.002240165935281782
ck_aa153a89a52f7eb5,0.052024483725565715
ck_34a6bd3be642f15c,0.010522896607455411
ck_9371c700d9830326,0.03948907878208371
ck_a99e0c258ad7576b,0.010796268118003601
ck_0a7ba51d626e932a,0.07121516216382208
ck_852c50bbba1ead13,0.1839615232541326
ck_43dc13b6b6d31297,0.07014043397364075
ck_7d81b59d615a6649,0.03582236595961049
ck_39a3f1da060e88bf,0.006219833977245719
ck_6fb2d142c09ed3ed,0.07551206755299338
ck_6e5752b87324b58c,0.027304433890229657
ck_9441d48a12e8a4bf,0.07705286300956911
ck_09e9c51eb538b255,0.005749015328532596
ck_8d0cd981ed3a183a,0.031122341936498075
ck_57c07c45269ca8c0,0.0062157286585958005
ck_ccfc9ab888ba933d,0.008658416714423217
ck_9658a6ef471053f0,0.0021432947036557066
ck_dac3852758f4ea89,0.002379277708596725
ck_b1ed2278f5f14d82,0.015433108749164554
ck_333544d173524f70,0.08137018985113953
ck_fd4582e3853ef23f,0.014933695640510992
ck_614d936cef98db04,0.0028573780334230363
ck_6bc351a3d57aac54,0.011185166644155777
ck_af5842fa7202ff25,0.00494521271562815
ck_81307759252571be,0.00959065370646943
ck_b4d2f02d2cd45720,0.2790288388979274
ck_1bd753a4681946c8,0.9107318797998492
ck_46d8c029d46867b2,0.0033515571199611554
ck_b7da6640fa2f49cf,0.1370918212571611
ck_9ea3d5a5a91fef9f,0.12339441313126068
ck_7b922518f667f76a,0.0009250609504821326
ck_2a5b31594206eb30,0.8748615939008199
ck_d9506476ad3f9e08,0.01888341179613144
ck_c8791f7ebd4d93c7,0.021979297065515848
ck_b5a3e20fd210017d,0.0045076772956464265
ck_8e54386f4fe22cad,0.009904545828755381
ck_75296704f5806f56,0.03776653732316152
ck_0fbbc7a6af300368,0.003821895279984433
ck_d19bf4dc0627113d,0.0013289699285557992
ck_7951bd4eb99a0175,0.0005248916249290753
ck_059e4fac6b7f704e,0.0031633180371586976
ck_2ce8931af02a2ce3,0.006144237104361962
ck_9e665618a4860306,0.007278064182673383
ck_6fce5a893613fd2c,0.0007192872864152343
ck_9e3fbd04e3532f32,0.12388812145711836
ck_55f2ef0de3420e3e,0.011705063765765933
ck_8d87658a6f5d204c,0.7872708621309221
ck_6d6ac1f5dd882aa5,0.0011498510948378718
ck_55d0c7012d7ef236,0.02085068277844451
ck_7738eb085e5753d6,0.009683648292662422
ck_0e6e05c3cc8c8242,0.00805345784881195
ck_8d27ff8383d48132,0.0015775709663023274
ck_9afc3bb849f3a64d,0.01561912865369262
ck_27eb86a9898cdfe3,0.008594509997179138
ck_1d40e4fc541abe93,0.17932651271955286
ck_4fd9dc00e1913587,0.9648054517071584
ck_b26cdb2b7b165d2e,0.024186965922805597
ck_a79a27767a02e31f,0.00482248921569336
ck_f0c18cb9f951a71e,0.012073878104719793
ck_50460e0189de6274,0.8072216239675607
ck_5e5280539257c986,0.010591751823805963
ck_eeb854318b3a6f0a,0.008178688517288197
ck_943f66f28dd24750,0.0010983667248635968
ck_984dd7452aee372d,0.020790111858218992
ck_ecaa6de0aca5e9a0,0.06067955622484944
ck_8f1cbc432e2774f8,0.04321730884202411
ck_d91d9f8445b9769a,0.11916257298212633
ck_73c18e03e3c7612e,0.003539077018989559
ck_aded05ada490da20,0.013217021181275943
ck_f744e208183971f8,0.0008767855375230646
ck_02d4cef6358ad3b7,0.0035336273464967134
ck_08ff5bd467226a5f,0.001158136289461351
ck_f824b326d5089885,0.2836238502076853
ck_3420f2fd520890f3,0.013923324081106444
ck_1838cf8d00f5b1e1,0.02788023542369613
ck_a85182ad90b6f1e1,0.0015483487488224899
ck_fecb39c82c43e76d,0.010116409585934232
ck_162513e73782929f,0.014335408183017595
ck_2c27b77c59d8f23b,0.059162242562785336
ck_4221e07b17388fd3,0.024291962035024692
ck_adfb8472d5c3d669,0.009727457746315194
ck_0742fe64055d686f,0.0011364325308297354
ck_5060aefcc8b6f958,0.017607848056057276
ck_643f549b4ac78a26,0.4174116952055203
ck_dba767885bd6ad69,0.004541671361276507
ck_0dda35c0c64c7073,0.9407294760416897
ck_38ea56d43afa5660,0.02067163811303319
ck_d813e15ac91f487c,0.16031818898150899
ck_4c840e5585a7b167,0.04080499600581307
ck_cb8551453a7bb929,0.005237198541581891
ck_05a00b1dd5a03359,0.005447804649527981
ck_837cc7fd48453a01,0.008881840266012487
ck_49dd816b31fba6b6,0.8744496685746526
ck_86a61d9a39768e87,0.009639794253031039
ck_cd0e76f0e7bb38cc,0.022883969288579803
ck_dbe58392635133ca,0.014739473350427617
ck_3caec7dd6f8d02c9,0.062261314570843905
ck_bfd9bfc5b6ab4a54,0.18384110286337121
ck_2103399bdb2898a6,0.008821986162691512
ck_329f7de7279e74c5,0.014531511268153427
ck_9bf0d28119fc42c8,0.07342569411716242
ck_f781539b1042dc83,0.0014090943835705176
ck_9986c7d781ac6b4e,0.008440910693393689
ck_a627734880aca848,0.0011651027814058616
ck_2106e509d77fdb4a,0.3744991831611542
ck_420d1a9c604293ce,0.009990493029297158
ck_fce0610c527e2b56,0.028034593347728606
ck_073da541ec3f9d3d,0.030866590260716864
ck_aa5f3ab48c17fed8,0.2208252572681445
ck_0fc1086e1c9e04b6,0.017377911556458264
ck_5c33bb46c1a5945b,0.029356441816476925
ck_500948a8d4bd8e13,0.013908689637965514
ck_19becd44f2c3d2b5,0.007555484043721487
ck_7d0fe77dd5ddb656,0.051415630102882956
ck_f158d9e5f101bb35,0.01309408520931782
ck_cdd7c77823c2257f,0.16633145540947297
ck_6c7b41374f9b2e55,0.02623396302945737
ck_417090dbffb1a63c,0.021079821433137334
ck_dd0e17605f970319,0.009313918445756688
ck_3646515079e6be55,0.004025962181170078
ck_89c8b06aa8c84b2d,0.1399854107247613
ck_e4d6dedd97233c07,0.028248126661844567
ck_bc82fb1895fddde5,0.00163645012454423
ck_88a8b1d442ca3686,0.048301468395389985
ck_5791f8f76a629a4f,0.035608261173396445
ck_9cf5e88e97c8c7ea,0.004640506867220071
ck_58fd684aa5a6f289,0.0008722685811686991
ck_9800c21dfbd8e811,0.005780916752509739
ck_8ae64df60ab6ccda,0.04018782163086826
ck_e535fb0f0c00418d,0.04603549667157577
ck_48011996d54855ac,0.4183641186338036
ck_ac79c72a8fe3fdef,0.02392095945564343
ck_b8cc2df5192bc49b,0.025900147761790056
ck_e96a5e1f08f8a867,0.003100234617225894
ck_84df6770549e43fa,0.01020956556580217
ck_e5f7b99ba6ec5767,0.03103233062877611
ck_8347455ab53ff620,0.005668486741547891
ck_a84f2cdf695a71d6,0.006349440028785992
ck_90456160115f9ef4,0.005553884041243723
ck_ebd178b3f3a9c50c,0.018855571598630515
ck_e1140be6157bacbe,0.0015986709132197762
ck_744ffc11d32b96bc,0.006560930437118235
ck_e12a9f7d027e3387,0.00466900083663661
ck_cbe525da0b69f18a,0.0070847293173377955
ck_aa59702537557ff1,0.01975490047919587
ck_0348cc6908f7f3af,0.0007598225801284335
ck_120e995d50956bee,0.05584151247343087
ck_9fcde1ff46cbbea5,0.0016089836715594598
ck_54b0b070689c50d6,0.0007391720812060681
ck_966a167758fddfd4,0.04633114818776879
ck_d5194f2e92fd6427,0.008346912437300688
ck_2ee84f3fa27f2cb8,0.0024092289193358577
ck_57d0a7eb7eae2eaf,0.060017061889075074
ck_6a2c4edd82e10969,0.0015793563037282974
ck_96e4d38ef670eaff,0.00981092266624398
ck_52cc2fd5095b169d,0.028661359501708197
ck_4b088920f3a844c1,0.05785922760732119
ck_8f3ccbd20d59f1f4,0.0028057645477484643
ck_e5e5dc431bed6f9d,0.002635093606446042
ck_e8b5bfa6838e28d1,0.007517004581298649
ck_4bfeb78b47b7c6a1,0.04750683200265164
ck_a705c61bd679496f,0.004967534381494338
ck_731869a0c39cb2fe,0.0326636922239393
ck_259eb102342057ea,0.0013995075700359773
ck_47a6005fabc33551,0.003115677269068048
ck_682262b455a9edd4,0.0017898473331373235
ck_e839d104854945f0,0.0009626037622258884
ck_761989aa4c47d746,0.01433309317812368
ck_44211dc210139ed3,0.037585891937725616
ck_9915ceedf63a5289,0.042415850155922856
ck_da59ab47cb6284ad,0.0021451028410642927
ck_e5cdbfcca2456652,0.011052767609616503
ck_13f2560c6a1ec62f,0.004920524813369038
ck_a0543e9b3abe1001,0.0139433750949199
ck_11c7a58e09e6547b,0.0366071706848089
ck_69587a134d43a4ad,0.0787421028026834
ck_28dc0de0ae291f37,0.040285281987188684
ck_298922703c5bbe05,0.018861906785865058
ck_fa5ba9ed9ed6a343,0.013890123942223281
ck_c08e64d424e56c05,0.02028382852397234
ck_598e036a28262aeb,0.027582501826995502
ck_3f7c870510083a51,0.006992982854307366
ck_364f8203a3e98d36,0.8751210922663213
ck_7333cedb61506ead,0.011443625705327514
ck_1d96d7fd65f208b2,0.004027143842667532
ck_63133a79f23e2627,0.05430825878796268
ck_901d820e0b72abae,0.0015345655330416513
ck_5dd80b3c01457bd8,0.039997633760281655
ck_c0b8067c144ed6c1,0.002966028888258463
ck_cebb8aa8c8f62c60,0.0036891571395889873
ck_79749eca42ff1f5f,0.015561748333690595
ck_2cc1d9b587f6da31,0.050260770702946725
ck_ccc7916b56d42195,0.003132981545361319
ck_e43e53cc7b8b8e41,0.017315381073329833
ck_4ab74a6e7450416c,0.0037203198403395624
ck_6e44024e9de301c6,0.0026126965453734594
ck_dd78cb6ae2866cc6,0.0063501566839692
ck_c363d3b050baf3b8,0.1367854818209693
ck_2d46291975f0dd08,0.004044255087241946
ck_76ebeb5aee42f041,0.05840162512080932
ck_8395f004cf4d4c08,0.0016746997135997325
ck_de7259c3741db179,0.0163529509765726
ck_3938e92585df2b34,0.02023426575810115
ck_af69bfcf4f07d932,0.0018808022950651832
ck_1723900ab9afe374,0.05994640764446418
ck_3d58628d1c853c8a,0.009510167128531847
ck_12a074db100481cf,0.04562331645920356
ck_8716cbf892c50e29,0.008508046950638087
ck_fbf7351958ad9615,0.014360128046100179
ck_a50370907e6b397c,0.05326518692579992
ck_937402a60df0821c,0.00044921833198581854
ck_8ce9c5807acbef48,0.014254903417186441
ck_acf7d65eaaa4c31c,0.00407161254257349
ck_ec3eb6dd0967cac5,0.07112607784770066
ck_fc832b0c90c9bdb9,0.9464643080121109
ck_8129e81cde280131,0.004679926532319519
ck_52c0ef68aa2fb8cf,0.010231267328340605
ck_06f042e9b1b662fd,0.0406310089221679
ck_0bf35dcf7b38f650,0.0007636679328297689
ck_615763afc2e17a7f,0.001345314355150627
ck_e72db9d4b2fc9997,0.9753357053846706
ck_13757bf0eeb353e2,0.012403692643470188
ck_abaf371ec8249c4a,0.06630477190299858
ck_9b7167da0920c37b,0.07219096719526057
ck_2e824b0b27494a17,0.017275861970166635
ck_9a0b605e9c3220c4,0.026855424783925823
ck_a5276af466b681de,0.0015957248739304195
ck_9e0383e1fb6e214d,0.03143519692433282
ck_6a27c44b691dbfac,0.0036398021121364144
ck_af39767cf583905b,0.01744279214690262
ck_243b1b9fdd3f9a74,0.0009503830880914032
ck_c0422e638a9c6046,0.017346468304359503
ck_e0f3ea3373dfc4aa,0.01200146448044588
ck_d56ee1654378ffc7,0.013676722820569812
ck_20cd2f5666719baa,0.0011380659996051428
ck_4dfa1c1e9b69fcc8,0.0038451163351845086
ck_5d22e9ca1d15180b,0.33713468649848255
ck_f4a7ac178fd55f0e,0.009117696362660589
ck_fd5609bd23a1eaf8,0.006421114214669813
ck_49c3bf13dc9471ce,0.03791503083379632
ck_724085c3452d4693,0.245335599255534
ck_e5d1462846154a75,0.022666880684562903
ck_c69ef0f3e7d6acf9,0.03456423754198984
ck_a2d0417791d4132d,0.008136864053234563
ck_00a07fc2a9183c3a,0.001756135609389094
ck_781b8288e54ba8f8,0.1314239071137144
ck_d74a62ab3804a81b,0.012257361503122666
ck_abcbde211b6267f8,0.06312157779709712
ck_16dbafc035574654,0.004306473150120955
ck_018f780215ecaf38,0.003605233555884106
ck_0b259620eac51618,0.00585164580713539
ck_4f875342394c110f,0.04463279860893882
ck_399e45e5fe9beaee,0.006217505376452496
ck_36224a2d394ebfe4,0.09347546536267835
ck_c189b551bd111332,0.001193294720124597
ck_125c5a720ecb177a,0.06228752405396956
ck_76d010aa02eb477a,0.0005044598553744429
ck_1071d14c46c92379,0.5745245232375902
ck_61d244b2cde483af,0.01133538147346937
ck_2ff1860da2004c84,0.0009895032685535393
ck_c5b583490198672d,0.01177483772612008
ck_1294f7af22fade11,0.07173970157026857
ck_e3a22799716df39d,0.003626515458945992
ck_c77e22834ef97005,0.395973174303437
ck_73d3689728270a2b,0.0008731172912392628
ck_295565fbf77ef885,0.005015643955354926
ck_80c0a7f54ff4895d,0.004679458763438265
ck_f1ef5cf7f10b16c8,0.22477138377360545
ck_a958b2461ffc21a2,0.08535575608614658
ck_0e7899a57cd617d6,0.0014942148642113722
ck_9d4fed252718f58a,0.04550711472681147
ck_83c2c34add971d76,0.0018303977018557962
ck_9ccc030ba2de9fb2,0.008453769845665272
ck_cd691e3466fb3742,0.003892318739131575
ck_49df70f908dfd069,0.03923542068520211
ck_362ce13eec1e33a0,0.007619229335053033
ck_2452a30397dfc54c,0.006810222725226349
ck_a443d49c2b4863b0,0.006781396587142426
ck_c8b2e2cb349dd0ff,0.007530550630475782
ck_354909fecf5da8cf,0.008358074161532095
ck_841f598bbd54c83f,0.016396313444484497
ck_cd6fbd4e8724f994,0.047111060991063956
ck_e0b3158111370118,0.01104474192394004
ck_4c2f2eb657c2c60e,0.0029070480699965266
ck_ef346071f0b7654b,0.003946643885145233
ck_f3bc10e3decefce4,0.0019154581581510223
ck_189b6fbe9b9192e7,0.004437751130050053
ck_5245cbc5ff4d4fa6,0.006988274452410007
ck_cb42e3be6fe87f60,0.002308488304901849
ck_966d4d713cbc7792,0.004479345994969788
ck_1c8c969667cbaab2,0.6989657051915469
ck_d35e3aa9ef5d405e,0.1476956096577366
ck_a1c39df50a5873b3,0.036015886942241365
ck_a152165caf295b51,0.05661216170834336
ck_891eaedae139828e,0.011714547273829732
ck_1a46b56f4734d52e,0.006567083142651522
ck_5e36042cfad96c99,0.13360073445714568
ck_02a8582c2603e675,0.012340434220873666
ck_6def9d0429e4ed4b,0.009183088766152054
ck_e137400825a1e3e6,0.004042648780330745
ck_d91ab840848a54fc,0.002475739674291172
ck_becb6e1c608e0078,0.0014251692215088703
ck_6fd8c86ac719d7eb,0.08487137493846465
ck_3ed4d13f12fd9d0e,0.03964913311583116
ck_007337aa99a4891e,0.0010373379891078882
ck_60c3d8306527a08d,0.0009087736610091934
ck_95458880a54df0b1,0.18850827215265292
ck_b48cd8593533fc1d,0.715533314337343
ck_021c6a4a7e3f1f0e,0.0013813236136378817
ck_764d40f865e710af,0.020003102297574578
ck_4b84357ae8ec7777,0.005931734193770294
ck_3397c7856b4669a5,0.004521960917061017
ck_920bb003b42e6310,0.0022331438226509195
ck_8f59f11b512d5b7c,0.06323388778363931
ck_a3acf4b986afa98b,0.08386380114840865
ck_e89d25ed7bdeeaea,0.004381720435261435
ck_70e6bca473bf6902,0.005700232313994719
ck_186161ce152836f5,0.011674472890594447
ck_9191579254663f5d,0.005514855892394671
ck_1e6628879e9d653c,0.008879123065815946
ck_b498fa91a0776ff6,0.02200019283420889
ck_cfc2384f22954830,0.030550536247484012
ck_17673a1c2867888a,0.001216590455992548
ck_523dce06515b072d,0.005577668601324625
ck_c20638a325ead2e4,0.006422262888105353
ck_d3877e1f907cc148,0.019108740005958202
ck_e9a2495dea8675e2,0.006587899090469672
ck_7e561caa5fa1f3f1,0.049836824793034994
ck_455672e652fe1abc,0.9861848235859361
ck_7f8f864fcc90ca82,0.0398517007603593
ck_1ad36046aaeb816c,0.02426602970232339
ck_de056e37c82e8e00,0.00693750653765875
ck_7484c214c889fe7f,0.010775898334781188
ck_32430e678c4f9f53,0.005208153246922769
ck_6276ece8f80ea799,0.015392835419867714
ck_ae8e5dc4b725bc25,0.05835670808859731
ck_f01be92dc78a2dc7,0.010814174892845852
ck_233397a8bd40d38d,0.00768321571201301
ck_f8124911450fdf31,0.8328454046091817
ck_aa0a3179f1111674,0.004678187744433242
ck_2366b29ed9887a5e,0.003289604065494897
ck_1f22f04dfc08cf27,0.0036615301157575126
ck_b62276c3426d680c,0.017933060136864104
ck_d099fca88691f66f,0.027338143354001317
ck_166bd1dcbaf4d6fa,0.0011114416695934609
ck_7b1660e942436e12,0.005991039024532957
ck_4a9a791a1d409a3d,0.013898406790779479
ck_b003e5b54df65db4,0.01036834115863574
ck_64b4dcbf436f0b75,0.007378299598343187
ck_26e9a7bb2061a58e,0.034747559703682256
ck_08b77ad5f8f73007,0.017642308437276745
ck_366616a725afc6bd,0.018967525444342125
ck_934fb5064b6eefe2,0.001612622967293893
ck_c6abd5d57b1009d2,0.0029929813633962172
ck_edcfa9e1cf29d813,0.035551293131760045
ck_c30201ebd003fdc7,0.01593965136945069
ck_c54643d94d3ce355,0.07376515929728966
ck_02adda6e91e49650,0.023972065740179436
ck_5b73d7c5255e58a3,0.0764195871885236
ck_129ffae92dc01408,0.001714390164617257
ck_fa321945ebedb916,0.05774586906839424
ck_8da980cb2e1e2bfb,0.013579489619918327
ck_0576b00d728bdf19,0.041428939222189376
ck_c543d82e22b3c8a5,0.001320906459563192
ck_0027ba644f9ae2cd,0.09874443677822263
ck_8dbf61df902a6bbc,0.0013030530165873994
ck_90eeca1cda79fd41,0.0013212836665352236
ck_86d7127391d4e01f,0.0008783478356102881
ck_73762038c7ff2f6f,0.00292449227977379
ck_a1484e6215fac651,0.35562759451086434
ck_cb83b9f806e90dc6,0.20008388887782783
ck_8c6f059c95872126,0.0019218399576551375
ck_3174419a81e7caf2,0.0034375113577558535
ck_6a0f8f8fa4a3c2bc,0.054240807734869285
ck_b5777605668bfca1,0.0006123755171778849
ck_27e4de495abb4d15,0.00319502069949316
ck_7f6fa79c7a107161,0.010539302417416742
ck_c36ed9f8e6792ea4,0.020514289000009102
ck_67a1aa88d2ea554a,0.09643314819643607
ck_09748dfe4df3d540,0.0021554940453830675
ck_27fd85b1e38b675a,0.003505216952656539
ck_2369689bd795ee10,0.010811136357093016
ck_4eb1c12f7d092bac,0.000673646792328879
ck_01fbafc42c8e33f5,0.00642061072077081
ck_93c4e05699b3b7d0,0.013143522282704611
ck_afc484d1b6907983,0.00689828595711378
ck_1b2d9cae92a1aab1,0.029352886084085317
ck_73b729cb161487f2,0.011801185455251379
ck_fe3c1d0ac090d960,0.10867579987307982
ck_408efac1d3885ff8,0.17892582209763283
ck_ccb4dd9d0a48a76e,0.01449841404695574
ck_2987eab34ca7805d,0.030347092157611992
ck_1dbf1f15193197db,0.05685909561520383
ck_4ed711fe4053e74d,0.370438370055247
ck_6c54adce174f45f4,0.005424459594592122
ck_a6c740041faf0bd5,0.005875232721049948
ck_b05c4d33c4f43639,0.05103273563930673
ck_032880f1114dd51c,0.013684810384783528
ck_22311b037456a76e,0.0008609563124493828
ck_5866b413549765bf,0.0025000486863574257
ck_0e808afe2570ecac,0.01857812050434368
ck_634276b05f4381f8,0.0031097331824983315
ck_5d8773badd0d4740,0.04049888765109007
ck_82b5b79ce3517102,0.8774504071839104
ck_b378b8d8100ee4b1,0.012335741472251024
ck_54e581f71be5430d,0.0014284019343094657
ck_798ba4b8aa544fea,0.0018186349633402734
ck_3fe86b6331ff95e3,0.06971804161605331
ck_81275d9d4c559e6f,0.009546330632336075
ck_99a4e5ef02d89493,0.026295398823707492
ck_54e2eb018d947790,0.02010443804155518
ck_966901ea9c77cc02,0.004065843848450379
ck_27d69ff4e0cb428c,0.1579368435315194
ck_2cee2dd7bbfc09a0,0.9035698402237278
ck_4136b00924695ab4,0.00034049630876771677
ck_59a164c40c03a45f,0.017557404243637678
ck_3e24b026bc66789b,0.0016095521446761706
ck_8105bcf69a75ee47,0.007849516010593945
ck_7a1782cefe26a456,0.03009152556954982
ck_970c7dc195161272,0.0007697400485387531
ck_a48ec0c00ae20e82,0.043594554730266376
ck_54b374ade34e1dc1,0.013817690013087252
ck_74e5dec189761d14,0.0011611365367750995
ck_4717f24f2c6f40e1,0.11691158336263317
ck_fc8cd8a8209e802d,0.016510335937367764
ck_71db4131d7efe218,0.0025268659994345938
ck_45424ea6f0bc4650,0.17118488027710993
ck_3716c6181a5035bc,0.013428841732417925
ck_26de14b96bdad4f6,0.002898936474472107
ck_99c0a41ac9c73857,0.0019279796148559307
ck_645f15bbbcff3b4f,0.9921240754241979
ck_b7e25ddd41514d4c,0.0021880389326844633
ck_d5c14e877ca7b755,0.004150294034072001
ck_05ea4440dac6cfad,0.01955781820677992
ck_c58bafff7b1955cc,0.013058208737532538
ck_f0cf85b67a9b840f,0.02060510410581587
ck_ce1500a7f0d03fba,0.015432239204947414
ck_d4972a775aadbbc8,0.005813572054074794
ck_3eb6146c262e0fc3,0.0012185244439641473
ck_afb23858a4ef42ed,0.9905936535096578
ck_2c1def5c91c52a5b,0.11882099510977462
ck_72e550559487b919,0.003556949542539254
ck_0284dc2b4f856b3a,0.23981715506247703
ck_03be334935e999a2,0.0024495803984247054
ck_e35a4b4a3cb4cedf,0.01915240823092819
ck_5abe57dfff4b735c,0.015813602719184583
ck_f5f87f772388efa0,0.028305476688281775
ck_5a22cb36d612236e,0.003389315025315142
ck_8ff1e6028e764472,0.9483385798409899
ck_2ab28149b0986642,0.016653852426720243
ck_c88fc1bac79fa6d3,0.05927603127556774
ck_5b137d74bba6b1b4,0.0010140070017161575
ck_11f362dca2dfaf5a,0.033116882386666074
ck_7f960541e5174565,0.0031397319143194042
ck_d5458ba39ae94498,0.010348654404567264
ck_0a921a73a90c2e39,0.03846854891841201
ck_6ad56ef40086dbe4,0.006479390227225769
ck_b68199ecccf2350c,0.001117000068546389
ck_6dac66c8198c07d8,0.006628161976050397
ck_9b9ce7bebc235fe8,0.0008767025607890226
ck_6b817117d87063a8,0.029923807886554597
ck_900d62b3184378c7,0.0016522716790301837
ck_eafe9b89857149b5,0.005156528033707061
ck_e74716a525ee5b24,0.00214403976486607
ck_4e9a6f06ab134102,0.007527339098079219
ck_b0d33b5a3716661d,0.010198512803595678
ck_8703543bf3134306,0.015313689062013233
ck_923d6a0f83accef1,0.007509034182364326
ck_52e37e2170532e2a,0.21581385924884638
ck_c1c5ea839c58958a,0.03898053346703338
ck_660f0006780e87e7,0.007167181083333167
ck_830b2c5d1818ac07,0.01355366519235746
ck_b080ff636932d1f1,0.0011652653428757475
ck_38730aace405f2ae,0.9951245564024551
ck_9790138467a06223,0.000683892000939415
ck_10de0b0d86b17839,0.003168793712311015
ck_c3e37a4d3382c32e,0.0012722843576001472
ck_dd8edfefa1eba531,0.0007513361439572539
ck_8153cdadd300d234,0.0005660153460823368
ck_74d0e7c2c6b63d36,0.9786662784000956
ck_c478aae3031bb328,0.0018919190313455186
ck_cf301f2194975866,0.027808683282739246
ck_f4de03f44e3a5bd5,0.0026943698002751307
ck_b06ce826e593b210,0.06915203948444744
ck_2fc70b6baf6a0e26,0.005602031503666145
ck_d208494cf5c90047,0.037740153624367896
ck_086d29ccae565e5d,0.002181925299009562
ck_d5ef6dc116dee408,0.007300719954995953
ck_fdf0c5b722d83464,0.0027891163749222967
ck_de8494b13adeffb5,0.004497805073353723
ck_556786868599143b,0.023845199913098174
ck_4940e78cbdcfecf3,0.007760118506156962
ck_d32fbbfe32c00416,0.016761870895755974
ck_bc7710f7e9fae649,0.0018704165872639943
ck_416f7ac57da081a3,0.011804607821455202
ck_6fb39b60c67d5475,0.0012571107597336953
ck_e40a156511345d6a,0.0028039662230369407
ck_49ab879b5aa7fccd,0.1527470373918637
ck_bb643194d1cbc47c,0.9884341261158438
ck_b3ce8f1bcedfa043,0.007596144217985063
ck_558ebde8c29132a4,0.010531853857408563
ck_e6222925762273b8,0.03800057640596683
ck_bd80546b4807dd59,0.015917303522948078
ck_bd21164bd2bbb635,0.014940251380368811
ck_ea835557d7043667,0.006919570492003335
ck_1411a80a157ff39c,0.011386007559078924
ck_ab973888c20c9120,0.059593521281642484
ck_95b48972061abe82,0.006120032734812146
ck_fc4a43f8876bf10f,0.1822669189885476
ck_f34fb7ccf82f41e5,0.007941938411622202
ck_5af9934a56801ac0,0.0037800206339721836
ck_fc7445ec76389a58,0.30345228230904897
ck_1eeacc26f02fbba4,0.05134598579662266
ck_4f325dd15c9bd45c,0.041596651909189965
ck_5009a6c8bbaf15ba,0.15242898913329214
ck_0f3de7f074bb33af,0.0025289958736446675
ck_2cbc2f93a32eede8,0.07102970458479449
ck_4bb90a61c21a303b,0.007856278539796474
ck_3ade9eac7d7b0dbf,0.21187254926066418
ck_4859a58629622915,0.06935437411457575
ck_5fed957287ebca03,0.002187475786427416
ck_ec01ae5351500355,0.0015665692782624572
ck_703b41624ae6a5b6,0.002797792421585441
ck_97c38e7f61c27e47,0.012882412643689079
ck_db2c0908150cb2cc,0.023718910112493982
ck_64ac5e6fed86ab60,0.8913942658979741
ck_da1c853b0a061e83,0.03698343453661503
ck_9a36916b60178ded,0.7165657829700803
ck_3715bfa7fed2c675,0.001987155723444292
ck_dd3feb77d7d4f6d3,0.00808286805469239
ck_982ebb24174a4ade,0.004241038460848162
ck_f6b7a10d47dd9a1f,0.012323319299970114
ck_1f56fe99f250cdf4,0.02969689979036554
ck_deb3ac0606d6f6db,0.013966162134868254
ck_e666629e5a41b39b,0.00823654187957043
ck_756d2c13d02b3e09,0.014402876709304983
ck_7bc752ae7cf5d55f,0.010583308995458892
ck_fc0cc4b25e6a8194,0.0069950595732332435
ck_9b2b0e286de78a1b,0.01761630127639572
ck_24b0803447211bf3,0.013534435328656894
ck_82eed68d05a42128,0.003899663496852952
ck_c8a03c516ed5b05c,0.11558224752223083
ck_e914974cee1bccb1,0.036380303503361126
ck_0c533ff2d0f9962a,0.016579669982764177
ck_c12805fa5d970a83,0.09234040997688127
ck_fc2cb29918631f10,0.09163113256664658
ck_c20e89afe575549b,0.002190469163708657
ck_e1ff9e31becc27ae,0.038795316952295586
ck_18116d0ac08f1996,0.9298748923177091
ck_885a83975cea5e64,0.0019494629810395206
ck_a0c3059a959ba5d1,0.03377261843674926
ck_75257ca7d7da2861,0.15501642197353888
ck_2210f7a0d13bdbef,0.05527443281083126
ck_9cbd9ecf8374f65f,0.003768301689679942
ck_18f67c00ba21fbde,0.007998720125670964
ck_2d28f14d3973d8fb,0.001333205698309226
ck_8b3401b44aaae728,0.003087392429336712
ck_9d8e9ef37797d3af,0.5147546675745542
ck_9f50920c894f64e1,0.009388586132846629
ck_4737e0d56c6fa0a1,0.007915285740524325
ck_52c311f29ca3aca9,0.0006759975171208567
ck_6a4981bc721df37a,0.022245844094877582
ck_823539d936c55fc6,0.0023869320965025555
ck_df5aedb4118020bf,0.9774965419566766
ck_a911a066ff0f7b56,0.0258327444743909
ck_684609767df4a14b,0.06456990230561724
ck_f2350bf355dc919e,0.006549214256363008
ck_8452b6cf97c65a5e,0.007513864268454161
ck_084cd84501012218,0.6802578530397932
ck_ace6b72e5bf3e93b,0.5774608435582821
ck_2afdd69094c955c5,0.05627454498866034
ck_fa7d5be26bf7b31c,0.25207342168111246
ck_4b041217690fca2f,0.04245141307449946
ck_9fb8e3d38cdf276d,0.7117246265211696
ck_c1ee56d65a42f59f,0.0373928378678552
ck_fdeaa1cd085691f0,0.023170160686876162
ck_5de33a7a87e9aa62,0.04262345140199062
ck_7476e7fe1ff45545,0.03708907868300445
ck_b0a947b498e47018,0.021431273192707437
ck_e3894ed88a7977e4,0.0030714368807451507
ck_c7e07ebfb0bc15f6,0.022802605691485567
ck_3a3daa8b376f2a18,0.0007440414229371131
ck_87809324c2675b0a,0.010170167653203612
ck_7eb4f33260f1dcd4,0.02493386363897599
ck_ab9f0e08af030060,0.03773344911224311
ck_5b8fc4a76f340797,0.0376898066050027
ck_0e7bf10ef49aa818,0.04929059345436479
ck_a44462a3853ac67e,0.9871857255200989
ck_2d14bcd2e0fc043d,0.0028229614992029647
ck_df1f2dba802296be,0.8842056982773339
ck_466a7316eaf149b1,0.02736086607721644
ck_50df50af592b0c06,0.007386999595485913
ck_5f9e34c849704b95,0.003609692626300403
ck_7836bf6def26aa87,0.007659648852760395
ck_ba175b1bd8efaabf,0.0028606993330460547
ck_1a0aac7f7b94b1be,0.2608853019897969
ck_6768c4b2aa8ce586,0.006463581116660149
ck_eefcf0ed15897898,0.007291615020193023
ck_7a6cb27e390b6ceb,0.02211007771356824
ck_5275be4e1577c1c7,0.004555225473627711
ck_6bc0e5b8c0b7d2bd,0.05534880478297749
ck_4874bdec79f9106c,0.021622516343228777
ck_a678731156ad7bd2,0.1556163929663482
ck_db906debc36a5d1e,0.04013549464257807
ck_e87897767c612942,0.013007038383393286
ck_45ed5ee496ef8a67,0.010685997461591622
ck_ae20e28f9854f3ee,0.029054131139298247
ck_9ee044b73943a90b,0.014422436696775037
ck_dab34cf6f0626c9b,0.02246922661842951
ck_64a02b7b96149810,0.0014657166611107423
ck_c417d06f3e94685d,0.0022311841595088235
ck_3e0149cdee4cb294,0.022931390218868065
ck_0e6046fc30f81705,0.012392979396441437
ck_c383aeabd53e9c89,0.033550911848412655
ck_2ef76f1f36e8b869,0.0800075727969672
ck_43948784650bb9ac,0.008875812423110807
ck_bdb966f43ac350ee,0.03931492308893757
ck_5bea0e0ee0b094cd,0.02433237706875713
ck_dff090f03ca5529e,0.008184294137641587
ck_a4691b57f837d88e,0.008878696253861708
ck_99ee90946395d74d,0.47409947113129597
ck_cc81dbc83a8879fd,0.011902940797039465
ck_f3dc0725621b3a35,0.0007815089112010661
ck_1bb212d1288b9689,0.015385886368081206
ck_9e7278fc7679f002,0.0359946903288951
ck_3ded7a8720d7e311,0.011515587859806026
ck_798157bcdb9453e1,0.0014363049780151203
ck_9fba80f56f357fe1,0.003020461540495247
ck_f1e1c8491f16f912,0.006015330598954996
ck_7b1319a5ca2f63c6,0.9860964741951065
ck_124432fd5c92af7e,0.9399919642750181
ck_148cb0c723284dc0,0.011243658228542537
ck_b56c62c950eda009,0.0011452017630138223
ck_a0498755cd8d7188,0.0007795824028017893
ck_5379452a9d74efae,0.0023850871785502576
ck_6c2453229d608183,0.011989896919113693
ck_f9d8b4813a88c1e6,0.002501661535020266
ck_c2c7d1e45a521857,0.025009414477249
ck_4364a83a11743888,0.003284489955967374
ck_2cdf5fd97ba75e06,0.15894782418366726
ck_71bc01291e0533a0,0.006953206217241009
ck_a725d7aed2a0bdc2,0.0012539142446233082
ck_a9b0c4dbd7db6a91,0.051249301002720286
ck_a4258806a533efa9,0.012370981046354926
ck_905e460591d9a278,0.06996196752930024
ck_20de8abfd8960ee3,0.014235954297264118
ck_252b0a0f1119b220,0.0008009934715829289
ck_95e4bef65c36af1a,0.0007457754742941524
ck_5ab68b434ad53fea,0.003386945751015623
ck_13677a1957078827,0.0011849776501364876
ck_d251e9fa09e542dd,0.9961092436970317
ck_700cb620f300dd47,0.010962095514302614
ck_39a68c55a1bd3ace,0.25908571995316465
ck_61a59a7944d6c53e,0.14482820991681086
ck_db6d1c6d31da967a,0.0037647436858987034
ck_650020c500b1b50d,0.011012791899326359
ck_d812eb6930192793,0.0011013941322596589
ck_92f6ebc11ebca89b,0.060052879686499604
ck_d87e26eb5bc84b01,0.000792872014350499
ck_66439e697695224c,0.00201603952047286
ck_f21efd504faa654c,0.007639304361890763
ck_15eed0f5652f0352,0.013419733210479587
ck_bcdbf57d98dc0d27,0.009034656357318595
ck_873ceb8004d3a9f7,0.06493923525860336
ck_70bef9ddd4bab005,0.0019348281966734087
ck_7560f1891d66f294,0.0005431813095950638
ck_f439f16f8693883f,0.006977568517149483
ck_14f9535e53f9c7a6,0.007754724057866863
ck_5984be472d2bc267,0.5117659914162865
ck_ed01be7504dc4187,0.04157224277970688
ck_dc3d8b5c17b67ae9,0.004438432119532678
ck_9dc23031b6b494af,0.038924320734187945
ck_fbdac0221bc03f66,0.003854850472590545
ck_863708a99b92ef0d,0.10228881949762506
ck_22b52654776a1ea8,0.7882819997841215
ck_a0714f98001efa0c,0.012852637242575442
ck_9c56114f84e9a541,0.005812850951239048
ck_e155cf506b2fb699,0.0009709117944569765
ck_65ed7e72f24731e7,0.002219928399571385
ck_822d6e8e43befc72,0.49107531045852376
ck_b1182471d9ac6b26,0.002287780603555728
ck_821446adc95e6da5,0.007846579816653767
ck_ff182f033134dbb8,0.05460391494904536
ck_9c5feef7647b0588,0.00621815731131782
ck_df935d8bdd44883e,0.012360712996897205
ck_01eb24c18ad11fca,0.11017134470967578
ck_00d6730134a1eb51,0.014995385714068329
ck_79ba8e85678d0224,0.006006190879771675
ck_97e3b04a1350f6e4,0.015862348347159702
ck_74e9747954a46eaa,0.011506266404191933
ck_397d5fcc9972f909,0.02760013412058103
ck_9ede89e8a43c3f53,0.07945270170287816
ck_303b33910d67f306,0.003276723426395341
ck_3c17841636f6f7dc,0.0051820629568260015
ck_78730527f8ba1438,0.32315142243395845
ck_5ee32bc6bb5d1d4c,0.048551643546928536
ck_a13fee8cd925d0dc,0.01921673060455456
ck_6f847263379f2e43,0.02536926829987588
ck_9b9d9e579e7b55b2,0.0299625420729435
ck_87c1d0a79e79c84b,0.043344943146808965
ck_bfc453eabb472f91,0.002343905750429129
ck_978c21bb5fe3171e,0.032762378782337315
ck_dd882323474431d4,0.11964937879231885
ck_533c4f7400d5ab22,0.3508161648472849
ck_5f217bfe28954e75,0.9980223164809536
ck_ae96d35465b3b4bd,0.005910389879902957
ck_512ebe97c0af94dd,0.022462553263840113
ck_f558fe02bb0219b8,0.030648043904672982
ck_84092e23d5ef4d51,0.03217020547004714
ck_17d3022ca12eacd7,0.006860707697917938
ck_8a8f81bf3558fd9c,0.0060875520924298905
ck_0ada6fed1864e7c4,0.013334091707161771
ck_21fe7bc59dcd78fb,0.005105521807217883
ck_e136e20c1c74fe38,0.0024840616420871487
ck_e7a530e09d113dd7,0.013440656391740538
ck_7cb0c9ded4d63027,0.06700746314492445
ck_102db9615e722c9e,0.06832023208284783
ck_129e39ddfde92eeb,0.0008927784795092283
ck_d730ff21bfd7769d,0.008007860895419121
ck_54459b45d2be8459,0.0030017975589483148
ck_7f1c20319eb60aa6,0.9964616596564277
ck_939fede90473e412,0.006459449228702786
ck_e0f9506a6d5f4a1a,0.0016088088778393934
ck_9a4967cdf49265cd,0.05935683252098091
ck_b9eaf03453ac7d5f,0.005107134806692408
ck_522477be6376b450,0.005440030910503555
ck_9b6282e3bad50710,0.029799715127806804
ck_a0e3a2facd508e49,0.04407252375573765
ck_97ffae702f7c3d08,0.00158925426210021
ck_344a95cb7115ec67,0.006004718832539136
ck_1f2760764afa45e8,0.0007678305273607619
ck_720cd658d11ea428,0.007455867373681229
ck_04e32ee9834c088d,0.1793250298850536
ck_2bb1389e5e72c8f4,0.06326315604190717
ck_961e7dbc217cfbbc,0.0027170490933643493
ck_f3bce4eccfa6d6bb,0.003447260190176824
ck_e0ccfa0d689339be,0.006941275433622165
ck_98217aeafa0bfefd,0.02333794719682283
ck_a02aeec1914c158a,0.013818845297786932
ck_20a17e8f206a14c8,0.034671151932506104
ck_114c32aad4b6183f,0.04335274712286708
ck_79f5198f0decef20,0.011640522892243144
ck_2209de229b4c71c5,0.024473148575001137
ck_6ee939b7f396975f,0.007935921919762966
ck_202f0c14b07ace01,0.046510124870618605
ck_fa24db9d416ab904,0.003920415959447834
ck_cf6aa24b92c4d33c,0.43941800436403616
ck_45f57fb8194cefc8,0.01180806915490716
ck_d5eb179dc45394c6,0.03627359410622916
ck_efb24be983342f75,0.017033714274067448
ck_245f5d62ead5ef28,0.01953542146389253
ck_15fe2a47fa7e92ea,0.003366454124441344
ck_b6527a85fd682554,0.009747670420174923
ck_11f9390a11ce9ff5,0.026771397038592888
ck_ffb4d892c5158201,0.0006499855150859755
ck_d4c1da5a1427fd6a,0.04891333341393344
ck_2c041b1efb1c5063,0.009579202480354038
ck_ecc18f40b33be769,0.13669510709004765
ck_0525349f3945375b,0.11556053069722627
ck_0bfe62e0c7eab9c9,0.014084107928130769
ck_b7c37d410b1646c2,0.01456842399379665
ck_4b15b0746318cf42,0.11918305411724572
ck_e5ee006ecd8ff661,0.017411611649674804
ck_ccc83cf66365357b,0.019809528454202075
ck_34a33ffe8339f66d,0.8451625292850968
ck_4e39e3b165edab58,0.6881166443428933
ck_1a71f8081ae00190,0.9925128856593453
ck_ed8f1200fc049c40,0.9470724066540965
ck_8a5a57858e8c77f3,0.012557949419142542
ck_fff9fdc2adf5100b,0.8182921854475897
ck_c76f1bf40f3b787b,0.0005768108279111242
ck_1a6ddfeef82b1b1a,0.0035859170144666476
ck_478d2667aa9896d9,0.00627313465672752
ck_641c8e7694b21f3b,0.03085881688533735
ck_293581d879f6663b,0.9342692946723772
ck_1bfa8abdb22be8f0,0.02046292351496849
ck_05ab5b03d0bf9ce4,0.1172827422869454
ck_35694db37f0cde7a,0.000747343205230876
ck_fe33eb743d714c03,0.025584969590552956
ck_abd10fbcbaf2b038,0.006331107617900927
ck_46d51648c1bf80e5,0.11741860242565011
ck_5c8390017fabfaef,0.011103134297379413
ck_87d55ca333f22072,0.0009006095317963317
ck_c39c6a1453e2b92c,0.00036929450256739047
ck_69ff1b0aa143a168,0.0009654462623651588
ck_e57c79eaab35ded7,0.0036124394676999997
ck_463ae759e2b6ad1d,0.015058765171616782
ck_0dae4a7eb587f3ba,0.015957509939250922
ck_9b12fb56529ebc4e,0.009492626721956419
ck_1af547077ba2dd03,0.05523378648973207
ck_de13de941bebc7cf,0.0012493446574750404
ck_83dde7da2bf647ac,0.0008866701135078256
ck_c80a94d4660041fe,0.06214427359511099
ck_f39cfeb277ef6528,0.0048764696526173825
ck_1cec1ed1512a2d3d,0.00045004447198997887
ck_7955a359b6448799,0.000703035347334097
ck_8c0955dad13c3ca1,0.00741916310265957
ck_6d4cd2de601a2308,0.01508981548087978
ck_f4536ba8dd2d551d,0.00692528460193356
ck_b379c198d6db2d62,0.010871141368512739
ck_76ea90ebc74bcdc7,0.02487922200163513
ck_734f06bd4aa92781,0.05135452833630221
ck_677e1d0c14cbf569,0.0019400979046898417
ck_259271c70f3fbcbe,0.020620299277161948
ck_c0b744eb9e7d4eb7,0.03806578862478705
ck_3d41faeb96802f68,0.001417988801520508
ck_8f604fa70fc3c8e3,0.018739328208314015
ck_0b3c3bea0e0ed339,0.009610356528712767
ck_be5df076b8a86409,0.0034064434729218353
ck_6a475fe324d7d790,0.015598460444346752
ck_3ba3fa5387bacee8,0.0006875545105696975
ck_324b9939d9c1c31e,0.0026658464113693057
ck_a7fcf7b592f68ca1,0.07135753166688402
ck_5b2728f7cca414ae,0.00047875554742982346
ck_5f4a25ffd0b85a47,0.040029022146899094
ck_63d4f5076fe4406e,0.0008789335981475135
ck_af528d66c86f0cb8,0.004701293150303818
ck_ac7cdb9b8da7b5dd,0.03879599053857501
ck_3bece63711407e25,0.02076624673244722
ck_d4e0b2a12fcfc35e,0.0012041217839012716
ck_ee3e7c9d3a9c74b4,0.04372535030909085
ck_50d7c4dab837bf66,0.007237473280313536
ck_ebcb93a2990fc914,0.05412079926611351
ck_2329cc9702cdf7a0,0.05395830733003711
ck_db1fa53d588bf99e,0.01499744779184016
ck_44e57a0bad5a0745,0.026266719720383608
ck_472c81a144f4631b,0.001738180171103883
ck_1658429acd5306ba,0.006223283680663887
ck_466103ec5bd9444b,0.021746063094055204
ck_9757163e25262b74,0.004852527275066617
ck_34ed59bc2c9b0186,0.011580504095782975
ck_b7bd3a7f263f4f29,0.049479254283789575
ck_149662b09d632e41,0.01510599643911916
ck_a9ffd6b3957bd41e,0.0014553716287083315
ck_ab80466ef615e85c,0.001900117901022211
ck_f2c824d3473db24c,0.004286299470318196
ck_a4a01fd45936b078,0.03452527449112783
ck_8f6ce158c2902877,0.0004034280659455953
ck_5189a302cfa7cefd,0.00023598956320606507
ck_430a3d03be588201,0.0023033766568372953
ck_b5f9dd00914b4db4,0.005222512518597017
ck_52dec82e9cf6135a,0.005910215300811541
ck_95e444a01e2ab4a5,0.01728494369423829
ck_e37cee7b123692af,0.015297390357493328
ck_d68d42858a55adff,0.049778401700194395
ck_3abfc010091d679d,0.030693542349034614
ck_cee4e4e1b62bf82f,0.040112174180626896
ck_9ccb17c35e636c5e,0.010635296640443265
ck_f72a5a3b0d6c1177,0.0016258966268830586
ck_7508aa554fae6afb,0.2815838241321578
ck_003aa842b7ca1d77,0.3733751097023249
ck_83b2b192f41ee2bc,0.11777190524968882
ck_64796b6b2c3c7f06,0.015136926670338079
ck_6438ae81d43cb196,0.002727380680350173
ck_2bd73d9098504760,0.10360056654876004
ck_aa8b9b36a099e4c8,0.01859837879384946
ck_e5ece47d0dd10526,0.016776697396531884
ck_16077ac345472e6a,0.004723921562281136
ck_a4d6e152b0076964,0.0026735461356444767
ck_d90b1d03ae151f62,0.10703835402871459
ck_18b36d342b530af4,0.017536591652089817
ck_2a01e610348b84f8,0.0169549848698974
ck_0a93ed76bf36c8b6,0.01806682649190605
ck_3d56b477fe2370b6,0.07517550578704044
ck_17ab3068fa303682,0.0014654876009987648
ck_592a3520d841d11b,0.02036922181229442
ck_84d07028b5fca2f6,0.02310674888196668
ck_f4a2bb10afa85743,0.007122118353594497
ck_4fe4b072f03f2c1e,0.001351762053296001
ck_9ad08fcc183ea1e7,0.00117735840727549
ck_130d3848b9dcdb05,0.005963081740963038
ck_bb399ed6bf28c230,0.03451679606932611
ck_a31a64a39a2c4941,0.0025205533516320586
ck_c49f25dfb39909cf,0.034691018489237495
ck_55f50a9ae2db8ff7,0.0060786507177940765
ck_09faa4e771cf876b,0.006753131433738695
ck_df520a7a6e405889,0.03411238806738437
ck_8c8c98cc694ac900,0.00855592531537094
ck_7f0c4f609673ef62,0.010058923046144308
ck_f51fe59cd445d2cb,0.003902505555686971
ck_b3fb83f0d772a831,0.025463612441164518
ck_d6e7e257751c299b,0.0007261554049152365
ck_0d362ddb4a1cb6d4,0.010785425702266623
ck_a574a08edaf81781,0.004409327555840568
ck_a823f5bcb0e4b9df,0.0017054530101346995
ck_f792586ad0381eac,0.013496004549929084
ck_54bfd70022c66983,0.006781062655582329
ck_fe0a9372c9372de9,0.0035143458334855452
ck_5691cd6fdb6d8147,0.005775183813550176
ck_a95f212a02433d23,0.0111029336889628
ck_f5adad75e1c06731,0.053505648006167084
ck_e09c97520eb0533c,0.013231705545315484
ck_a1e13c0d58560340,0.0017258511271700256
ck_cacc2ca410cbe80b,0.01797710867193584
ck_c0dde2a6ef1e08c5,0.0006986064934085248
ck_a04403073c90ce38,0.0010507639922180745
ck_03d3026107175dae,0.010367654071969363
ck_50176dae5b1b716d,0.007739279878438095
ck_6c084bfcb38e96c3,0.020140191744058247
ck_36d2be9012f7909e,0.03441643170656035
ck_958acf84c6137a22,0.012894637405545459
ck_114722e12db90a73,0.021044894035154513
ck_203c2a22c0c165ac,0.011806684049492975
ck_2c44ca550e5cfa82,0.016181353966959976
ck_df0a8f20ab8f14f4,0.018010335968543012
ck_826a27ff7555192e,0.00846584052369492
ck_09a988ebcf062297,0.038987944476123616
ck_5c82444b3b9160ae,0.010866580910395393
ck_f6a4a7ed27fe76fc,0.06841158672957454
ck_17de46314b5c6a92,0.011801114188979665
ck_335e63101b1e6c4c,0.09235976767756587
ck_c5eefc0697451de9,0.050860635627267385
ck_49a0efb5d4067b6f,0.23651298260928508
ck_c1f4509c8f5dac5c,0.003978428642436609
ck_57658eda1c59bc52,0.0015202913250470906
ck_0d5c0736ec76385a,0.0005217003029363039
ck_e0239e6ae30795a7,0.008514784830238313
ck_e4459115cd8e5e4f,0.004836291499980352
ck_bb4aec09d4968dda,0.028989323121588334
ck_a1b4c96faed3e0db,0.016717182553339024
ck_8247b79ac67aae7d,0.013660466922638012
ck_fe2fc7d6e5d83f09,0.004075109008033643
ck_f6aea576cde8d592,0.0006174082495811596
ck_b7e7f7d0cd886412,0.044984812270257156
ck_ca7b993e8286af7f,0.003558158158817201
ck_47de038381a9cd65,0.014763204738251292
ck_d38f941d09eec820,0.024889578548336507
ck_d9ba2a6c0d926b4d,0.0021672144524041356
ck_cda72f597330d0f3,0.0026327898587194766
ck_16d2d27fadeeacf7,0.0028500831129513646
ck_be05447853d423a9,0.001794594132430253
ck_cd92852d7376a4a8,0.0006327365279281069
ck_2faf7ecccc9fec58,0.0003304888506434686
ck_db8733fd92f20cd7,0.003627501025125476
ck_a9989a3a94c26634,0.019878145532740584
ck_957fb25437c75e41,0.04509640304619403
ck_e6a6caf6e7de17c2,0.003020234830286995
ck_f7bc569b37e8bdda,0.013111866201626262
ck_703b375dd86a6124,0.013322783786953608
ck_d3cfb3603f2c6ca3,0.04780559571910532
ck_07cb2b6f2a4303e1,0.02372326907430296
ck_31631e2028d4f855,0.015897322411829194
ck_1631bab0ba1256db,0.017428355686353716
ck_5fdafeaec036f016,0.02381864808380747
ck_6eda4c36aecad602,0.0027960186878671573
ck_bd1bf9e3e29de281,0.06690867504934185
ck_bf378ea558a4125f,0.727170996441838
ck_7aa2deeda0e57412,0.9935321693772583
ck_d229cf7f5a3f38ca,0.005164676953177502
ck_9e109edd124492a5,0.002951454991789484
ck_779491819995625d,0.9350645999264988
ck_b89c6fa2ad0a12f5,0.017172417989771878
ck_1d01b4a609918c4e,0.9820783846904083
ck_714c5d7cb17bc9f2,0.008295702247234351
ck_269f1746f2609ed4,0.006697939644836113
ck_4be03a2aa62b93c7,0.00047806213006244326
ck_cf920313f6dd28fa,0.01610881946892236
ck_fb00aae4e17740c5,0.0032198695351843593
ck_085d8c42739e2b10,0.9979578530566403
ck_c72a7d0d03cf3e17,0.07852909885666942
ck_8f6ca5d3b17eac6e,0.0023549564503823903
ck_d9573100bbff4014,0.27456586090699436
ck_79d6793d1d0cf43c,0.0005418978968504399
ck_91fa5032f7aff0f1,0.09286540149600418
ck_87110d84872c0fed,0.026190071727020255
ck_8220da627e9992a5,0.0009437616862236069
ck_2ae44938847f3852,0.017416792095725216
ck_b0f191e44f9b6f35,0.051952167954592225
ck_3049d744b527f4d0,0.008980370941586616
ck_47d3e8d1dd3fbcef,0.012153857723694515
ck_ddf787359d2b5deb,0.0019800302778719193
ck_b27a9e39726b26d9,0.001964838532670379
ck_80c4e9274cf976b6,0.9939165142061482
ck_c6afa913168ce8fa,0.0047186000031819225
ck_52427b3f8478db19,0.020342063422080947
ck_3b810f15ca0eaa55,0.007025006694508791
ck_0c9e420f97baaa06,0.8679272952960804
ck_f8540cf3a8b2f8c9,0.046116094922225244
ck_1402d24dd623df72,0.005958993835429705
ck_eb4f4267e24d042c,0.0028228559904790746
ck_6f661b428d6fb8e4,0.022223987722498565
ck_519a26ecf3d29c90,0.002585191779933451
ck_e886ba71d4a6fd73,0.007221368233266847
ck_437f9ecd2016a1a8,0.003537747465534632
ck_f01af1b0c977cc06,0.01026185214550058
ck_614f777c2eb5d537,0.00894822709317263
ck_b804e784cde9af8b,0.003483715418568372
ck_c2dccbc1b24b137b,0.11967362171744812
ck_1df4a1781a0f6999,0.016971582636282425
ck_bd2cdd53fca26171,0.00965514584312569
ck_424c254249a109f0,0.021730819889151622
ck_cf2ca4f286e289ba,0.026140365399663964
ck_6c33cb15b0d8af54,0.010601208301256906
ck_311d395fa9b8550a,0.007076368124854063
ck_9f792e7e721ff7f1,0.009825178553077159
ck_4c37586080edb7fd,0.0010335952300839582
ck_7c4f42c5397113b0,0.0014740559402206788
ck_fc418f53ce4aa579,0.9153632537980807
ck_1ba28fb7ef726ce2,0.01614398055028041
ck_d932f98bf6b83956,0.09955025149761393
ck_248b3659a9239240,0.009213059918692566
ck_6a92cf5f4cf5de38,0.00901708323748666
ck_65519d0fb137e0c5,0.0029470560185093937
ck_ddc3fc99eaba2064,0.034604717075113665
ck_7310cda3bc65a73f,0.004182087596015295
ck_c01c85bd631d4054,0.003452990534752896
ck_b4954d16b9749829,0.01108884929838738
ck_f301f6758e170d66,0.009166747314801585
ck_9bf95f8c47e7c7b4,0.010763749884487217
ck_c91b7fccf6aeb4a5,0.045297640510012865
ck_785fa45e86bc5e95,0.009244673865054847
ck_2a65f1cc23f1180e,0.0013600503887540587
ck_a49a2c1f881a3560,0.002384177385015357
ck_def344d68f06d749,0.03348288133130925
ck_abbd1465fc730d78,0.0026663117016193756
ck_07a5610ed28162fb,0.014762300323742119
ck_7ecdee2d7127be8b,0.018457850627470622
ck_67858bc00e81490d,0.001028134122931308
ck_b4ad165ace910222,0.004054650577181888
ck_30753ffe481a1b8c,0.22496451716755808
ck_c401a26725b17177,0.000801716034555253
ck_819988d8a7f26415,0.008843868483549703
ck_3364a1d9261b3638,0.007036505985597009
ck_c484c5bda389bf20,0.0011745423788677538
ck_ae416325fef92c9d,0.9729001758710524
ck_5517b9a865960542,0.013990229874307042
ck_a0e96fed380440b2,0.005769770137867039
ck_e83409471d2b0b44,0.016759795956440896
ck_127273af97d7827d,0.016673259791510027
ck_aaa9861c91bd14dd,0.010713332952916018
ck_a378c58294001a36,0.9194592466015173
ck_abb9d65ff1f95b64,0.05125632999439379
ck_a5ecbefa849ae569,0.00948640792681715
ck_aa9953c0ca2bed7b,0.001988853649686485
ck_40bc6de252865f32,0.006951030661221605
ck_9fb11688dcfe1513,0.003426320263115558
ck_ba68841ca2ba073d,0.008225362360793768
ck_1d3e561a7d20be0a,0.9655679857868785
ck_99a92d710a29c1d0,0.01459862914699158
ck_ede2e887697ffac0,0.0011905044936989637
ck_e6de67c0d82a7b83,0.00992028930562832
ck_6b38763bf5ddbcef,0.010707808072087472
ck_8dd44eead7d765a5,0.017189717124105296
ck_30bf5b0056eea9e9,0.14366901782010966
ck_2981d16f8a51a8ed,0.049166515950098
ck_fc60f42c68c7024f,0.07281408778478556
ck_8e2b2251ee224aa4,0.025783125472820745
ck_1906f0dfaf6e9bad,0.47267555015442303
ck_dcbe6814fc4ca0b4,0.04863781357173621
ck_f7e958a286ae3b57,0.0023894758085614112
ck_713649668a7ca824,0.00957325670718399
ck_6f73cdbf9305e2ea,0.01418955453744318
ck_dd1c490050cd9051,0.034245068881705594
ck_e30db36e376606f7,0.06063984041535307
ck_740d8fe8028b5a2e,0.003829808429677409
ck_ebbc9418cd41f692,0.006007081348296607
ck_7b3cc6cc3f250f39,0.009798789277500723
ck_1d30eef7110809e5,0.07555843874166478
ck_77e0589ab339ca66,0.003390378173034029
ck_15ccbf8ff7d14086,0.010459123096093158
ck_246989b0c288664f,0.027215141614893548
ck_fc2a6e27b10b10e9,0.0011810160601633884
ck_8afc1112c12f5402,0.014093066399668812
ck_a76e8d83b9141364,0.032525920463442964
ck_51d3e8dd7465c015,0.00299959691857985
ck_e7b4016909405981,0.001639871629681296
ck_e7a3cfb9bf908e80,0.03441587585346418
ck_2bb49dc2388cdc1e,0.0026478185745588403
ck_94f4266ee7871345,0.004448233957856595
ck_b2c896beec146477,0.017903124036719422
ck_fcf5d4a4748cdd53,0.0019351132073690681
ck_fd0483639811f62e,0.20233094115627223
ck_9a21d183524734aa,0.03143893042812358
ck_1df4b46c0a4c317d,0.03269312731820746
ck_638df9e8a22dfe0b,0.011788761496348405
ck_65acc43a6dc3e65d,0.01294091413818307
ck_7c67b73196e3d0d9,0.03781861369709697
ck_b0ee3a98175b462d,0.0018566380909406112
ck_20fad010969f1abf,0.0015150922463067434
ck_54b087bd873af8b8,0.005115488478534303
ck_8007824431fa803b,0.002563987895400372
ck_23aab322810b9fec,0.014247010815904463
ck_c8001bdb9aafc8a6,0.008165340712773217
ck_3a34c3ac83cf84b3,0.01059835270720196
ck_60187ac2c473a662,0.969105539883688
ck_6a0ccd7357979f0f,0.05344673030496224
ck_27f20337bef5ffe0,0.019969277109499955
ck_f9fc468915afe49c,0.10581254197431762
ck_1eabc15a94bd9009,0.012019223343238671
ck_26896c494b2768ef,0.012365298471599978
ck_348c874eaf0354f4,0.017758391874076022
ck_be9c46acd216b45d,0.021104489992948554
ck_a3cce46d15cc20a2,0.03683854062454321
ck_70804f60d9704128,0.11909894572140324
ck_a019151ca8e7527a,0.022399659487292944
ck_571133b2aa8ead51,0.016820066240360056
ck_0afa4449f20d5196,0.00368886662400834
ck_4d503c41cf4e5034,0.014184289557179765
ck_d6fb9cc5171e3e9b,0.8309044508267565
ck_05ed92a7c3e10e5d,0.023238227338865623
ck_bfb067986660afe3,0.05300594289804231
ck_c1a31690c8573226,0.006666669775229538
ck_cb88ef3dc1f42225,0.00217071562963643
ck_21e3b3bd998745e5,0.007461056820380034
ck_cf52e46fa54e4540,0.0011445513413487654
ck_b72c7ac4208052ab,0.008232617884824404
ck_e6465c56b337e6c2,0.004986068635867878
ck_5f87eb05d18186c0,0.004970401808614435
ck_263f6c5ff26b5e98,0.001769609450897269
ck_e0b7e2c0bbe228d9,0.003170996530595833
ck_b657ae3c146cb7bd,0.0019166476729024456
ck_abac514d8167ea58,0.012631610893263633
ck_024dcab126876002,0.020227395635766133
ck_5d8481e2b38bd99d,0.016326279740188056
ck_edf229c17d25dac1,0.13207805042952983
ck_6cb7c97b72d6b5d3,0.018851223235177836
ck_c96ae2c28086a059,0.044204016933860724
ck_2f241b97c0f8389e,0.008397596112466254
ck_9158bdbb63ee8987,0.011400397054740902
ck_e7b40b60786c1530,0.0047571878400285575
ck_66d38518f68e6194,0.0006060593243905007
ck_8c9b57ad2a991416,0.0053496697846438955
ck_cc91bd7152d3e9ba,0.024973932884843893
ck_0d846660c7957a88,0.0034544158462089425
ck_60896cdac2212bea,0.05398647923151597
ck_dc4db8b932df49de,0.030768817597712116
ck_2dc31db181150e20,0.004148663201147673
ck_2f138fce1171e277,0.003429007663281623
ck_68b8b859a6ef505b,0.021677047752261168
ck_c3fe0c6c5e1f40f6,0.003033765048921168
ck_15886fe84866de92,0.10062160823206923
ck_ea269b35406473e8,0.001295680016831374
ck_3ce7cad1f69b71d6,0.018886886122428895
ck_054ed4288ee58d6e,0.06089426521200542
ck_3d4913a86f207fee,0.015529650401512647
ck_23ff85f9d2355e8d,0.011324151935486379
ck_d87ab3261322216a,0.00036535938455009944
ck_fac046ce336fe39d,0.012150473642264356
ck_beb97e498e6cf8e8,0.03130245105430281
ck_1f517e0ebf397b51,0.006342183822291034
ck_0af57ebaa45877a1,0.0022681805274186156
ck_f99bc1732ce5e999,0.012427709478679124
ck_abb056a9deab275a,0.013257200707773557
ck_0bfc394c5faa65cb,0.03845256820634634
ck_ddc865af1dd5670e,0.02226651760645451
ck_68b5542459638b56,0.023127590221694694
ck_0b1d84252c0b46c2,0.005734942884786091
ck_520ec32c4f253604,0.023792253166298998
ck_79ffcfee599d77c7,0.012719435311814692
ck_eb224c0fd146253f,0.0363872081589537
ck_0e477084434da450,0.013300101450949293
ck_07840bba5570785b,0.007168403091793873
ck_6b67fe8e310ab865,0.049969793106992545
ck_e2a1068c2fa22525,0.021197806721806215
ck_b9c6b32f6bd92a3c,0.0031670529285411663
ck_c1e7d1021ae58f00,0.001821172313611691
ck_5d7801201749ffde,0.0061017523295286424
ck_c8806749e263f70b,0.0007773722403113658
ck_c9eeab826781dc91,0.011034575983555148
ck_309a432c160a17b3,0.008510337204114407
ck_b22e3337b8e3dbb2,0.004031083369169506
ck_79c30169c71b8033,0.9564392221441711
ck_5a6593d954085775,0.004095064349582283
ck_70b9b79ea1aacba8,0.016904042858877706
ck_63743141ffa11f45,0.09288774997762071
ck_dfd3dbd0d97a642b,0.01820966902790805
ck_635646a661f05b4a,0.011065058298980626
ck_4b123d6931b6d0d7,0.3970243077918892
ck_f2b0e7a47f442557,0.7423885789934862
ck_1b1df006b81d38ba,0.009299620822565226
ck_360237c1bd30f4bd,0.006068572158941743
ck_5e84bca0e362da20,0.04382738969018101
ck_142dba210ed2f3b5,0.07350449268021023
ck_a3564236069e3524,0.08072871745802451
ck_cf36d8b070ded782,0.010998657900055544
ck_ddd6625c5eddad70,0.0011029517215467703
ck_ad54292a0b2f44ef,0.009027976392100474
ck_45cd5ef6b359e9b4,0.00535294262098093
ck_982c2392238b7be3,0.30713105501977583
ck_083e4ac78685c3bb,0.028170532561461743
ck_729cc0b46cc2e546,0.12834383018820283
ck_f2b8995fe5402759,0.002282016177055211
ck_73e24f5a8da289b3,0.04030676167304541
ck_bd85f30c36f5998d,0.11613290822753193
ck_ee4ff3aeadf912c1,0.0027143133317800664
ck_63d2978706e193d2,0.007145081544635247
ck_6a0684436a1e66c3,0.648982695528955
ck_182dc4a2f5a366da,0.0008439532024687144
ck_e6fecb82fc2a82de,0.0014619867622240924
ck_cfb06f07394dfe64,0.0009238234326226306
ck_7bbe1dc8add17ef0,0.016607460093842025
ck_5cacad76e02c8e3d,0.8852541758026266
ck_ca68dec0c7df5a12,0.0022928693361850125
ck_e4c0fc52c82065d3,0.0035386637224999093
ck_f9197b070416f443,0.004560986024104696
ck_2a07c7021b71cf65,0.02239899037262262
ck_4fa85cebf707de2c,0.0007017300632884867
ck_0063d2a9507467e5,0.004236830692099264
ck_ec986285fff05b7d,0.0013068503585645498
ck_279d43303708109b,0.01711520692196298
ck_a406bf11e48cf8c5,0.06153805661408395
ck_064b2aa3f0bfdb6e,0.011234179942559938
ck_95790440bc4bd2d0,0.01575428390009514
ck_70066eea13b4c34f,0.018687164127945452
ck_19468fe07e26f992,0.9572168375723469
ck_86bfe328e0a533b9,0.7092682660481673
ck_ace3b96c977a7560,0.05101697950789273
ck_642344e5c652d8df,0.02558004571742442
ck_074be35c951ae10a,0.02617380713214424
ck_f14dce41036486a3,0.9949109838862048
ck_5cf67a3a747e684d,0.1315149259817033
ck_f7285b92648c1c81,0.002613203112914617
ck_bef3193f124fca5c,0.21749067334025204
ck_05c4dcbb45de1f8d,0.0026840218065338132
ck_d7c28eaa05bb7144,0.003391247428544201
ck_320df984791a1b99,0.0009483384663137871
ck_f45bad1606fa00a7,0.024912311132269105
ck_6f81c199e986d9fc,0.005909843310116698
ck_d0c9633fed57c344,0.019743777418868413
ck_a3c25d6cc7478068,0.010015622452553346
ck_4185506d12cf9fa0,0.0010796058612321852
ck_7a02ee1bfba7353b,0.013707331387708546
ck_1b52590757c0fbeb,0.03355871160566218
ck_a0e5656e1cf9cbf5,0.001978053530042602
ck_ace21f6daef94f6e,0.0033725357678091785
ck_646d8d0834782d6a,0.11888040845572485
ck_1f136a4476b5e775,0.01190059235582719
ck_325c7643cce02da3,0.0354448017603108
ck_9b5e7fe28208f5d1,0.005754032608664035
ck_05d81b1a150f31c5,0.0006935959187508379
ck_0e9ec486bff403c5,0.015483106120851037
ck_ee13c091bc379188,0.015249509408471352
ck_f7a7f8f5903617c5,0.017153605978568354
ck_96c3a3517153390e,0.0342440816472608
ck_538dad7f096458ad,0.006291364965998801
ck_8758fc6622bbb7df,0.008864770458309535
ck_f7e53af3c91fec64,0.026251957335923077
ck_80b50fad7f255e1d,0.0035316077430709446
ck_9645e7adc08631b5,0.07572492996361442
ck_e007aedbf37d6ec7,0.011502409655076647
ck_2951d76c41de2569,0.03264107839936356
ck_9439bff87e616d4a,0.010484391285017379
ck_a73045e96af0e4fe,0.02286034848043166
ck_7b382e533e2e925a,0.02866073908702988
ck_730226c2d216cacc,0.00684415309945297
ck_bdf837d761a7cec2,0.13434858685161927
ck_0b34197335ba3341,0.015651885990416944
ck_49170c4b31a20f5c,0.0017029838168528212
ck_cd553ba6589d8bfd,0.026906325762769096
ck_56b992c6f136fa5e,0.01862520727483828
ck_8beae3d7328fa41a,0.015315197345345321
ck_1a065ea906ae3d6a,0.004310719135328195
ck_e9e3381d5e0e5051,0.005142457990716873
ck_a6d4f998dadc90c2,0.9810338482276396
ck_d36733da917115a6,0.010192013633509718
ck_e738e920bbd74a7d,0.011223490714261732
ck_af65eb885a51048d,0.0010345970638288725
ck_73f4eb09af29b1c0,0.014831401203132547
ck_8fc641b1750a2542,0.05957467307927026
ck_41b954c7a948c060,0.003513689454213342
ck_25fc3010e8a0f6d7,0.0031243804805656922
ck_a2624e0387974e0e,0.05507497149861641
ck_5cb9d7b2329d5ab6,0.03730613790749856
ck_6c83aa1d100a7cd8,0.06055508303173407
ck_67025c64588abd1e,0.0026261450510125873
ck_f5dde68f6f0468e1,0.0015752747329955258
ck_46bfb2cfc29a6d2e,0.012366574207033992
ck_49dddb894d33f6db,0.10169990837872062
ck_f738b633b8862d18,0.00038110644872618797
ck_3d6c3c00d854f5a4,0.09958308218932412
ck_cdb8061d8d1a6c5f,0.0036195888088084755
ck_5e1b81848718bdc3,0.019213725322475995
ck_8def763034187436,0.13947352857902853
ck_8f8e4fb9c6190272,0.002104366758548211
ck_368b968b5f33431e,0.0014678503616206645
ck_ba7e347251ea399b,0.014383746158104492
ck_9075432001a64e75,0.011135115558659597
ck_73c5371635aca173,0.62324506400795
ck_81793387b38047cc,0.0032786806521545044
ck_0cf220816e320ac5,0.0019807025332895835
ck_820219bb9c761b52,0.33480283001143435
ck_70a932ab39d86a24,0.0007006565504879359
ck_2c4be237a7ed79c7,0.0013580108163939808
ck_acc764b49ef02826,0.1456333437751669
ck_74c3c3452e4e7cce,0.0025998710683634223
ck_34dfb57e5bf31d2f,0.05700412494530023
ck_6ec39903f765956d,0.05941127172779016
ck_5986119e7d81e831,0.010570962172534734
ck_2ddfc948b8eac752,0.13601157468783573
ck_921ff5ceaf40a968,0.04151254296195741
ck_fb3b68b4424b5f92,0.06696427592356563
ck_c3db1b3ad4f16679,0.002796767695089291
ck_124a197be41687f5,0.022425093379635268
ck_c58d9151834f5bad,0.011158729943759587
ck_389607982eb6b701,0.48838338092302375
ck_fb0c138c003e933a,0.0012000940547273358
ck_50d0bb7edd8c69c0,0.04186083419203348
ck_c6cb651149dc9a8a,0.0026092010314836857
ck_81e21354e477eceb,0.05307329175590387
ck_7696e38b3e4197b0,0.013140132078832552
ck_586001d3ed9e7fbc,0.005382073957190534
ck_bba413492dc46f2a,0.01900146884954224
ck_95b894380ad2702a,0.035337197568600605
ck_277621473369614f,0.9968642099782411
ck_a50621b5eeca84b4,0.0008948222046893539
ck_bfa7ba218b988cde,0.07595842244029154
ck_5ea89567dfe78e4b,0.014586006656679933
ck_6c679602a6476ab2,0.0059220587704100925
ck_d3885e286b3b11d2,0.02749224195440627
ck_cdcf6671b37c9c92,0.03254412498215221
ck_b5c93e6d34f8d366,0.0008857589540353238
ck_c24f61925dc158d5,0.05622824729784338
ck_cd09375e6c81d2c4,0.018786321415310444
ck_a95afc7a00303a26,0.019480818701561015
ck_8e89ca8b39f3f8ad,0.0013926227664490763
ck_9a84b396aada3fa8,0.10364031043374289
ck_5124a2e415384945,0.026090992582232027
ck_d66bb1f063357f99,0.008334129076555348
ck_0fd9312411b0ac55,0.03027541939851668
ck_ad8cbe6e27e47ede,0.023217894045332324
ck_8398adeaf41f9cae,0.014825637418155511
ck_dcf851e7bb5855d0,0.0028392690148622674
ck_9affb0f26776b642,0.0034832220192650555
ck_f0424b3b36bdbef0,0.11708769070118383
ck_66746d1090d6d9e9,0.001834985835822258
ck_e5f8c8a5824db594,0.0253204681366488
ck_3e91dcc209431984,0.06306178829191283
ck_126a82e8d42e5ce6,0.0017748546033400556
ck_38e4a74ab256e2eb,0.012577205200489987
ck_1225a97fc413a419,0.04255331844562644
ck_9b5ec0f78e160e65,0.002925990783927784
ck_7c5529bcc079600b,0.03112476160048689
ck_29640fc2fe81c251,0.26631801171292774
ck_160e9ba0a3f7c1fd,0.0017475756370612997
ck_bff090cb4ab76b9f,0.006312606324667581
ck_aa06ed358e43db69,0.059621450880781655
ck_7264486eb512d84a,0.0038298662694838826
ck_f5a32e6160b28379,0.012844584021231275
ck_4ba8bec14c2217e1,0.004438540908810745
ck_610815786d729d2f,0.017235295890503852
ck_e267999226b6321b,0.0015928650526259578
ck_f3996a3c8eea1ea0,0.008305672240710646
ck_e9b75ed7567a3f23,0.02237514541647784
ck_d21612d48bb4f7b8,0.053625681959538526
ck_1f871df76c6a995b,0.058550743696143874
ck_953bd5de48ccd70f,0.7152151995261273
ck_02a9104419a6dbaf,0.009117560479101835
ck_1eeeee651e05d535,0.055989093879474254
ck_e2ab04136a442a98,0.003945048774202868
ck_f0d806624ef3d359,0.008038946312998873
ck_4b68b38c1b3326a3,0.005664490896181346
ck_74e60495f8861156,0.010613526699115647
ck_398f3f4cf05c721b,0.011290381237726289
ck_f761b7650a0c1a85,0.007339256417585312
ck_7dadef33f5e2d94f,0.9915420409242732
ck_6ff6883633b8c7ba,0.0007277317281877481
ck_4d2159603045109e,0.016976376976638105
ck_a38bd07a5fac5c9a,0.0037025986948594513
ck_f517f06551e69507,0.00279342601049752
ck_a7ea00a1760ad561,0.992989367249168
ck_31fc51d5a3dfe16a,0.025256522377185592
ck_bac5233623b25ca4,0.006098258281056762
ck_385188ab27784fe3,0.0478387783458566
ck_9947a323bab5cacd,0.17661991632615476
ck_7973edc9f22ee7b6,0.02490282188942575
ck_f97c477986043755,0.0018842645315564897
ck_1a3fd2cc4b4de196,0.007196545942881639
ck_e18ac29ea62cb435,0.0909318123868353
ck_9720a472a3e0140c,0.006725906330391812
ck_668c7fc7d7e47c0e,0.09244746404887683
ck_214af0806470ef48,0.014338835751495714
ck_a46c1773f01f0be7,0.13303610289823253
ck_f2bdcfb4203ffdee,0.04125756144929448
ck_40e84e6ffe788a4c,0.012443301357719564
ck_dfc6f5712d8d6678,0.01955013727612838
ck_01ef1036b2e66a4b,0.0076519238205289344
ck_3acfec10eec32f9c,0.02674098105468746
ck_084a85145c15ed77,0.007914153735429282
ck_fcdb4fe2f095fba1,0.18784382139300468
ck_023908db0a193076,0.15219875545776845
ck_fec0ff92fd622253,0.010592196796876036
ck_c009c97d5fafbced,0.11717921870848007
ck_eb9f0c06ee017ee5,0.006571080098147807
ck_d7792b429620fc24,0.0048475419146756385
ck_5e9e149a3b69c726,0.03930347708370442
ck_ce927322ef8f651c,0.010868629416271421
ck_b8fd61a8e82bce32,0.8695498652190793
ck_9aafc33fba1474cb,0.0038418572134557402
ck_ce81ff9b8b35562f,0.0030936272028928903
ck_25bfca1d8eaa152d,0.008685100760682688
ck_170c65860e2a7e23,0.012435581845769985
ck_952da7ca9f33decb,0.023852567527021733
ck_1ebd574406235957,0.0368625011182331
ck_589109a188adc2c1,0.002768883079213893
ck_f0cbd5383bb07778,0.034245487244634824
ck_242521e261148fba,0.003552953024312725
ck_509cece86a558de4,0.009841420727622827
ck_0dd7c5925d28755c,0.0035638333825981495
ck_a7e669cf1c3985aa,0.005270198038616674
ck_acb84dc2351eeb76,0.0014567215299351366
ck_b837c7dac2a9b931,0.04019357020216665
ck_18eb1f9181f95df4,0.0037828185299399546
ck_b0b9047dddb1ec84,0.3235461533572157
ck_43aa136bdb0a2832,0.23537742441978884
ck_3e47f8c56c811700,0.010083861255821079
ck_77c587d24695ea15,0.011941301091814885
ck_20578ac693ea4e93,0.03938915588158126
ck_b9f6040eebd1605f,0.08050038829079526
ck_ca9d86f65cfdf018,0.004143010036014704
ck_a4fa8833995c716a,0.004695624645161013
ck_f589f1e29301b5fd,0.008956229426137538
ck_961ddb8ff55d868e,0.001364757658015905
ck_5662492a54e6688b,0.008566332483342485
ck_ad48826c1c26eb78,0.19810963418496463
ck_621c9ddde6bf2eca,0.026092404048028362
ck_417a3500b2c717b3,0.06326849175407716
ck_c7e129058beb3ac1,0.013058429787997714
ck_ec1c902b9b9b9c5f,0.04955662770955901
ck_317360ec0a67d27e,0.029319395249402632
ck_3e3ea5d8c4a229dc,0.09453775158808354
ck_d11d27de7bf0b973,0.17137181017351755
ck_d37d56e931105db0,0.005212073256701403
ck_4863077723cd6ce1,0.0010160809150010117
ck_479a065d5903e9c3,0.0008260136498778042
ck_e66ae4fd586fedea,0.0022843815922888693
ck_192bbfd0d5720134,0.005681844790691959
ck_3b436cb29af99f3d,0.03755683376494519
ck_7c7ca54969eed187,0.019677526312640786
ck_826ee896c9f1144d,0.05498038876289915
ck_ba1f6dd43fc8a0b1,0.011162576992707039
ck_49685deb63e4e8f8,0.016741480244259966
ck_687ab5d5554bfa79,0.038045001917167046
ck_41346ccd9242cc8f,0.0043353577012150805
ck_8f8e5e2b9dfec3d1,0.03956506593305847
ck_94d5ce61a0c50465,0.05742246539274529
ck_6b954c75aad8c012,0.03366258010501759
ck_748af92828c9d288,0.002329463989191785
ck_dddd14091ce812c2,0.03165978839256916
ck_723323f6870fab59,0.058984033630799064
ck_dbdf8d0708cc6718,0.0016266342388782887
ck_f04938570a154de3,0.006525038873583098
ck_58afa1550b3b5294,0.046733351254495674
ck_3b150afde386ecff,0.03662853366234698
ck_666b95e75d99ec4e,0.8689447000738635
ck_e00332597cf1eb24,0.007776386673979045
ck_9a9e3dac79280d7f,0.22596665515206088
ck_e8d37262e859d9a1,0.01177391740494531
ck_895bb39d24bc1c4c,0.0009092788905862015
ck_b367449195e36499,0.010605318517188983
ck_d23f9a50d1135ce1,0.07698403815058472
ck_670dc4910cf476c2,0.0017720859983969125
ck_3ecd8a5ce65e21ca,0.015105205255920571
ck_8584fea2df4c6317,0.022520903814097652
ck_0789ff4562202b20,0.011953805026576014
ck_749e0e50c3907be8,0.002749478621184583
ck_c3ff6790cc6d7e34,0.0015914230966345352
ck_75fb7e56432ee4b2,0.00612508547359681
ck_529fc3170fd11abd,0.0684918766625123
ck_34a69b3b4a681796,0.21180723535271928
ck_255f0e5888ae9e23,0.024241388514207124
ck_65be698386474170,0.000743805365600267
ck_5eec9ed855c26000,0.0025160040716620197
ck_5ab39bdc9610f6f3,0.0637416170379414
ck_1b5b75762f033462,0.022680499573378976
ck_d3e208671cf37f91,0.8393988685413459
ck_5068ee554ceff971,0.04599565162897781
ck_d7d50fb57fcb2d0e,0.0012848420740044835
ck_ba6e1115fceaa067,0.027637402116839037
ck_d07bfb16a4a7dac0,0.8827464191394057
ck_ead68310311690c8,0.733921445180525
ck_ee53ce862bc9c111,0.016456008898188695
ck_97e56e6037024dff,0.0030067005415062497
ck_80b04344c98ec072,0.043408475697378573
ck_5954f45a2ab45f43,0.011587570569001882
ck_18ddf7e836256e3b,0.01817159445447236
ck_89a1a780144d808b,0.006232480692340662
ck_a7331e8b808c39aa,0.07242072605259843
ck_a1fd0ad03ff9b776,0.016703177041967904
ck_c0cf50eef030b401,0.0022629168591199885
ck_074f20921189e7d6,0.009796499808520718
ck_e2aa7be60794593d,0.19331635787289628
ck_72771757dfb7f7a8,0.013756364806221602
ck_a9cd84a6dddfe584,0.026850452452672507
ck_142c00f9f8557504,0.030021609003201728
ck_221b5d40358230f4,0.03345073681182547
ck_a2d7a563f520b7ea,0.00850716380428314
ck_66cd34bc568d95e0,0.012274710402059182
ck_a17128972d3e507d,0.00951898147576599
ck_bda299466bb2136e,0.009103258368455354
ck_2b699066665abe8a,0.009515271500664594
ck_0ac9848bd4ba0c14,0.002533335816001744
ck_98d2f9a6ba3a3077,0.8710416813465848
ck_a872df31b28a5f7f,0.10832606838722954
ck_7e73e1d44ce82ed9,0.005236392668349536
ck_1a415416f620d49d,0.004306843239802346
ck_c95c786d2f8b8edc,0.013089762439862365
ck_e45012f22b7f91d5,0.00181117599148902
ck_aa0b083e2a6813eb,0.04143827978376857
ck_4666232ddbf77756,0.002087608939984238
ck_e08e9c8ec5f23d8b,0.01996303885430869
ck_31d4c0518e5f52c6,0.0036658017439439535
ck_c1ab40638f04cb02,0.021607621943649315
ck_4c1fdd1669c7cf51,0.0042977776159769205
ck_11662cc7940ffc82,0.0362333658697799
ck_2e679af24adedac8,0.007646674684636289
ck_454b9e21b7f25a4c,0.000658394742874948
ck_355c4f29089731e8,0.822052986292512
ck_507e40760a24d2d5,0.026393052732067126
ck_0943e0f305078e34,0.9870462268752176
ck_abc54ed7111e9ed1,0.0011598257427932255
ck_a60fe02fc04407a9,0.06621260705469018
ck_244b897bb4d57c1f,0.007249470518591482
ck_8c84fcde93a04334,0.20328666526818162
ck_9eea37d2de633b27,0.003315410138931482
ck_b2cb9e6610eca967,0.006512169054591301
ck_09aadb4c41b166f1,0.0819365221320706
ck_8d94fbb4828ef326,0.0019665925062644445
ck_089e3a07abbe3b8f,0.008602532106344613
ck_dfee9de05e3971cf,0.006242594469761895
ck_6abf8302ce052451,0.07363177841444803
ck_6ffa90143838a4a2,0.003482319051411638
ck_325caeab5c7a9c3a,0.013891610785497338
ck_1964ee9db929a173,0.8917000333961689
ck_942b95988a6245a6,0.10654782244166561
ck_913ecdeeb8e21a9c,0.005245844483515196
ck_ecf9794349eb4b3b,0.03637151597489834
ck_b6cb8d6ae828eed1,0.02101410042483023
ck_2f82ea66c4f53b33,0.17407488038882712
ck_6e676daa4855b58f,0.03857486221859456
ck_2a37fef48b44e9c8,0.016973830991738777
ck_3bd12d468fdc2450,0.011412351866847038
ck_1a28b6a40a6bd3b4,0.05633632212647108
ck_61b79dec96d15713,0.00229122070504092
ck_31d5e3daced93d3c,0.02096134943307875
ck_e6c8611c0cf233d7,0.0011888407001105397
ck_f04761b4a937ac3b,0.005224578498068161
ck_38c1c75cf055031b,0.03393924158675192
ck_59a561f3df01441a,0.016001161232946808
ck_04e40f556a5062ef,0.002659760441060854
ck_8409716d174635b6,0.0025227849618725305
ck_3019afee83342701,0.02348605999837751
ck_b51a58e7f032c9a8,0.02909629314393888
ck_5043e474f848346d,0.04341244505792114
ck_4388abce33ecd01b,0.6874978448505583
ck_c93def7392f0aff5,0.0245299800582514
ck_72e7b1acc19df820,0.004947376650095091
ck_f253130dc3ca5b3c,0.01639696960699199
ck_eb264d1b180d4b4c,0.02511017473840618
ck_c2504f5a113433ee,0.0014668561723276909
ck_c16ab1e4dafb4910,0.23263083905157333
ck_4bc42878fa180991,0.04634587788699988
ck_1c771a7c78f6622c,0.02298675992983072
ck_d523f0e50a2747ad,0.0023312125876650087
ck_9060f4e7ab7a1b0c,0.007396873596894436
ck_6b55ec4e87a5e22c,0.11080950577952323
ck_55fc62a5f89a7251,0.014227258214245633
ck_bd2545c62f258231,0.042110186969647787
ck_1ccdc69d0bb712b4,0.014648843901154023
ck_710f867a3bd5898c,0.0022655407579592404
ck_f91d48c40337d375,0.00566674371090685
ck_f76d929541ed41dd,0.045991280802180554
ck_e26a6659c237b650,0.017780955451322543
ck_184983177b73dea5,0.006529374296568104
ck_6d0d081bfa8a0022,0.041188864654166255
ck_2f6e64f638da0f97,0.0015503925118843323
ck_15b93103ccd38609,0.010737075030830188
ck_094d10439b7b4eac,0.0032336254273553976
ck_d2ca47180a926ba2,0.013818730186820513
ck_a69ca7b9d70972bb,0.012647033651742027
ck_68914e67343a7d32,0.008252753742700306
ck_8176616132458c0f,0.006142170728332268
ck_eee99af3598311b8,0.03287939555285345
ck_94410eedfca91304,0.06489145021506132
ck_cfb11a0a2325bff5,0.00524531268406915
ck_75217ee144b715f8,0.020057895908914745
ck_d56fc799542299b8,0.0015858823161557605
ck_4c352dd3e7c81269,0.026566666682449464
ck_e23e50e02cb3904d,0.04252577259378334
ck_b921af37d500e139,0.007403194004959471
ck_82181b935360dcbc,0.9906448293920332
ck_22a7cf3b99c5e5fd,0.008444775984862705
ck_f67ee7910d532216,0.011533233118066711
ck_5f48762a14a0326f,0.007092261736302522
ck_1757fcb0e6e3f88e,0.044339671643260914
ck_2c2f080ba185016e,0.033955902243196716
ck_4c25570eb72711b8,0.0013169009127397702
ck_a3be871ca22ac416,0.028089633519424645
ck_ab70961e7c6695b2,0.019374866301174607
ck_a1cdebfc42a52448,0.00171426302535533
ck_f1b80b821a20186d,0.013079446644774336
ck_ae668e4564cd2aa1,0.0021300576632889098
ck_0e2bc3a5afa439d8,0.06488456341310549
ck_3dc378f37d0b74b8,0.01790231418146853
ck_9f9555197480d1cd,0.005952706002654073
ck_bf4e7d48770a4a8b,0.0891494061431727
ck_614ef655f0685060,0.007262402219210551
ck_04d2ea38ee27770f,0.0006558046290773883
ck_e03a9d8ac94161d5,0.01717987358837838
ck_d4007b5b26d9d854,0.0009010228990258293
ck_2dd147ce6d61749f,0.01152903055836036
ck_ff45764ea7d6619f,0.030012346380472725
ck_dbc487cb0a6c18da,0.9215968532609571
ck_791d5392bbd80447,0.003293301865705107
ck_b4068439c413b150,0.01332713949986669
ck_85df7b7de9700aba,0.002924978879462257
ck_001e42551cd06e40,0.0015271217172417705
ck_a6c02ae50932cd9d,0.009677598691685437
ck_9fd0be2c018ff5e4,0.00449618977663254
ck_32a495128395fde5,0.0018539939172986899
ck_b6f2a2fd232c141b,0.0100650925443318
ck_28dde633692904b0,0.0746885594950633
ck_a1a93c5f375f6021,0.0024017432079022085
ck_e3982142336782df,0.024834443213109014
ck_a9812ff3c111ea94,0.055536726483188685
ck_f04062216f95fa00,0.04543276850793791
ck_7c560467daca735f,0.00034838513451958746
ck_76ee10d6e2dba70f,0.06019512408640172
ck_3521243bdac61178,0.007529733978512069
ck_28588fb03b320520,0.0453123008452745
ck_580dcec33ec232b8,0.008092252907749838
ck_7109923fd7dab20a,0.012343729253349726
ck_7c872c99481c1e9e,0.010308184389911837
ck_46f4e1f5026f4d1b,0.0009421453582751466
ck_00d1ebc31ec4653c,0.014344722304632443
ck_aac70764dde15168,0.027391837270664344
ck_648c03f9aa4e45f1,0.024066378232366008
ck_5478eb69ef912785,0.1187233785897539
ck_79b8523137bb2603,0.04213014802207168
ck_795c49f312640019,0.0003173028022753431
ck_89184bf7b7fe41cd,0.22340356160077482
ck_97d4bd922996fa10,0.0031074996066166255
ck_1cef30d08f3a598d,0.0036597810436652185
ck_2f9fd36a4a40a6a8,0.001830876655771782
ck_40780fc0f8d6f309,0.017224396139898485
ck_9083ca9fec2a7f4c,0.004735860945372664
ck_62081bc35aa59931,0.008717171158096353
ck_2e1b46c5fc56b863,0.19464739856208776
ck_3d139692c51b604a,0.037831941921580826
ck_b5e54e22e3d6960a,0.00246170146690383
ck_c0c4be3f44311b04,0.003628634914117864
ck_82a8bdd2692c2a5e,0.0005678642907572984
ck_bdd2da300b530c5a,0.005934178927527239
ck_ee40498cd97183d3,0.007097794333273476
ck_70b9274473bd6dfe,0.0020579517862278963
ck_473d6314ea614b29,0.004862503967545746
ck_7443d6dca8cd1352,0.002695047569629581
ck_3b49768b448b071e,0.0058579993636315155
ck_b43f04431c267dea,0.001956288952527938
ck_4424a5223ba2fe00,0.03310367698871992
ck_819bf3e8231f4081,0.02092841949523259
ck_91d417507a8c58cb,0.13933847256534335
ck_e88e86b19cada4aa,0.009662002963398931
ck_59684167f9c6bf4c,0.04229239216776608
ck_d5f5b0dc97b9dc27,0.006332935824173319
ck_13d1b192bbff8f32,0.01307811643108957
ck_b21d8630387cabce,0.0136404046370319
ck_e4ac22046699b99f,0.008108016216435606
ck_74b848064f2ff45d,0.008230850446941435
ck_166aa980cc87fa77,0.3455350164746674
ck_98e337806104dd88,0.001712284382710279
ck_66eb09be007f0755,0.011659475907587785
ck_3ec9b9d8dd7be11c,0.028030110242294622
ck_8b8b9de339d75d0b,0.0582291389990843
ck_6715139e240007d9,0.0024065564619682152
ck_a0255ab46e122d2f,0.001420636641190865
ck_66e81a4190c33510,0.020001556283110664
ck_5d75ea4f5c9080bc,0.5012719787139552
ck_df69858b8a8b3165,0.0032612204909062913
ck_e15252ebd7553422,0.0009478941749405411
ck_34d6d74bb3ed11e5,0.0036698682866309943
ck_c2608f78f6851d10,0.12107341780264129
ck_bb99071e8f58c8a4,0.8993856555069337
ck_06010f0df5b7cef8,0.042624588478760404
ck_8c582eb0f6c0148c,0.00846298233769052
ck_0034d010d28aea78,0.019146101690867137
ck_01c1f06692566ca1,0.010785345911549284
ck_4807726e797fb893,0.02124331146490804
ck_edc9668282e3c8cb,0.018809498004543502
ck_5486768475af7bb5,0.8430715715088608
ck_3fb9813849e51837,0.040075107275971585
ck_861af5a9a9a6d619,0.0034143992603132656
ck_da39653add0f1109,0.004166773680687616
ck_74a4244eb1f162e4,0.0007922516246743152
ck_9a930faade55b8ea,0.002635030858578068
ck_fb6e06ca88519dcd,0.03224550976078813
ck_9776cd8263a9f415,0.006087411845774121
ck_b3dd1198ac5aea73,0.014455422994288656
ck_b6675a04df1a4276,0.003804949240152315
ck_5c7ad6e731b69333,0.21120773054980738
ck_28dc0fdbaec00580,0.03543752986384514
ck_8e7a32f7e3905f4e,0.02042492295097407
ck_8563fed6674afc77,0.011066055154611343
ck_9a2fcccb82da663e,0.010747505992783965
ck_6a519bdac0d94527,0.0019070635771778798
ck_a0dab7aa9c4a39a9,0.003531835308361491
ck_a3ce05e9e5e32142,0.017013240469242845
ck_7a7e40ee3f97c035,0.019518376291460523
ck_9e9a830785112a73,0.008026375186558857
ck_ab1bb02f6b189304,0.13335464887250184
ck_7b8cb0f90fbdc8c6,0.009515210463116078
ck_b138fc249e659e60,0.008353377391830329
ck_e73caa3771ec5e0f,0.0028123765386373154
ck_18a55b06ccccd88b,0.026712910097996527
ck_fdcb1d9265d8fec1,0.060351078148985
ck_e21a900556b382ad,0.007175929446202341
ck_c6bf67470f526771,0.009255731624169067
ck_b568ba3837afb39a,0.001853467695905617
ck_a2858979dd5645ef,0.0017857364766681399
ck_1da9d40837ebaa57,0.02645255853164486
ck_9341c7959543c542,0.002503616192044975
ck_c8ad86806b9a2369,0.06418099469037572
ck_5c85d93ecfed4b0e,0.0031421788680360153
ck_f07b09879d697b82,0.0014548901328804765
ck_fe43da07608b1749,0.017011520068564896
ck_4bca22b5926b9c28,0.002045288660171212
ck_aba573aa942b1d41,0.002726319174016839
ck_57c14e32fa4683bf,0.002273239134983034
ck_891530b489ce402b,0.0015560977333328974
ck_5e74fdadb93ff293,0.03461894447991533
ck_14436a409ebcc90f,0.023300302009582913
ck_00013fdfa0bd37dd,0.005044270950025211
ck_7dbe24ba01316775,0.021876746411188874
ck_0e3f80c1553c591b,0.009186159526013935
ck_3edc45db58760d76,0.010353789036218542
ck_29076a13f539187a,0.06503762449762325
ck_b1e81b58b9a545ce,0.03920182142072872
ck_3f8571d4f7420b2a,0.08356018882407794
ck_7dff6abe4bd644dd,0.2467824654071819
ck_2884bab237af16b7,0.004630683021583977
ck_231e6dd1fe708000,0.011176983481330475
ck_33ecaa7b892e73df,0.005661749892578232
ck_b109ec4c63503030,0.01071648931712221
ck_a7f522382509cef1,0.0026304427040382042
ck_748b3ea941d8b3b9,0.0036078080876534063
ck_29f3a1737a2d9634,0.0056593206092837986
ck_cee8d42475a0f020,0.0030109963360496527
ck_c6b6ebe145a8ffab,0.0032269850057125003
ck_21c99e1d6b881894,0.0009693285235485938
ck_5ad798286384484e,0.020841721907980938
ck_b621b6ffcc7f4848,0.001134437909539179
ck_ea819e337233475c,0.2278946050869598
ck_9e3896c2668ce06b,0.08562481945802318
ck_501dcf1ead036d2b,0.008731188445686523
ck_8d5eda29a2cffa3c,0.019082775329658967
ck_4d3aa36ff83f1132,0.5543259280620464
ck_8e9faf94e3e6c757,0.001439210655253396
ck_ce0ec41f96951048,0.010266194418490351
ck_f09165d73ee903b1,0.01638828086843229
ck_a432b1bf1d3b3d5e,0.4714655611745964
ck_ea618f720ff0b4b0,0.005184772216051057
ck_7584e7bd755cb28a,0.006747109698426916
ck_e14681aad43e1a72,0.027181553228847775
ck_5e18870d8e30e379,0.03942759976409859
ck_ff7c26a62bda8089,0.0016738171269983205
ck_cc5a35175d381d5a,0.008820265705913394
ck_3c25029e40aa8a84,0.0031759861767066706
ck_771247b5bc16c12a,0.0045389213168528335
ck_664b5e02759f985a,0.0025946450648405045
ck_692a9e8f504b9762,0.000404243833317127
ck_df8ad2deb0a4ffed,0.010485246520356626
ck_eb48c0bcd12ea654,0.0191556802097905
ck_7c77e597c951cdad,0.012681739401616538
ck_4f75144c6f3b13ad,0.012453665582889057
ck_1bcff399166d7c43,0.009870986617891299
ck_975c2aa3d4a8c51a,0.003100123472994
ck_bc6f07b06aaa4ce3,0.041743600440220754
ck_80b072b7f3c7e8e5,0.007077921980867229
ck_471e4018a23b4e56,0.0011291106080161563
ck_53cddfba570b4a3b,0.019690283782379667
ck_630530e50764f229,0.007171075130376589
ck_dcef7887a4f1e435,0.02660361704549105
ck_2795921a055643f6,0.030925797740848308
ck_7456df89f3792235,0.002386433434348384
ck_5014a3b07e1f049f,0.17184536593238833
ck_d4ec44760cbe03f4,0.014751176627997532
ck_96810ad39d4cb7b0,0.03332522456263329
ck_3222ea25aa29bfa6,0.002764414746460698
ck_f6c42001b84a10cb,0.2355574861442663
ck_5ac86682385c86b8,0.012292625057505757
ck_4280c33af57eb4f4,0.0014761222142487794
ck_05f79ddd8eefaa56,0.015928289166060188
ck_3a57a13ce032a6fe,0.004040833398318686
ck_a721f0d635fad68a,0.006073193053051748
ck_a3f821bdf408c326,0.008996777463799987
ck_0ada63008be5685a,0.023041601663298984
ck_8c949bdc6e8720fa,0.18644244621304545
ck_c0d2c56f9c722e99,0.9792961198717597
ck_5d2b9e6e087b8dfc,0.9977603829208053
ck_5217b55593a332ca,0.06530379797993421
ck_7a7bb9be5a7e48ad,0.007482204233675542
ck_24cd0d779e866287,0.0036008590346199645
ck_7367917891a63771,0.027512609817727667
ck_4b31a8862a857e6e,0.815148851272028
ck_81429c4910ca46cd,0.007159992110459848
ck_b35d803568f82d9a,0.03214248109987963
ck_4b00e75c2d2d0522,0.0018209218523820578
ck_77fced07f6dff42b,0.00818493066444348
ck_3c9a06eb07c300e4,0.0021935216867885713
ck_b3867f7f494db64c,0.0031071790821652345
ck_0c45e54897ab34e2,0.044376238156202875
ck_507a6a580ab55c76,0.008086331818494103
ck_291bffc7809f896a,0.0011507595754384418
ck_3753cc5b9d02e2fd,0.0014644170928196185
ck_4f63d5245b3ac1dd,0.015060635597564934
ck_9dfb2ae78659240a,0.01439548157956801
ck_90f6f5ced708aa75,0.0009241266845749188
ck_8b5b5a6b5539e39b,0.8662988184915597
ck_4719112b55d20161,0.02388564630621439
ck_fec888a7108ca52d,0.9955478284912141
ck_4f5d022c99f118b7,0.032793621008721976
ck_e967ff05514b697b,0.057591200456132585
ck_839ce35819bfa4fc,0.0013108468065619805
ck_bdee1221b9addff8,0.005419088976720725
ck_9cde4036d0914427,0.009578720423383077
ck_5ac959cbcc5e98f3,0.0009277335826290612
ck_619842688294dabc,0.009595858642655665
ck_7373d7b04c7799bd,0.016573237575968968
ck_c1dd3feb9a0b6471,0.017233107143498353
ck_0324a4812ec319c6,0.018615207426219818
ck_7f3685aa2933b251,0.0466609074080513
ck_06aee5a62a67a84c,0.04357644523568738
ck_3428910b44b9d08f,0.01346089159936501
ck_c3ba7534cefc1de8,0.03030900137374193
ck_1f1273a67cbad5e5,0.7313696601184138
ck_124565a11b2f8bb8,0.004384201150196763
ck_38e46bc861e0165b,0.013741675339228794
ck_c8ad3f01319c065e,0.048254682916253844
ck_3f94a34f5038f7c1,0.6827941082862864
ck_cee56be5a502fbd1,0.2634533409726251
ck_2b90b76cf4d162f9,0.010079072905859111
ck_884b2e463ff1d54f,0.0033745028270405026
ck_fab4f2f8531b4827,0.014207439263590244
ck_4fc6256e0e60a926,0.005714257006307208
ck_0a2f8b2f8a5b6f02,0.014894558495190094
ck_9c0deab8a8367c5e,0.0006373532662859354
ck_d3a2a4c011fa2554,0.003737504625737796
ck_4108b4038f762817,0.4630144134269737
ck_4df036e2aa7e1056,0.002891334378167985
ck_ec094eb1cbb3efc5,0.001299624521654822
ck_09f8f51bfd2492c6,0.008098113818642071
ck_b60fb9a10d6f4489,0.05287875938167439
ck_3638bc3388dbc1bc,0.24940780805616503
ck_7a58e0cc9943c39a,0.0016320471160460464
ck_37dab6a0a536ed49,0.05568107117586407
ck_adc576690df5b33b,0.014105432761421994
ck_1383b2b1875000f2,0.00852896653637553
ck_43c1248db37a2eb0,0.0060926981435908256
ck_29c11bd68858e923,0.0008488844283859213
ck_9401f9e11f65337d,0.009596706985186908
ck_ce5ed372b1a2ed6b,0.009600328201093206
ck_08b4619490e751a8,0.9807533227829035
ck_44b9125526acb05d,0.02992770662955398
ck_ef1a1de20d2124cb,0.0248656830777646
ck_e5e2624b7fc89774,0.03433914832942122
ck_f5100511609b92c0,0.0009886208430592912
ck_64f3bb17101b7c42,0.01416266068396325
ck_ea1e5b5128ecba2c,0.002418777408725734
ck_516163fcf04d5e77,0.005838076165947708
ck_7f9a748110d70005,0.00854202791388124
ck_d263b55f0a681cce,0.01014341570613599
ck_0e962eacf98a813e,0.004512840358536682
ck_0406931800e0e2e6,0.001692372200528006
ck_0e9b982afc88a3a9,0.9967880257665972
ck_8bbb625384edebd7,0.001099059116851111
ck_5eaeb87bf6207406,0.9695295612376098
ck_cc3318839c4b0745,0.002509704067291275
ck_08a0355d1f1890ef,0.003799009664462815
ck_af7ffd1a822460d3,0.2772414520053461
ck_2a09c7aa870edb6b,0.0009105233402054937
ck_bc04f51c23290bcc,0.014419675459454934
ck_d3a8333cb389f4c6,0.008234539640793266
ck_88e3dd3039508332,0.011720847383731962
ck_b8c7771de9b57705,0.005157689161211185
ck_585ababa02383b50,0.006066690447797366
ck_e988c108754cee9c,0.004298134681505653
ck_4a691892d9d6cf89,0.007252674567553431
ck_7cdce37d895eefb8,0.0065002632167833006
ck_483fb981a1fb4317,0.0036205125436841847
ck_c1e5182bd99e0e35,0.19062197764877922
ck_9a1e3ec9a1839939,0.011157953279116317
ck_5c3f13de0dbd5086,0.02369054750058567
ck_f4f6f0caaab70040,0.004140230340573507
ck_791be3378dd7d64c,0.005311414963273659
ck_956dd784525f5886,0.15399010906825036
ck_098167eaf124c279,0.041301323493285275
ck_33ecff7914349ebc,0.044626925135820124
ck_e05d44e46c7174e6,0.019813722590478453
ck_1b2ce474fa6582b4,0.01378616374818284
ck_ab581082e8f72e3d,0.003516877915572666
ck_e63256667aa19070,0.08635301670147826
ck_f568772b6cb3febe,0.022142070380120966
ck_dd89a282375bbab6,0.0673192326728922
ck_a39d0bca345b492d,0.0022241757455769397
ck_d12d2924d0f7a64a,0.003909831354733267
ck_6a548da1728b5823,0.9891684814522868
ck_6d64193681d2a94f,0.04065289081051306
ck_ced6b6dcdc7c201a,0.005478133150026503
ck_d1b0699d26282871,0.01756263717933703
ck_58f757e40a9b8877,0.006876817055002994
ck_3272c2c4a37d5220,0.3440452455888147
ck_d94dfde9e03c9d1a,0.014789521532829567
ck_08a6d4903a7fbaca,0.012757500880249859
ck_6c72a36b05fa0f4c,0.0734319527161204
ck_dbb4bd4eda97255d,0.01189312509060928
ck_94b59bbc824b307a,0.000923382954617799
ck_0229a07185f15469,0.009140898906015148
ck_11bf1039f8b3025b,0.016148107189416012
ck_36789ca11459131e,0.029697075751513924
ck_8572c5f5c1447c62,0.014380346260401071
ck_9e75c6641939f4fc,0.04101422433707302
ck_b45e47c39d4dc7bf,0.006744204300869611
ck_02903c48b6cfd65d,0.0027388129373585738
ck_b153386f1729de81,0.007813559686627466
ck_36979996f33498f7,0.12742875314737223
ck_3c02d4dbbf6716b6,0.004455710163281786
ck_66c9a19963957531,0.05325023552558146
ck_bae8dae7cfd8baba,0.0007938832743430966
ck_bba0ccc6cd968680,0.02668375104954722
ck_3267fe3aac05c71e,0.00626304652098624
ck_40052cac10562cde,0.007919569838064515
ck_d973444855403e2a,0.010032137541969022
ck_012519bb095ad36b,0.9889951505260213
ck_ad7c256ea10c4a00,0.08468714136747879
ck_70a60e095e9b706f,0.0010654097591966847
ck_f2734417c0db4ee3,0.0027567682713770377
ck_9cb89cc3178e0172,0.01661054524876363
ck_779cc0f2de4d5488,0.152719703299722
ck_35f8656bf93e3b3d,0.01308797123256811
ck_bdd8eba728800e29,0.02893866238101144
ck_002cf760d173f0f8,0.03674747460667185
ck_b046067c6ca3831e,0.003875553423014954
ck_a4a42d4bff8af645,0.007254665618603141
ck_bce253d2396681a1,0.018856409249825477
ck_00dafc060c8de32a,0.039986810723571325
ck_968a99e097ee78c9,0.038986176315729176
ck_66949171b387bb93,0.020934792769598524
ck_ad305286702b1958,0.0023920913331791005
ck_4732da7e0d2dfc7c,0.005088270770598881
ck_17a95bba77217d85,0.030236674356207336
ck_3e2516a3e35067e0,0.00508554438358491
ck_0b615ed566da1f58,0.021451421710509712
ck_d2b3ce1ebabe9f93,0.021434269898378322
ck_a892252e4e0c2828,0.008524778935317027
ck_cf606fd6ebfdf9bc,0.0005536029979297362
ck_718865237134ebe8,0.0027274547166934314
ck_878522cb775b904c,0.14521798170440492
ck_9ed53de6ef779ae0,0.0017884605481287654
ck_3f16e2cd7e6874cc,0.05301167898410165
ck_3c59df37895ead2d,0.007122548314940865
ck_6821459b626d492c,0.0008014191996535429
ck_11c7667920541587,0.005302160039726641
ck_23a016cf6b98d89c,0.057450597035083775
ck_7137eeb394d200f1,0.17257216645596837
ck_9c4886c5c90ddbdc,0.005032634718291434
ck_1422a7bf7756294d,0.969096140938682
ck_7ebc5fa7f0d3b8f2,0.02059866127012471
ck_fcc2059a8d5c41fa,0.13777475941718745
ck_00ff7389d6a83e29,0.07317970533398992
ck_03129b41457795d2,0.05096512105646581
ck_38ba64efa7c38250,0.005503754962015366
ck_57a6b56b09bff24e,0.006662203742580895
ck_e3b3c5a80a567418,0.001540716615540828
ck_fc40a16adfced018,0.0029551952177636403
ck_9d4b5e6b43bad4d8,0.002195784695393318
ck_61129937ee466b49,0.031135877749760295
ck_74112e47b8629c2a,0.04563513410962025
ck_b4703ee97f94d7fb,0.0003288066779534347
ck_e560f720a988d8a2,0.953091838773347
ck_708fea345f68037e,0.004182256989826963
ck_25394c1b83e0b803,0.019169587309225442
ck_17ab24fe914ae44b,0.002087434753948301
ck_16c501470d9bb006,0.00334735377929587
ck_628f449e248c19b7,0.022117285993363864
ck_6d64190623dea714,0.0044338252806645105
ck_504a45ee08db72b6,0.006043912852506312
ck_6cbb011e0c70bc7c,0.005459562908180016
ck_b3225a98acd04f83,0.00705557519497079
ck_aa37993f1c17cd1e,0.03520732871333359
ck_558cfe5f77a55a9d,0.012564942558770184
ck_0d0a1a021efea5b6,0.017675051393717837
ck_daf7aea023b7a8f6,0.02765150713258443
ck_d75f25184ece2b51,0.0043043236654908045
ck_466d4b5366c50b98,0.0006926378953159911
ck_88f27ab479063852,0.02174396964044648
ck_66779098e78c1760,0.006885007738537601
ck_b150fe4efb449b05,0.0027805965847763196
ck_9c3aa9f23d01fa1c,0.005338979136755629
ck_6a01c375fc26705a,0.0024210495955590337
ck_002eb6552b504ea1,0.008310826727079819
ck_affa5aa0bff9bb0c,0.015553310558068837
ck_027614eeba8b1a4b,0.009554553650660626
ck_67e075c982add719,0.008503131590519818
ck_399b0d510be98bd2,0.017558554960406984
ck_e9b0bca7368555ef,0.001072340699554197
ck_59c29d9c57b4f994,0.0322991317341662
ck_37176850ed68831e,0.0035767814819761402
ck_a0db4ccca08030c3,0.7816905084383665
ck_aa188e5c25f7f42a,0.024126309587055906
ck_7de6997178207800,0.0005294175403361576
ck_c729d19053387be9,0.10341350554909515
ck_f2d3e3d90608596d,0.2659239145504956
ck_2db3fb565e0211ee,0.004054518490303396
ck_bed8a480e27e911e,0.006886338180118326
ck_d7ad9921a4d25926,0.036015619714831214
ck_2a59f23fc5194699,0.07769359993819842
ck_63601a58a6120d8a,0.028396722299343955
ck_efd7b9e22c6317d6,0.013183113114164507
ck_9ab42875a0f95b43,0.022568060163695537
ck_85cb5033fca7c846,0.06158125876456271
ck_5249b223000915ec,0.015731297179537928
ck_3efb0e9bf25612c7,0.00207739523727489
ck_678e74532ac19700,0.03936985581695308
ck_a980b296c95153f9,0.021462819025672878
ck_01ac687ce0d696a7,0.010088390250627303
ck_52e1418cf1aa9871,0.010387574302868534
ck_7d28da4f1dab09ee,0.046616484483846324
ck_010d0c2e6c1657fd,0.047407392724913365
ck_b524f7a2e752b9d0,0.012150239024931007
ck_cc447fcc24a0772b,0.1757415804774122
ck_2cb3c99845e572da,0.004289350282630295
ck_604c710141327a81,0.007721467001060375
ck_8d5fa65717d2e0c6,0.03289218283856387
ck_31199510b40602a1,0.01017731721942227
ck_49e253ea12f4e922,0.15118249543514742
ck_780738e0d71e7e43,0.003709919554343416
ck_2cd21137a07fdd7d,0.00246718202810824
ck_5e021f2a3b66e256,0.03959766874741009
ck_efbc79246e32c66a,0.01852945738814522
ck_9951bd806c13c7fd,0.01788552999486639
ck_7a52674e2806d8f5,0.026845980254550223
ck_1a319e509f1efa1a,0.001355970339346868
ck_c920901b9a4ba993,0.931544941819328
ck_b71279e807d0b3a7,0.01656848593158884
ck_47e1032f490bb018,0.020644368815960382
ck_192579ecdca7ff83,0.014833603284824422
ck_b1496c474c4a3239,0.0007217424697315054
ck_5e68ea2c5e893cf0,0.01219071251202147
ck_f2ecab85d4693b4e,0.05694990637284748
ck_89d7bfc81c3df597,0.013846830653249658
ck_7929284327667791,0.1784167496156402
ck_494ec63c5ce8e150,0.0016319205374606368
ck_319b059bb2145586,0.01640198692258986
ck_ccb3767c239018c1,0.0021504326107163654
ck_a1c7adfe26e09a8c,0.019671026268758714
ck_0e13c4f73818149b,0.020865371897304388
ck_c285a51ed6214f52,0.010940615249320877
ck_916784595f028226,0.0597141996091504
ck_6cd8e0196365c474,0.005193221893944541
ck_57b657aba4daffde,0.017494693364925783
ck_562c76a3753fc7da,0.6076853461367316
ck_66cfc1ebc9a513c8,0.005067881498832266
ck_0f38d4aed68d7d24,0.024142712853194626
ck_d8ddf5e99f7859e4,0.016537759447105678
ck_41bc3efa0fca700e,0.02074640636802301
ck_40799e129fcf42c5,0.04277577263543837
ck_786f079389126e44,0.040367877091005616
ck_bb4c6b713eb0b978,0.017319609273384783
ck_4f01f7eac0efaba5,0.010624827513818337
ck_47d29c01b20cf69f,0.00998617537909172
ck_bf15a1f8d67a30d3,0.019417240533395854
ck_bfecad7586f65e4d,0.04013196550829057
ck_fc9f16df35190eb4,0.1511417270702371
ck_c09c914e416edd08,0.012984281985979274
ck_c54c5d8e4433b0f2,0.005636713449223498
ck_1694c28f44480e98,0.014061646188819837
ck_1dcaa3078dbb7571,0.0007696664722806675
ck_af559f990c640e41,0.008789793137684462
ck_9b436162039a77d0,0.03993411077331296
ck_79d62ef181bd0cd8,0.007313541611747403
ck_23caafc2cd34242c,0.004959310018583046
ck_ffe2aa26f597e552,0.016623788578401095
ck_e6ffd0754ac08661,0.001131870268446789
ck_beaacb4a783db21f,0.0012282647182344597
ck_9863bff41d24ce9b,0.018071654385929475
ck_323b9cc5c49f8ea0,0.5602225446481982
ck_ab3de3d3e41c2082,0.002874531191123283
ck_35c93b2924900376,0.001830072702616836
ck_5a9d5f9901e37e31,0.019664444539754595
ck_782b0be796164335,0.0026030503786053983
ck_11960b5f1c7a5e2c,0.003053415537750434
ck_9a66cb13a9884cc2,0.007128099945937703
ck_ba666a425930615a,0.004414327769515082
ck_40140bef4db73741,0.006598427042674905
ck_e05e91cc180063d4,0.10546933292479498
ck_c7f6f45710bc050f,0.008793990627629327
ck_055fb9f2e1c8c934,0.04836970478479802
ck_58bb02d98e2b9cd5,0.020043511341356235
ck_d9f8efa6a7800f76,0.006374623141605488
ck_69691226c68fd50b,0.2615906851812296
ck_6f2f0396e5b1c538,0.9494614508928911
ck_78bc3f1d0f35ea6c,0.012323545787169144
ck_2d5a6b6636a2596b,0.005129879481816641
ck_7878545739af0a73,0.0008123102214497225
ck_03c4fa4f3ed3512e,0.003030187201779551
ck_1a9e51d092d62c84,0.23847882930666653
ck_9f3861940d8d873c,0.03727122714620935
ck_4684fdd61c6a0fac,0.009047626200065332
ck_715966f86d5c913d,0.003244091185595752
ck_77f293d44b4a3d2e,0.05262726259551922
ck_24dae044dc05f849,0.021370433015383397
ck_00b9818e2064405e,0.08214861386889973
ck_c1c2cb49c3c1b0f5,0.2122347828522248
ck_bed50fc64fbbf8ec,0.017395226419328034
ck_4f6ed5ea5ab7c429,0.003762258637000309
ck_458531c22ec2f9b3,0.016103620112822625
ck_51c50c4c443df31a,0.5999701068746468
ck_732d45bd578dc39d,0.022211739215654107
ck_783fe5bc20cd02db,0.07354299661813057
ck_7f188aaa63d1d442,0.016774868665470958
ck_ef307a6aee38d1fe,0.7439940902001395
ck_e37196b20968b73c,0.026370579914101994
ck_4ef9de711c3d93b1,0.008862898714264269
ck_17946516d5df71d7,0.0034482416821211893
ck_3534be0f4efd313c,0.08627256599176387
ck_29fbabf855cabdff,0.005930660907788288
ck_191673540d8486af,0.045447489406387105
ck_5f52728d777ff2c5,0.01226178425287259
ck_a045a19369016818,0.9975293064607385
ck_4eadbe7298b15e96,0.026799981824036576
ck_a3a0bd59729fe619,0.006913302253951268
ck_a1e77090b1c6ccf4,0.004165309910804212
ck_69ab9d4784eb77bd,0.007532384602526919
ck_baa47383ffd50f04,0.007997702788280577
ck_e35b2ed08b9e55a7,0.007636599940050595
ck_b6e3af0a5119d9a0,0.13530138725610236
ck_a7c1dabf3869772f,0.14025619217651927
ck_80b8fca67a14e0be,0.47144638566830366
ck_dd9c5f0c42878e67,0.0022950961311112733
ck_41ef7967faf5ce82,0.0014714508041703748
ck_a93560aa348d6225,0.015862401087912696
ck_ffe91d6f0bd93fc6,0.14045684221429774
ck_fbf630c960194033,0.006309224985073846
ck_497ed60723283c0b,0.01534578197948662
ck_2a46b7ca55239413,0.00257777146273691
ck_1a4e5ace078dd782,0.02639807458997892
ck_616cc31910f5de50,0.002877115698757166
ck_0d65bc749eb42710,0.03421905936877002
ck_2408db62e4395ccd,0.010888016490683852
ck_5d7721930106dce8,0.031569489052339084
ck_e8a6acea22b20312,0.09698996381720248
ck_e2f792fae128b18e,0.11361653791299912
ck_e6d3ce445b86003f,0.001940247121543196
ck_263334d722ecbc97,0.20258525004319133
ck_8c5b29f6666d4874,0.013978571395803102
ck_7ea0bf310fc20c7b,0.9566053019737719
ck_54d463f7fd89ec3d,0.05276092826392359
ck_79e45040dbdd6447,0.043984829211647564
ck_60b4d59953505682,0.5335892284857788
ck_fb00dd5021642507,0.020181900626526608
ck_f409ff994a210601,0.02015945465983775
ck_2ca0020038bfec58,0.24692718324646362
ck_adf84b9df54c3d80,0.01946179526734256
ck_942dbf632591b65d,0.025806193056313004
ck_454a7e4d859a3409,0.002026598947087885
ck_2139062d4569aa07,0.00340922950486971
ck_e949a0f4df0b3902,0.0896539483648498
ck_bb113e3e6716ed65,0.00883087129715382
ck_6a28ea6ce69cb869,0.10191901707940679
ck_7df9910af2bba21b,0.003952160831338624
ck_78aa4b731cbfe251,0.005895727251883674
ck_5839f5cbd8165b1e,0.016699106149823152
ck_7158ad9e58769ffa,0.0807870835150972
ck_acee218cbe61df69,0.029593294879638295
ck_f8dc8473c2772729,0.05097738399940167
ck_f34c93a8173555b1,0.0631264856494442
ck_7cf301d075e4e709,0.005355006235803907
ck_b87e88ee5512ea17,0.0021618078412967237
ck_bed0c020b10afa3b,0.00522331600114909
ck_ca10102961f99eb4,0.0015050399979502492
ck_393287947b5c8d79,0.008737454109561513
ck_2fe6cac002142f67,0.08207226528446172
ck_79c7f0d29b1db1cd,0.036052651636090734
ck_c735b643d3cbf67b,0.0070642713940449395
ck_ea4332c8fe48e2a3,0.00277841854721141
ck_d39864119cdd460f,0.001856752002885914
ck_3b963d6be2773861,0.005340643892946279
ck_df39e3b8a9fd0bfd,0.5381301261535987
ck_6236a461dc0d11a3,0.0014730577646531275
ck_475ebccca25e30d1,0.06609968235641632
ck_c10c8bcf5bcd516e,0.06050725334223363
ck_49ccc3716a564256,0.0012993098426424198
ck_4e4f99102f6938cf,0.004283132648027143
ck_a97b481ade6f7972,0.02351556845444497
ck_3fa559c679751b3a,0.01908546089924656
ck_3eba1fd2c7acc4c0,0.21205280776837368
ck_18c179b4afc4fccc,0.02621472811678263
ck_cc1c0b93d05b7d20,0.11405175974128416
ck_742f7c28ddd019e8,0.12132654579970457
ck_04470bc93b8a0d71,0.005022708531553456
ck_6e8f8ef7a03cc6bf,0.024043851974922162
ck_eb1ddfc353b4da83,0.0019603325498585063
ck_98831b57c7ca2e4f,0.0006525921120224406
ck_a6c7b8d6e8596d4f,0.09114964348597548
ck_cd7d24e3b095e96e,0.0846196570780678
ck_3f5ae4673a9f858e,0.013502964030604952
ck_05f375fc8ae0afb0,0.012494362221189392
ck_1fc98436281ee39e,0.00624357489033601
ck_6c48c58678f64bae,0.0011177989497089009
ck_8c95aeec6a4c75b0,0.0020622830525408105
ck_364cde38958b7af3,0.08408559847927724
ck_85bf21aa1a00452f,0.004848518558094725
ck_796d3eaabc667c23,0.9969315532839003
ck_ac449ee0c315edde,0.0031476335423207343
ck_6f9fd15ac6b163de,0.0026005648974456986
ck_4087065be2a45ad7,0.12721503362408992
ck_ecf006bbc78ee3eb,0.12727115635272232
ck_8ca808cc5a49cb5c,0.05341542989412405
ck_94b90ab8b2dfb50f,0.016253994300172953
ck_59fd11b3232de9dc,0.8941635535559361
ck_67f3794d93e2dd67,0.13721961475708008
ck_b7f5acf5df1bb13e,0.007091630945947492
ck_fb04ecbaebb774bd,0.019583858522924893
ck_68ef3e7301c621b7,0.02946202121342656
ck_41406cfa209b6bda,0.00325262341421925
ck_b0f8f5408662337b,0.001755987624611709
ck_0d2901bfe585c391,0.05900001376765643
ck_3398551e81dbf3db,0.04923245985911134
ck_61c3e3e277629646,0.015492852629084385
ck_2825e34dd3e7ea2a,0.010155057506095456
ck_20d7571ba830009d,0.009964015920505612
ck_c98b16f9a72a6568,0.0010804306725551804
ck_e7c8a9e4641eb9ed,0.0006709597783773047
ck_254a7c97c36dab8d,0.0874325452866821
ck_e98429675b46272b,0.003383003347878562
ck_c2fc0ac460786d02,0.033193222285436745
ck_fba15647b3a140d9,0.012951976137826542
ck_15ce50f2704227be,0.022148373877783914
ck_8c748aaa4a4554f9,0.009528325852295178
ck_e00e82a9419ff086,0.10411542400435203
ck_832341c98254bd84,0.023230798861749318
ck_27466468d06db4eb,0.013062098008505307
ck_9d7b9e3ff1f3e71e,0.010106857235075062
ck_42c6973d3a6fe983,0.0014527672022242623
ck_877c85bad118bc62,0.0795896165909704
ck_75d2a2715259c4d7,0.013312360354567529
ck_37d3e5c681a2214d,0.3297414489779513
ck_bf285dd49f372de4,0.010255711280201337
ck_a5bdd026fa9c50fd,0.006228041327597113
ck_88d9244a9cf7a77e,0.3101504713152589
ck_5881b174e49b04ee,0.003386922341238542
ck_5b16d67c5ea89930,0.016076344774947186
ck_b75b936aafac56b9,0.008318854998340522
ck_aed2681e1646a0df,0.028654690138358287
ck_f63cb5e8cc702bad,0.007453882603676176
ck_1805fcfc4a9e4ffa,0.9095097789406064
ck_25c355da356c730d,0.03785254641341132
ck_70396398e4a96449,0.0018977994355563342
ck_0f743bd13373748e,0.014437884650992614
ck_4b387765f0e916cd,0.0010332864267511071
ck_e971faae8a10a260,0.004735354281370362
ck_9eb08369e983abfa,0.0007283512209949181
ck_c30c5844512e429f,0.03299895795392293
ck_59e77e3a81f1fa0d,0.05034697490762153
ck_ca4465f2b5c1a52e,0.9521316211920274
ck_c89b9ca398402f1e,0.004976555500347207
ck_36e72ef9273e7a95,0.009083602923480543
ck_2bdd8616870e5e1c,0.0021967544567665894
ck_216e87a41de22b5d,0.10903918970769136
ck_60f4fb44f5efe3a0,0.001125982653500387
ck_05652e8ace6ce6cb,0.0009432903830494474
ck_8c136dc691e65695,0.0008128690524212474
ck_a08f8dfadbdca112,0.0017466491079555593
ck_bda4041a3e90d860,0.010625133594110967
ck_15dd3ecaa8ce0245,0.4791008787184262
ck_3e3c64b3b7876ce6,0.033920013036556486
ck_46225858a38b2e57,0.011753162609875476
ck_0cb9f54928f4feee,0.013833059223064706
ck_152671fbf8a9a78e,0.04787561383955235
ck_ee7a515e87d17d4e,0.017642480543516505
ck_f7276091bf513d22,0.0003238072510537479
ck_4f05daf1cf0d5755,0.001535933642279697
ck_83a69c4a5d55ef19,0.023526102354644068
ck_c50fed2a7c9198c0,0.008019600720007389
ck_70d19d5650ddc8f5,0.020141830683901442
ck_4b4d99e443618904,0.01642536573129239
ck_dca0b6ca93311ca2,0.008837671275179076
ck_b7431d4706461ec6,0.01908547732072835
ck_7b59d22cadef3b05,0.11168656398128485
ck_53428573abcd606f,0.0091186065520952
ck_f538ab6aecf2adfd,0.0004146020248349507
ck_d321249fb065d2fa,0.0596382662453793
ck_72fdfc7e6d8e1436,0.0009593869749512434
ck_b52b99dad89ecdfb,0.0237219855012716
ck_d2d4282f9d256b3e,0.009847013683025603
ck_c8f2a1dd8a6141a4,0.0019695443681538006
ck_8d38747058d0aeea,0.5061311915265858
ck_3ac528caac74f563,0.02174847196289966
ck_8dbaaa00ad829ca9,0.012156527354891122
ck_7c38ec898f0fc21d,0.0034066453709430088
ck_8171ef803f5ff604,0.023302471834030506
ck_01a750db6fc1168a,0.09748990337014417
ck_ceb017baa26e98c8,0.05726182295643313
ck_e2c66c72cc0b0f78,0.026105185347586494
ck_8d9518f64b222416,0.0020752436047433796
ck_804c5a1fa5753617,0.009920543723568816
ck_fca7cc9c42695453,0.00716384107133906
ck_3a632cdf2c19051b,0.009013231138707539
ck_b2b63ea65edf1dde,0.041716124523572255
ck_27b07021500ee841,0.012455864846372773
ck_9724718fe64c6557,0.986563822333513
ck_2786cbc3e75ec034,0.22319658231066583
ck_d9c2622cb6df380b,0.008805229740222307
ck_ae1da8ee98e402a4,0.03450868867219157
ck_62967b91504149f9,0.004480600946239548
ck_6b255bf68709109a,0.004715804654971191
ck_c55afc68421d85e2,0.018005120514071212
ck_7c7266f6ef2a8466,0.044780907903475255
ck_885cf685a9541190,0.8968827294519554
ck_1a4bb7d3d2ee3227,0.004553198598161031
ck_b4911c42f3bff740,0.0004535301269213041
ck_66f9f78d4c6a3edb,0.04698137228685944
ck_49bdba9ee1899dfe,0.019812344963050448
ck_79b235d51718435d,0.01352010805279566
ck_d840db8cfe2ef6f1,0.002944167108379291
ck_610c7bcc1cd7ecb0,0.039564736732395356
ck_cf49b6544aff6c50,0.26985710536452645
ck_de05f97c3d40dd1b,0.055730596879761285
ck_0302f67d75973dce,0.010327130888774958
ck_54c2604c9ca6256b,0.01960332303719093
ck_a1c88c0568f142d0,0.05118215147697534
ck_5d72ff6cc2963d1a,0.0025075769162372203
ck_0446920a1004c596,0.0013007699097957182
ck_71044c29ef071570,0.008244694539371818
ck_2122e9bb1afffef7,0.01181711507493297
ck_d1e3de178601d3c2,0.03038908725876871
ck_bec8324a3587ef04,0.001997722732102948
ck_b616b6f45225f319,0.053733762133257056
ck_ce1e695884511479,0.051470932155614726
ck_a662b4bf900781e4,0.0014618949660668216
ck_b5a84c5547378c10,0.000292312054281002
ck_f80af368cfc6cb7e,0.028335364202210778
ck_da3526ab6c5c884a,0.004753813503612984
ck_bd20be9a3392d79b,0.0030634548812811723
ck_b8266dcd90cbfa62,0.005840927895157847
ck_ac84b33304362c06,0.022118053135998152
ck_794d8935a895e33f,0.04362118289389484
ck_8fea7d915259f1be,0.0022948274395326955
ck_7a1519ad5ff45312,0.0003348605737854795
ck_9bf3ce30b65f75c7,0.02594184743456822
ck_5f864d72d1eead99,0.02857580344326034
ck_3c48e0cfc2a58041,0.43834213897174046
ck_d902183f80cc81fa,0.08562833337384683
ck_539cb0d117db8cd3,0.21858338390017984
ck_28f530aec8e77130,0.05783735774129154
ck_e7d903c50d353361,0.015578216869590846
ck_d288b77d1e227970,0.03009519563091927
ck_017208fcc01b5d40,0.006408093432030959
ck_7e3923d278a5106e,0.01995880330506132
ck_9700a00ff9e66216,0.01469176552505754
ck_5c36c78b7a4d138c,0.04307385077659672
ck_c457e9c9224b773d,0.011876045671166294
ck_1dfa91405d7e66bc,0.010998323426951995
ck_f1d8a2695a575e56,0.0056048957266358465
ck_3b92a46daf8d00d2,0.02113839088313013
ck_aab23b5470469649,0.011039911547839657
ck_ecdd01a391610d99,0.0017110652362420857
ck_abd3aa292f8edb4d,0.05328264432856013
ck_7fc9a0776e1339e3,0.0018536654072965062
ck_c0389ebeb0e65cb8,0.0023598669749112866
ck_48d0fc4f6a2109fa,0.9986255211614697
ck_571dee4f3336c7ce,0.01903832444416713
ck_4cedf26628c84f26,0.13565662063666215
ck_63356762d24aab81,0.01304195667038153
ck_2c5bc11bb7ae5d2c,0.9869848648180248
ck_6d26a152f900fee8,0.016318787622726493
ck_c972b0e781efed3b,0.0017770702535130987
ck_fa0ecbcf9a33d6ce,0.005284753098727341
ck_fa3a766e49dc77ae,0.008320778468254308
ck_7baf1e55db0dc558,0.02216720948652122
ck_e8bc49e6494c1f37,0.001216612777166651
ck_8ef1d05cc1e53e7e,0.016629859767890148
ck_cef2a485a77e0723,0.0015938730490551564
ck_228a583f23abff48,0.017765586571808507
ck_ac32c6e374782b27,0.04282547727927359
ck_b9485218cef413f0,0.004964885723964228
ck_7f15503048915d6f,0.0032215983799212373
ck_b62f5144db15ad34,0.15502772766813513
ck_917d82c552f95a23,0.010541437447952861
ck_fb4797045077bc6d,0.0010818158733937396
ck_2cf8a44e041217de,0.022093787016029747
ck_b7dd681eb3d2ee38,0.0011628710017366369
ck_e9e8cacd2fa35e79,0.017336421496417734
ck_342a79f91de5d1fa,0.019745085500639317
ck_2c91f62c05685ed7,0.0030910117881380378
ck_e30cb64302939f38,0.024853722519726628
ck_d0e95b90ba86da10,0.0055960662513340875
ck_1774faf414a5d49d,0.41553158022960307
ck_2401e8ff89e574fd,0.7965244381851764
ck_0cd8802264e0a1ef,0.008595081362966857
ck_da84a0dfe947fd3c,0.0034019382093720745
ck_c8affb27ba7fb5db,0.09939860553241922
ck_bc7ece8787ca7200,0.004576888242923865
ck_469a0578d05990c2,0.0032759194239580388
ck_eef67f8dea702338,0.046777114505046305
ck_4f490e379e9ded9a,0.0021398349931650244
ck_354379de065a8ff8,0.0015461866677511343
ck_5db1cb368bc41ac3,0.016179017106667585
ck_9b1c3742dd6fcb8b,0.00955639950942233
ck_63ce4f44c92d7143,0.0267087607012978
ck_e15e3390f5ed45f3,0.01540988025979252
ck_da645ea91d66aa6f,0.3659854214129979
ck_834ca727df855f07,0.1411703301550391
ck_e1d5ad20c737c745,0.03600450667285762
ck_ff8059ae5fa5f1ee,0.0010375128949791901
ck_8bb9e75393954a1f,0.001733401825836302
ck_4e1757d1347ab387,0.9852414766054983
ck_af3f74b1d75a5d95,0.006939334971274882
ck_6b1ab0742ff04c3e,0.03960732402313495
ck_f56073911c9f1ab7,0.0017344983374817243
ck_51bd5f69b4fe0b92,0.5332409165135487
ck_fc3d95030b81f416,0.00048741379258530686
ck_cf78169633a1600f,0.001062790170520293
ck_ad7269eaa65c67f9,0.013360894861057284
ck_cc6d33890d47a6cf,0.013114910671886512
ck_bc8f31f4a2ffa1ae,0.0030484437640146433
ck_720776a46e56dfa8,0.009143326686784657
ck_e2d1f212f259539b,0.005899352500061021
ck_eaf6f7082c3db2bf,0.07625194912303955
ck_773efe58c6278c3c,0.023406101077947272
ck_c4a72c09f2fdacc4,0.004968349088574938
ck_8982888dd6611143,0.001435485297895334
ck_9d5049e195eda029,0.01894963509892866
ck_de58ef6f9fe2b546,0.014043601004904807
ck_c0b50c11e4f5adf7,0.017475217385167646
ck_ddaf228487858bb8,0.028456972444283055
ck_eb2323215ff70362,0.056726239583916205
ck_168c96a1a636ea15,0.025298910304937295
ck_9c46711b14d9eebc,0.0046605592688413805
ck_de8af660806b97b5,0.0007313438097051848
ck_6ab83f45bf16eaa6,0.00394595153067558
ck_bf2228a052815840,0.004842481609935582
ck_3f943f20a9da9bff,0.009592457572904941
ck_3baae40454c00938,0.009920317451426689
ck_bc2e771a1d8d2dee,0.007258257133293114
ck_e55f5ca37f30ce8c,0.006787038592430352
ck_4ad5937bef176d89,0.003047463326796307
ck_126531a9126c17c4,0.0017240237271385279
ck_7ec423cb56257516,0.014234014448777364
ck_54748ae0f2daaf10,0.02509273824343329
ck_ff24776280ceeeed,0.010075962150204629
ck_3c3a1a1365741bba,0.0028238181956235756
ck_615277c8a4e2b18b,0.00894142513712428
ck_a96aaef34173aee6,0.1349719086948577
ck_bea56db7f3e930e8,0.002465337306852309
ck_ca491debd3b32a59,0.028084327517070663
ck_d9ea77f4114a389c,0.003671801431475273
ck_322ffda3332d08a2,0.030889789764231346
ck_c40ffefe4e30b001,0.01971198253085327
ck_3b1d7648d4580bef,0.00925307678714166
ck_23981a3261674131,0.00820114922932746
ck_11667f5b9fac7bc7,0.0035682700551395753
ck_646bb3c7be5f0817,0.012572998955083866
ck_ebd0a45712dcf07a,0.010142542097521067
ck_baf43bf1bd963f9f,0.03992245398582315
ck_e0ca2c819658f6b6,0.9961458270104764
ck_f0d6633d0834fff5,0.027567196099376048
ck_91081be0254878a5,0.0069822004218303806
ck_1325000bc7f35b5e,0.0025511531817132564
ck_c624b9063400fa3a,0.15993423185123176
ck_0ad6fa0e23c3bd0a,0.2854161678994134
ck_6ddb55b1f23c6cb1,0.011723984597136344
ck_dce1fb3acd65562f,0.009921603764093333
ck_a9aa389688ee5aea,0.01019251689072302
ck_5c5284c45d9ad8bf,0.054297867215682985
ck_9ce743dd3e92549c,0.02404427788779764
ck_8342e08cc2f9bcb7,0.004067434163476484
ck_25e551a0a8d2fcc2,0.015050158710413595
ck_d4fd0e438c97e0c7,0.011553510263631541
ck_ac7fe1c344190c50,0.012725604693074098
ck_ddd65711b5651f89,0.0007991057375204958
ck_ec7406cb5cbc8f10,0.0036216375839328084
ck_1c65e8d5be3b9c60,0.3626456470334909
ck_38ee42f15a573e81,0.006802605874389116
ck_0e5385c70c6de025,0.003243285628276574
ck_d3137f0f7629040b,0.007197054460308323
ck_9129c92c12e0c8b4,0.0027902746138626523
ck_c86520a00e50a926,0.021495717359681796
ck_87f82b2b5fee757a,0.03721255105055052
ck_643abfbd7548d0c9,0.06982380417383055
ck_be51f4e5e6b85768,0.32243905379820176
ck_132c16312f37810f,0.004211943810980591
ck_c78c096ca8cb33ac,0.0017473747860313334
ck_2ce5afbc014763b8,0.023129331160445004
ck_50ed8f4e7ae6710f,0.01853695822949011
ck_5a4eb535c9a11993,0.013947575745456506
ck_9b665ef46d785324,0.005806701565573786
ck_e066f71f8b296b7a,0.00209652038978387
ck_560bc6017870ab06,0.003982483337936481
ck_fd78f8a8663646d7,0.0044986893229747305
ck_4af5ec61ddbde1a4,0.006964527278063036
ck_c2ed04a9d218410b,0.014832788159811603
ck_2455d43bbdd2bb69,0.006574490273427577
ck_56eed7041add49a1,0.19803459578899912
ck_5f0be7b468a72333,0.010457832070653681
ck_19660cec756632ca,0.007331640440868534
ck_fb90408f4892a21f,0.02011334130390493
ck_833a65b86a5d9bda,0.0011115731264712695
ck_2ac36e1dff211d38,0.01485233027871595
ck_c00e70606904539a,0.005905881813630552
ck_ba8affe4b9505a95,0.32551441731906006
ck_0c3dd22587b08018,0.01907486595065266
ck_618c4e5cfae99dcd,0.014246380879827074
ck_c9690baddfc4177e,0.0018395781234081866
ck_59fae092fb0c4aa3,0.023946974297489935
ck_e03b7d0fa0b28f4b,0.007902559738619258
ck_d451d24c780b5884,0.004777611545480169
ck_e980d325b8dbb8dd,0.00046452737327974886
ck_cff18e2d8c520272,0.001656751027579607
ck_a0e46b67e986ab56,0.01455598059345754
ck_3a469039a5b9d963,0.011791087566347282
ck_12cbb211ebd2b437,0.023198131018918086
ck_b8cdd6d6dccc4554,0.0022559888916994842
ck_794ba5921cef50c9,0.029498339843148955
ck_2c7667f64edec2b5,0.014282328454674514
ck_7262b4e0c29c942d,0.010258514793960255
ck_5d818522cbfe2a54,0.06348436156106925
ck_de39c1947fb675ee,0.06878096088482823
ck_c021495606b4735e,0.008708100746520411
ck_1fc03ba33edd9e67,0.02146991365289129
ck_a6fe344bbf67f14b,0.017226832425214954
ck_963762210edc5694,0.012176832110127626
ck_d064428b7e7dc409,0.005397844042885545
ck_59be61b53d971611,0.012660314010345243
ck_ec8738ec663cd2eb,0.012468796825668964
ck_59d086fab5998646,0.015374512948175576
ck_bd32dd3b2cbb7888,0.9835818972112231
ck_ce0166addb93bbad,0.0018440357845896766
ck_7c0fdfbb447cdc04,0.009559116181567196
ck_cb1bd7635968ed8c,0.20083832984384603
ck_66f94903177f20eb,0.007183003454639625
ck_1d7cd5dcbcdafd7b,0.46071587894024807
ck_5e418a7c04437b4a,0.02859666146878956
ck_631ea1ae91ab333e,0.0763619131410862
ck_0a8029e79a5ae7ce,0.02137328712614167
ck_c4cca8278bdad9b9,0.0009969320814524805
ck_4dec3df58077a257,0.14580211438098886
ck_609c249edd88c565,0.0047663965945359925
ck_02e5f9cbbbf2f078,0.025905681367627668
ck_32e486859130458f,0.89473826073373
ck_21ed2ea6386c5a07,0.00140610500709105
ck_1242aa4496576a99,0.0051666054939164
ck_475ea9aa6d3898b7,0.05846758280391685
ck_fe1b1adae3be70a6,0.7387437889095172
ck_c5414d7a8031d4f5,0.002159335312386676
ck_ca1f6f01868e978f,0.014265545131050989
ck_5eff0208c74ec714,0.004812920239804658
ck_a315c9619a317609,0.009543516720878152
ck_2b87683c90acb852,0.014893897394301376
ck_7cd9f39c50748ed0,0.004912045292950274
ck_16a06d58d71935bc,0.10772172799475939
ck_d116e0e7c19b878e,0.7731038267272949
ck_931510e384b1d0cb,0.010758574787441499
ck_e7651fb87bb24132,0.0017375423181509142
ck_88ef9f85948e1a01,0.0010726378006332034
ck_17bf38d51115a8f3,0.007568834956889566
ck_2659d1d3762a2825,0.062103332180917736
ck_a7285955e2852686,0.01169290578656823
ck_f2c33d5b65b321db,0.03602298184790762
ck_83e5979334345622,0.02008962280699827
ck_629537d8b4d0f395,0.005040195528431607
ck_72022008a92c9386,0.05896608855242263
ck_2973b8274f0bf69b,0.009204936421173761
ck_565e3418d2f4061c,0.004367778555662972
ck_54bb53b8f8ea32ae,0.992351595558611
ck_af0a6540ea7a36b2,0.009504709103173596
ck_888651bfc2c8cf70,0.0036367296863391253
ck_1dedcb48ac381a1c,0.17372164016751554
ck_f73273e220296be8,0.018442761386517334
ck_8424bf65223a5a9e,0.002824933226066878
ck_337b930fd149a696,0.012903626364163897
ck_8a4952de8a123ef8,0.007126563821847702
ck_884168153c9c0c81,0.0013254464203171748
ck_fdda581aec411010,0.0007223290884673248
ck_2b7cadbc8b180d32,0.9061927835571544
ck_8aa8b9968233a1ab,0.003397665434241058
ck_0af18b3ce015d294,0.004876665952664556
ck_8dde670a735d1e90,0.11239300542205315
ck_62f46226f244139f,0.018337672976556436
ck_f948e8a8fdd79b4e,0.017753347176381707
ck_fa00aa0f3e859904,0.020910142161518736
ck_fc7935f784a4f249,0.006269212481759174
ck_e7501307c0698e5b,0.014615775288392054
ck_549ed417f2834cee,0.04929074475635353
ck_fb2a35571ec719d4,0.09634776529735174
ck_25822068c86c856f,0.0011575232758827482
ck_8f35d229b62c8f23,0.010377327054066847
ck_bdcf049c1e7d0c95,0.004395068990659285
ck_0aa9db36eb16422a,0.0008161684747498137
ck_42dcf92e9e016922,0.03738246056401088
ck_42341cf31c08c981,0.009457077981419449
ck_0b20bfc515ba42a2,0.08074311822341741
ck_0ec820b670d48098,0.0011298178343216573
ck_1f0bafec397da8e4,0.026178022673935396
ck_82f07504ab59ed33,0.03200841014072868
ck_337b24a474010abb,0.9982345532865495
ck_703703bda38fdcf8,0.009075638366302074
ck_01e7960c63dca3a4,0.8947465005398796
ck_be5bd81e3715cb8f,0.7923435985327061
ck_197f8058cea1fbea,0.0009032334146188077
ck_eb3fb1106f2f1b21,0.04325445225122663
ck_658b4b54be09a4bc,0.9910192644933243
ck_266ce7ccf41ccc50,0.009761470631344023
ck_110608c3b03d4038,0.25812960391154666
ck_1be8cb95d6d9bbf8,0.0017122499079527244
ck_8e16a64a776afa82,0.6788719113843857
ck_34bd190d37eda534,0.02722046826756231
ck_4f521611ae14ae66,0.00528456768462555
ck_d839798f9520363e,0.05264554473081204
ck_d1bbfd246c0ac9d5,0.01072735379882107
ck_f19030e6e85a6776,0.06243086097297643
ck_cdabe60ab59f9d5a,0.00617272558941606
ck_bb84b2b30293f566,0.6622954369449072
ck_427b91925952cb40,0.034801690161867765
ck_1078b1e155b5b640,0.005119093093338624
ck_95fdc264eac72fa0,0.0033442283632715702
ck_e35eb857c61548b2,0.7848204955919259
ck_69bd0b1abea7e1f0,0.05317408147954401
ck_59de511b20c842ba,0.040758943943019064
ck_168e7ea341a36b80,0.003142775865754503
ck_4937cfa6526ea138,0.20252865688898333
ck_bb1a981306b750ac,0.08263469975042306
ck_f42a43e4c3f34ccd,0.003109148057467056
ck_c7ae1d4b3ab38185,0.003480969938287197
ck_bd23cf9bba1dd33f,0.025862582316587855
ck_0fd826fad7ec7cd6,0.029247428221733665
ck_f143641bf3dd0414,0.025485382127186096
ck_ad6d48c20a3688a7,0.0017144797658679388
ck_7bda5b5b927b2905,0.07276581119439483
ck_a337eb38eefdcc88,0.0486167483724732
ck_403da2a2d800df9f,0.3474229920907469
ck_aa01d5aafde73d0a,0.0015497028246219814
ck_494954023f0eb309,0.048015138737604754
ck_1c6820fc38135ad9,0.011047153773473517
ck_0e0bab173622db9b,0.038268437041685956
ck_547090bf35a3b243,0.007131375110325036
ck_d69455220b21dc9b,0.002163651960335694
ck_90b4ac695b9c6bf7,0.007844201764728482
ck_8d2afe17c0082e6a,0.022734177129021028
ck_926b81c0ba528eee,0.01568020557473407
ck_ce36b0c287bd198e,0.02464701036346599
ck_8026e017909aaa6c,0.006705029603617391
ck_dfba788f35d4c372,0.003300677795572246
ck_f09f9d0e0886e0c6,0.005324885054794391
ck_4ffe0366df388604,0.007645317511793978
ck_75bb521de55644c7,0.004276943567389771
ck_81a960fddf79ecf1,0.96197366811621
ck_8f43459991ea511f,0.0046902463651160775
ck_f878b68d66fbfd4b,0.0024902518662526284
ck_e84abfc0c747c9dd,0.8036622116625289
ck_3ad3fd3cceb56b66,0.9231074588881184
ck_7cf562578c7f158a,0.0028037218070755794
ck_f81a97d350397306,0.01678139814135445
ck_255d87b7fb40caa5,0.017601688860543276
ck_b3905153b9eee924,0.005098741692619473
ck_2c80a592fb4cd6a3,0.0034093277380142658
ck_57deb202d4188a29,0.0029497507345589108
ck_e3cb5f31d8e94448,0.9446194109993988
ck_0db62d5f7f75f80f,0.015753888415944623
ck_ced9163ea85589ea,0.08976300296758156
ck_e16528edc694fb33,0.9738441236153514
ck_78cc5ec4940fec3b,0.004655079910490753
ck_31742076e9a998f8,0.034133380138408824
ck_5ac335f02280271e,0.010520471151313281
ck_7cc2e091806cfa5b,0.06425282204569122
ck_3152c7115257f084,0.006732282068796297
ck_ab1b9d019921bca7,0.009618532900275747
ck_c33a762d98f9b290,0.0024008779877985626
ck_b16a7c51b6f7a6b1,0.03237196910009784
ck_97402a153348e68f,0.0012323700395802796
ck_95391029a21caa24,0.05760791697570796
ck_c2015a1200971fe9,0.07579468398617009
ck_ed4427962c68918c,0.9682009594890291
ck_c5e4a17d3efb19a4,0.8120026191665481
ck_8aec3d3dd51517c2,0.0007894340261376932
ck_f5178a658225d8e4,0.002756492091929796
ck_8594f165e95316d2,0.0008739510435007123
ck_f0c4aac04076a6dc,0.011508199360976022
ck_ac2f7397801036ef,0.045739444692847776
ck_d1ea4bcc407c7d5e,0.005050531240769317
ck_cce8b6657a538fe0,0.011633405514768219
ck_66d0c6d6b67a8d58,0.0015251149067656959
ck_1a6b30320835e57e,0.025346736890855398
ck_8cd274cc85aa35d1,0.021736239767463996
ck_ada46085a78280e4,0.021218259606312476
ck_ce1b06623e4a815e,0.0018530209082331904
ck_45e70c8a9686580c,0.08406712042817394
ck_0084d8ab6b1044f3,0.011063240391922365
ck_a5f7b6fed6df2aba,0.1618773704068749
ck_94940d783e7988e6,0.010617379056314484
ck_00f9ca84d1d8ae7a,0.0022411546994033924
ck_0deb56f3f6452818,0.002698794303472133
ck_a58e900469dfc3f0,0.008259766766122452
ck_028c41b195280980,0.01671438170527729
ck_7661d7ceaeb19f97,0.018815767369852868
ck_6957905a65c47879,0.024651178051681842
ck_f7c6c26ef3c4ae06,0.01277277977855804
ck_8777beb11aabd66d,0.007889560691274458
ck_7db098a17374bbf8,0.97196965841314
ck_66aeb00e44486cda,0.30848379374505447
ck_838c52cc1d315ec3,0.027065022994324808
ck_1745847cd4e5dc83,0.014025386055149535
ck_201687857ec8b3cc,0.0170979978300955
ck_81818169208a8cda,0.02588551107608301
ck_3303fd3f64632c7c,0.16840465071626734
ck_edf1096809e83ef8,0.0012202206105346978
ck_235ce9603c7dccbf,0.0707408601144173
ck_9df7e153868bca13,0.004297444331616405
ck_3cfeade2cf270fee,0.01241906488518606
ck_982b0bf2e2b6c4f7,0.001676385858611312
ck_faeb0da678bb86c0,0.018897942356932176
ck_e86ad2fe815b6ed9,0.013552910818828
ck_70d69e5d1bb99e85,0.009807829119110337
ck_7e9a8924eab779e6,0.9631002218713184
ck_019d5891103e7da3,0.005770220751547841
ck_14f0484b3817eda5,0.0010935779151066063
ck_85de63d278f0fbae,0.0012420115397524963
ck_ae91b4cff57fb3bf,0.005400846476709051
ck_2a6d43b9f883b78e,0.5125966653175075
ck_7a4e3d553e8ab5b7,0.14120365488537145
ck_fdf89dc69f700f84,0.16706287878094922
ck_f92e04024bf13558,0.0005951545852682042
ck_4a522ca2dc4831a0,0.0005636632025930335
ck_68ba25dc3385fea1,0.057292485378164386
ck_22128a4f0d033422,0.03173987754697742
ck_5b52ee0a13c71590,0.005991817859353412
ck_59472d17debedafc,0.012425604434118023
ck_9dde2c63acda3ba3,0.0024016536264561956
ck_7510b1023cd08531,0.004281074475770823
ck_071ddaaf2e4e3671,0.007865656309957645
ck_1355db6f4010232a,0.01089428777368172
ck_0a7adc2f27f98510,0.04169797038571072
ck_68250033717cd59e,0.0017849491470613853
ck_7c12de74de30b788,0.6205498713847278
ck_65491367584c730c,0.12077364293223744
ck_e9047964952bee70,0.01897664086143814
ck_5567779d6ba184eb,0.00959107959423576
ck_d6ea026357ec6477,0.004490857435720693
ck_cd7dcc884e283746,0.015453264323790876
ck_0bd77fea8ed75a15,0.03393562531077612
ck_e80883208e8d0453,0.013939904935663635
ck_2ad0ecbacd5acf8e,0.9651873962554538
ck_6c1dbee7e8fdd5c8,0.024912011926979064
ck_ee4d9a7449515908,0.0031160031608804687
ck_636111f7f030496c,0.009657656630708262
ck_2c629c657f73941f,0.017498275363478522
ck_c1c9d3842d758420,0.09393212477389974
ck_e4df7faacdfe8c40,0.021790328234781022
ck_94e8142728e44380,0.02962167496801287
ck_765aaf42c5088545,0.013190145032592297
ck_e0f845159b6e6a4a,0.015012853666561417
ck_5bc07deb82edbad7,0.0012451495776166141
ck_713159c5c6a7a4d0,0.9950508521732189
ck_b08afc91d9ca55db,0.026598598551932542
ck_a7bc323ffed2ea97,0.25271648664135643
ck_85ca825f905a34a1,0.023139189370087375
ck_33160c443d4b3f19,0.01479419784139227
ck_832d39c590a3ca75,0.6864313917928301
ck_7d1661a34164406e,0.9758619041449637
ck_c2466fc40fc9d5ed,0.9945325142928735
ck_ed0e776c0926ce67,0.09371557619373637
ck_cdd2ebeec75bfa69,0.1492966620171047
ck_d7877684c7923ec3,0.003412820123239619
ck_7384d4d2406aabf4,0.014352003617100897
ck_b8e5244e650aa81b,0.02660095882079695
ck_25a1ea40b2d59254,0.0012063034939236706
ck_b9e5b318ee4de68d,0.0039896944814802856
ck_620d7ae27af83cea,0.004893480307403123
ck_40b4e264d1a12b83,0.8923656686632306
ck_b694c803b62862b3,0.004085680051205245
ck_cbeca201dbade3e5,0.013394627000663694
ck_f9b439c9161c3e52,0.02036421162657113
ck_9880410fcd10a28e,0.0010611169509662512
ck_74928f5f91aa12b2,0.05228860992740036
ck_b6673bbe61d2680d,0.05307901465846088
ck_53c8315b5c30acb4,0.002803443333330197
ck_78f01d78ea79642f,0.014859538489401549
ck_8582490d6e365a63,0.01172736830155205
ck_af25c72d16299258,0.002024531656627937
ck_7905fe8e257b0449,0.16498942097515806
ck_0d16d9349e4a9e08,0.021221643551252674
ck_31b16b8848584e98,0.0378038849609725
ck_67207e3eecc02d76,0.051650115932642404
ck_e6b95ff91116a592,0.0067469917664526695
ck_c08f622bcd6de6e7,0.12683288686355018
ck_f9a68da9e0f0bc85,0.0022114577637431256
ck_4072b59388976896,0.0046349638025625466
ck_8ec86e853ad52828,0.05352366494593415
ck_4fecb87eaffd5cb5,0.00604710082390928
ck_d6880578428b965e,0.09189772911661241
ck_bfc82b3c1c9f2897,0.8416199906385088
ck_c340644176ca03e7,0.013261746333900471
ck_321e740066fb05c3,0.36030617068108245
ck_8929d2eb09872052,0.04203422122408489
ck_205c107cec528414,0.6553451527417268
ck_e76db7d2562f9836,0.015793422653934547
ck_9ede51c8434cff6e,0.026567292026289848
ck_492e4b89c61b7b6c,0.006918558338945932
ck_9385f5a1eeebefcd,0.04034276756395349
ck_ee52c7bf88f952ab,0.023756967368932017
ck_d8116c34302021d7,0.0012283584207287937
ck_01645ea51972e99a,0.021638678531132747
ck_7b45ed23304a854b,0.007482000727404943
ck_2096d32f3d497ea1,0.09104793020484639
ck_dfbb2056f1ef7d3b,0.010102127459537856
ck_938ce30c864bc7df,0.0022523615288031055
ck_ff30dda2c881a4bd,0.4620634433062234
ck_f88c79186a082beb,0.009209884682038918
ck_08c7bb0f9851cb76,0.026801705331703268
ck_2675e7a008e584a7,0.007744698058174156
ck_cbaf8a954281d4e3,0.947967165782559
ck_8b24eadf6c72b30c,0.7785784542493691
ck_ffc8e3c1377d0706,0.0038454687634484146
ck_5b59e859bed5b40e,0.01377147497135249
ck_7b61717f172f9317,0.9201558442868496
ck_e5c30947b732f661,0.05568540104015861
ck_bc273f3ce79f7e1a,0.0021707905421234977
ck_f69e93388b3028cb,0.10134966373757003
ck_3837ad850996ba60,0.015282951264412715
ck_36d78ff3bc033ee5,0.008017007373678695
ck_5e20953547ba4135,0.09360567849668565
ck_258d661e450ac870,0.004544464890308204
ck_1df66f537496ca59,0.01502592143126253
ck_361f535599110201,0.006745475168334156
ck_337e98c69f6e7886,0.008559419118086288
ck_d3d5b2717cfc3913,0.04914173420751158
ck_b1dba768dbe7affe,0.10305492249968586
ck_92d782bd9ce0d1e3,0.006043417607469272
ck_26bd0f8898afc8ba,0.001010448088380385
ck_7916e53daab36745,0.03340972781537959
ck_2caf553b31831a50,0.0050172602524535094
ck_c6200734c7f9b2f9,0.9626210579891643
ck_cdc55623cb16e6a9,0.008650593873670146
ck_57849e15b61c43b4,0.002289997880315783
ck_b7af9b2ee0eebbc6,0.00895574059231124
ck_00aa5fc3b3bc66aa,0.09528819984127919
ck_9929723f65636c7f,0.9928752205489642
ck_8f6cce9f69912983,0.004672786820209764
ck_c422ba389ff00781,0.0014420005550300592
ck_9ec7f334604a228f,0.027319075384338764
ck_5d01200ba3341462,0.007146418223105475
ck_2bf10be403849c9a,0.005708350301330212
ck_6ca018259f70858f,0.0024724956191853123
ck_a54dc042ebb7c766,0.2002445379571278
ck_79da63fc100830b5,0.02423880712899591
ck_67ab6f9e05c85085,0.012180922934614223
ck_fa80da579ea9afc0,0.014923895544986516
ck_4339f86c87289222,0.5881219341837197
ck_a2299b4f530be0d6,0.6450607972973158
ck_19db0bf788697c2b,0.00770673843531224
ck_fa4211c4d826d830,0.0009258119859151463
ck_96100d5e8e051e91,0.0028822818478526978
ck_5c3a671883d58b3f,0.0007246399073321671
ck_2d9524787cfe1ab3,0.16746038466736923
ck_47ab8e51e5b3a2d8,0.0021134564591323408
ck_c924f36bc1bbbaa3,0.0076166691282700955
ck_5c58e7f8fd55e26c,0.003017480005522204
ck_a07e7409d6d5aa06,0.010530706753881316
ck_c8413898f5f7cb7d,0.029704020104182507
ck_577c816b41cab002,0.9324393799284344
ck_9f7807ed64cdb728,0.0798276317455979
ck_495d814d6d6d521e,0.0022496456550911183
ck_7aa8bc018c2b003b,0.001500710763476414
ck_7c3a6a82f3c3241d,0.01530357516093076
ck_487f7fbc290e4ae2,0.003422515364399871
ck_e556c4d36aadbe03,0.0010519431316878638
ck_7e6569a1b2455cb0,0.00183189188383849
ck_de2924955926d046,0.03469788178431196
ck_73d60b4630e3937a,0.0021559532564349817
ck_805ee564bd35ef15,0.03470082653913902
ck_0d40961e47797027,0.0056277873873968156
ck_f06d00a4f9c87d80,0.0014191485915493762
ck_5ef50fb07b6737d5,0.007903473898807748
ck_16541fc15683e21c,0.0024491866672964563
ck_09fd43f1b7e2eca2,0.0029285024761778865
ck_2a2c336a69b8d68d,0.022551745677734675
ck_2685f38930866af0,0.015381691224483554
ck_298278a9da874437,0.009095217465431876
ck_00bd7803f2530c68,0.020632963036070037
ck_c2b4a1d8c0b6c1cd,0.001189053466859397
ck_2acb54ca20c3af6c,0.039855391425613125
ck_e3d4b6f681c783ab,0.11097651965340079
ck_f90293f1eba5d7b6,0.050624389280654686
ck_e69d27e8965df0be,0.004225785845214539
ck_b7f5d10b427346ad,0.005141488246703986
ck_1ce20e4223a936b1,0.005166437075788712
ck_6b97d1ab90f6bdeb,0.030462309942313262
ck_e30e17db5473c7b2,0.00495990233549675
ck_154c8efb19dee665,0.0029289833683111954
ck_6f5bb0c930644cae,0.9988164516469453
ck_9e17699baa83d173,0.001423911353199234
ck_9693b1eb70880205,0.00382702207333373
ck_1e97899875bb427b,0.004875729140709535
ck_558a82590f65df69,0.001351441778011847
ck_18df83242ff3cdbb,0.025543266827911207
ck_80ad4396e1084c68,0.06394950726582527
ck_0a993bc947bab61f,0.041042012234389164
ck_5c2d43ff841632f9,0.00595998096176891
ck_6e4b99fb9725d9fa,0.01263726640639398
ck_e0983999ca26c19e,0.03168161392220466
ck_6573c4947cc8607e,0.024964637221775717
ck_d879d645d6e44207,0.006256480132627032
ck_1375ad9f10688e4a,0.0018034091005936057
ck_7501ebbf4e21f160,0.01650748467693075
ck_ca60d61cd4dc3bea,0.0011163315620706781
ck_ab9ea095a5c58b4b,0.029425281328379755
ck_23756522b58df5d8,0.0009075609190129135
ck_90bc176c43d85fd5,0.07663029739056378
ck_908b663b2dda94ad,0.07067250066367783
ck_4df2fb8e4b649e27,0.004571105340041927
ck_5615c6bbdef05291,0.11428126870609422
ck_b62f3e3185251f71,0.0009857432562433404
ck_38d1a22850178f33,0.00221022604437619
ck_5b3ba20c8bb1383b,0.009002504125199807
ck_5576ffc6aaf6f22c,0.0006424374786241916
ck_cf7a022178165e56,0.001541344203253352
ck_f2c7a4c50e2ede96,0.00796997275728758
ck_285719c77eadf915,0.0008736945285421909
ck_f2aa1b677619ab19,0.01321039874431356
ck_3830c58d841e9e69,0.6615580493583451
ck_32eba3510c8eac5e,0.006623668825898068
ck_8955d7b9030d5eb5,0.003597803710659172
ck_6775e387dace7525,0.0717862182758173
ck_0a0cd7f4be606a93,0.0708585774171018
ck_a9f700eee5d638df,0.0035182334022191243
ck_3d7db96995745472,0.02951456500529022
ck_aeed557007d52e9c,0.0007062803959082805
ck_79b6a86830156b5a,0.02916958701562114
ck_6a1ff9d69466181c,0.9974760519403164
ck_f11b1565f986f5e3,0.022146361151494792
ck_4819327a78615485,0.0009640092611810636
ck_3ed9e081959b2f5c,0.009428645002774301
ck_16af4be191c47d3d,0.0005908619672197541
ck_25122cc0e8b1a662,0.08679439013331301
ck_509c22828d467ba3,0.08984098786693707
ck_31109c899336348d,0.0017681188989425534
ck_c51131e53baa59c7,0.0015573645710899291
ck_cf8ecabbc61d3e11,0.006875228584549378
ck_eb6baff0f85ba936,0.005538523795416912
ck_777669e2243204f2,0.9558984218326484
ck_ac0ea27e692acdc9,0.025438826666127824
ck_4c6ea04ce8ca9e2c,0.005147576648421616
ck_ca54b32fca7e94cd,0.004006239346489755
ck_4dfd8947f540eb24,0.009718162600790881
ck_95aff1fe27fb24bb,0.01165293298838399
ck_c7550723b90e5615,0.0050759565693861254
ck_57b3fee69bdf85e8,0.0027147078142147197
ck_f823407ace7ff064,0.07600778195319469
ck_a69084a068bcc8aa,0.036223851345126776
ck_c7b17f7b24bef5d7,0.02170562600960259
ck_7c4e588f927c27c8,0.02108607813397575
ck_77fdac602d0c6f95,0.07495992349234572
ck_e963d8525018d072,0.013125268081161112
ck_6e8ebaea8f7bffaf,0.0005973111255083176
ck_aa42976a31cb7770,0.006578275227390006
ck_22c862a496008c96,0.9971573299632376
ck_527550dd15f38782,0.019762651372897143
ck_b3ab3c210e2c7c19,0.019724940096043322
ck_ed9c56fdb9f45ddc,0.18046932560271894
ck_b53281da70defcfa,0.01071532761928696
ck_03009b721568ee98,0.058460237448461044
ck_3d9afd862b3f4053,0.4064755130412206
ck_ad3c4be96599554a,0.003759015459823568
ck_d1c787c27d50af49,0.023438887752446104
ck_c7a9c7b2eef46a99,0.003266128995706892
ck_53036d3c6c74446c,0.1530960457996454
ck_1b1efbd9c0964c8d,0.044042590790189656
ck_d66f42a269d5c1ed,0.02209031971025019
ck_fefc49a2b8ad993e,0.016652338891134176
ck_8b3b874249adece9,0.0424492648518051
ck_193d9c87ad3f1dad,0.001793319007668801
ck_0c6a50d747593b7b,0.00950082238251996
ck_c830f3830875b47a,0.01860343647875129
ck_79e202f06d8dfe42,0.026812716405410678
ck_5c0fe988b8aa7fcb,0.10882033184654631
ck_a8382d8345f21e1e,0.004400307500420986
ck_8cb20053914692d0,0.01770285691728437
ck_1da2f69023ca4c13,0.0032746169231151513
ck_38abb60995114f8f,0.0239764388278803
ck_f5791fd8fd8fd191,0.0454274726600586
ck_a4e6fc391b674335,0.3189064962306645
ck_bd771efb4a7e15d0,0.009606237710353141
ck_38ba4a6b6a292054,0.013936329945642359
ck_f7a07283345a0dce,0.004767858329267384
ck_87dc484baaf5a23a,0.0012037768226483582
ck_c84ef83489badbfd,0.03801161118434237
ck_a397cd64ec5d644b,0.0032843925668867503
ck_7977135c2ff61e92,0.012569791363608494
ck_52174855b243a8b0,0.043700997014579024
ck_0f35e930d0614613,0.9691783981918749
ck_b170a7db522a0d6f,0.00934608258749085
ck_7af748a23775bd54,0.08351567556883466
ck_52f641c9ee6fda70,0.0033192680304876703
ck_c3719a30414bbb4d,0.007556024691296285
ck_2baf214ad6bc0dbf,0.06035099276201251
ck_8b39d8aacfdd72b4,0.009410404384614508
ck_d39b0152116203be,0.011752284325826383
ck_ed33f8a937f9c7c8,0.011318368094248916
ck_8ef97b55a5fd6ec9,0.0009333474216009762
ck_8247f008a14bd1a2,0.002212500292677587
ck_f0d349d68249d5db,0.0016009032657701586
ck_a544e766540861fc,0.009011703860187804
ck_9dfaca4c7c80b10d,0.04590917240255157
ck_7e5401c362b2216a,0.001523908356668798
ck_64ff60c073fdb6db,0.018271634721704354
ck_fc5ea49518e5d637,0.00200391085900468
ck_580f136ced341298,0.0017733092978556475
ck_9cbef9bc95449dca,0.006477043511900783
ck_e475a3b8ba870a7e,0.004660452676864043
ck_97e94708bcf43563,0.009746867953747884
ck_13f03ec785cbdae1,0.0008341194734093831
ck_152820d8817f478c,0.014365179357774758
ck_d20d4ba60eec9945,0.006834798920234604
ck_5c45968a805132e0,0.013895820542747484
ck_bebea2cf3063fb24,0.025326312566976344
ck_c3c69aefe7ea1d2f,0.008218379151516856
ck_02028b72f26fe855,0.008489880748917194
ck_dfadff70a58a9133,0.0014628967756505225
ck_6482ed4491bedcaf,0.003859103242788105
ck_754cd7b4a5ae3f94,0.14206942549526866
ck_3132857aec8485bc,0.0006032290290805718
ck_7ce4ca91b8f9f1c1,0.0026749338111955183
ck_41938582f4351772,0.006890531244560862
ck_f87d66946252476c,0.17698909136751936
ck_8053f1879a9b4e43,0.0017906782065801208
ck_93892e91387f5103,0.005124320162954537
ck_15254db133b28371,0.010509604600488475
ck_d557b9feb241b3ec,0.0009737290630032698
ck_71c3a8e4c12c989f,0.002412991172510741
ck_80e3041811033443,0.03368871454033647
ck_3380d60067b4634b,0.0015820261389522799
ck_a9c2cdc758df8510,0.08766393766260108
ck_3c0031d7514da17b,0.015417148198505664
ck_18d214b1418be39d,0.002121674292411498
ck_7ce768407fd48321,0.014165094307397413
ck_7a50abd42298133b,0.010472685993814658
ck_2db10f987d137582,0.016038243833190156
ck_e077d004cd1d80ae,0.022551135294603963
ck_1cb6dc67f9a321b5,0.1849388992677578
ck_b864f64101149c35,0.18469902201264488
ck_9bedf54df9418e4a,0.004150278268792194
ck_c47e32c47f0e6578,0.16352194563069358
ck_71f382d5e338daa3,0.007739436874153137
ck_14b4bf7be6ac2b61,0.1207624713417345
ck_5c87eea1cc07cc92,0.04649222806936416
ck_5f445182829ef342,0.08165646977545427
ck_a5d7311291caaa54,0.002923863126661946
ck_b7df99aecef385e6,0.19539117423129337
ck_3327a0582407068b,0.010623761704489572
ck_08dba09fd7dab896,0.020425340381077205
ck_f4ec334be5266378,0.003265666745350281
ck_240f7f894c5a86e7,0.0035281605628317302
ck_a9d994554fc14a02,0.00029428546883065754
ck_13648cbd306eee6d,0.0064670371041782035
ck_601edf9105b3c321,0.9948254847574168
ck_9527adac182abe57,0.14212209925560662
ck_4e0e80f5cc271bf7,0.0015577294351330109
ck_96a89e720176b389,0.027326734104170313
ck_63560eec94b76d2f,0.011143280320117466
ck_c9c99e5b19aeced8,0.0031441073103314196
ck_bc32655ee5ed643e,0.01301581514966713
ck_edccb5a93b741744,0.006533523742630223
ck_f786cbc987b70930,0.00797487528642229
ck_0e8f26536ccc8947,0.031834937962164314
ck_b87ef4b98cfcec4c,0.038317086697832896
ck_1a9235812de4b2c1,0.014839288471151041
ck_d1ed88ea4211ba4d,0.0036661725669530805
ck_a4ddac49657a4450,0.03339977769833593
ck_d9ffca35188e49d8,0.01032447990940612
ck_3db73bbe03c3d240,0.0013682895932092076
ck_fffa0622344a36ab,0.0040716381699822946
ck_148c28df51bba5e9,0.8688530327690738
ck_076cbc25c8f15fc3,0.9789121516796249
ck_e5ca550b39ed45bf,0.7411773490815682
ck_8dacf3a2061ca17d,0.023371623752623086
ck_2d7394afd61643d0,0.005642232573965156
ck_e42206e91f6a1752,0.0011192838865774716
ck_2f4f94827984c426,0.0007830583592514249
ck_edfe8e90e8f4366e,0.0018997040790410895
ck_646b15f753e5e9c6,0.031043591860310134
ck_66600620149c8799,0.0035646550217074274
ck_4ff6fc70bccfba96,0.1675053195227855
ck_41af3729590c2484,0.004930648011383385
ck_920a48ba8c583e96,0.0026950692384087372
ck_0253b3e7be021306,0.0006342991764463312
ck_2ae6949246ea2648,0.005877995341269364
ck_db23a5100f338d72,0.017864622077804537
ck_fcb2a559474c3493,0.014422758562624028
ck_0a4d7acd2a53cbbd,0.006926420131429033
ck_c5d62b2b7a6f3bac,0.934417396557924
ck_cf59f4fc0ea690b2,0.0036422521892158473
ck_837be8126bb19250,0.0013658218306305914
ck_58955542edee1adc,0.0028832014641673345
ck_1b93381d8eea58d1,0.0024733263993948797
ck_97b8e05d62abdc14,0.02608786636304042
ck_71a0d645744302a3,0.009477076100592946
ck_a7b57882ab66b111,0.000772520233636488
ck_65f76421be648549,0.016837526160725994
ck_b53ea8713d32ca7c,0.009012128438368162
ck_991c4c924a1d85ff,0.6436079189049685
ck_8432ccec1a4ec7fd,0.9971589137390675
ck_64c1633297f43788,0.0016556121897049103
ck_4291fd9c1161d8e1,0.0758813489720364
ck_5e98ed6391d9f429,0.01143192605004143
ck_c7baebe4549fdbb4,0.044046999815186574
ck_6e67225ba59fa5ae,0.038369527324972806
ck_719602def4d35fe0,0.016079363124873004
ck_bdee7c86f5ebe81f,0.013717602408288983
ck_8de38f8c7f91961f,0.036080101330910996
ck_b0b5bf9254700402,0.016862330315106235
ck_7b55d9bb1a250d4f,0.06573460059053457
ck_3954b7b0fd1d6614,0.0019266410937324023
ck_f29471fe7c818d6a,0.0018544121385771393
ck_9e65a8a2f587691a,0.0067621943398836135
ck_eaec5f1a83b66eb0,0.309997566682547
ck_004fe0daecbe2c1a,0.005423730536841004
ck_d17653a4a2d4a79e,0.026863442971744058
ck_0dd417fcbf19e424,0.027325401228169333
ck_4c99a6eadea143e2,0.15940059193412745
ck_74d602c907ee9119,0.00119137234213614
ck_1aa87cb62acc0ac6,0.019061950093036538
ck_094974d75e29fb2f,0.16079231623487045
ck_5ef935ac3d4d3332,0.0095907806521361
ck_b26e4ae47c9107ed,0.14172668176022749
ck_396cea6f95186ad2,0.020200834873335842
ck_48446a9e8184c7d4,0.003168447408650228
ck_31e1ede23247d56b,0.034957100636598466
ck_7afefa349b960a3e,0.019650695642627582
ck_f5e02a3432571b20,0.05165165614058156
ck_64eefec062592c43,0.0031235103242138553
ck_a1201284122c141f,0.07467170814569088
ck_1b34c420a4c85a95,0.009613763519295698
ck_d637a011332ba67a,0.016917288346503898
ck_99c0004d8b7079f8,0.006629531477953353
ck_948517bad569b40f,0.0750491330749568
ck_a28d6b1601b472a6,0.005875086223640374
ck_a0b4209feb31f5c0,0.9987464065016803
ck_d6d2c1f6dfc455b6,0.6002623890471867
ck_3f9e6d356d3dd3cf,0.0010727696521767587
ck_d08e00c842b75176,0.00890825127441375
ck_bfdd232a7c5f2660,0.04737757363425408
ck_2cdad03ed069438c,0.028584448464893598
ck_42317c3eabd0a285,0.305767062960296
ck_3eb73e56751c704d,0.026436467936922746
ck_ef33c04f4c9e3758,0.015118344861273393
ck_1dc23dc870f1773d,0.008863596293973274
ck_76091f357974a152,0.0057165459994941905
ck_4d9eb75e8eee90fd,0.02905696464383224
ck_578f67e69e5d2cfd,0.007194514227510311
ck_3a8ce1cc724229b8,0.0011249670738926751
ck_a96887f841e80fc1,0.025718538591173536
ck_d2d4a8f4a9f2c33f,0.005765468844098497
ck_11f85bc705dbe036,0.030446472259547795
ck_7429b3f87528e335,0.005672915950547498
ck_26df74feac7ec51d,0.007439947980498186
ck_c78b2638fadd91ab,0.00725548443814063
ck_7eaad325abe3b50c,0.0012780761022943743
ck_fd44e34af620e606,0.03303183461581857
ck_f99738dff854e25f,0.0010077379767513966
ck_1ffbce3a239bb264,0.0030066246508044826
ck_96c7d52ba0a766ef,0.03884406081093077
ck_cb1c00c300af3f9e,0.00347221847305239
ck_ec3d12848ced99f2,0.007864998019964629
ck_26cfd7c3c6c7bf69,0.03439122485022021
ck_7ae86b5a885affc3,0.02041215124098667
ck_3edaa94d28cd48ea,0.004226719818134833
ck_3209c530c9812e39,0.006261785347151029
ck_ea62ebfc1f04b49a,0.003167703747497709
ck_5fc90b4668ea81bf,0.016486804761087742
ck_95654593cdebd141,0.0013192222638190596
ck_958c0bd61820147f,0.0272870618729182
ck_8440ef1386c07194,0.01654840162359634
ck_8cd1b68dd74b1375,0.21430628527787945
ck_c9eb4df91ff07f2c,0.051116654185594704
ck_c29489366c01fe65,0.9419030176796088
ck_c965fd6bec0f0ecd,0.020990820332260934
ck_84c402b23766e1f2,0.01714272470197119
ck_181f3dae03b87136,0.0396769728629439
ck_022a8ae79eb28cf6,0.9865754841399318
ck_469c17407d17b706,0.0174111956114681
ck_1fcc5843f39148a9,0.012708724575175832
ck_5debd55f361b2ddf,0.002338207009597177
ck_28cb9b03e89263f1,0.0016648089893154035
ck_f067470743d3c7a2,0.05728635086738326
ck_d5d225ce41a1a762,0.020563169774462618
ck_15b4840922195ffd,0.014417752835774292
ck_6bcfa37c717f19f1,0.0454101700221776
ck_8d501a0386c66be8,0.18597166494928402
ck_1a9d6190c57ea7e2,0.24883661587237854
ck_c49832eabdac5bb7,0.001172130829079307
ck_b4331140b2e0d4aa,0.004333902399926425
ck_5efbea1befdefe1b,0.16998009894102434
ck_72ff52c4824072ce,0.0362264844891135
ck_ec3715add8bbb6e9,0.0018109024556408175
ck_9822f8ed05335741,0.006535564473699887
ck_c3d7d3d12a1981a3,0.006239008682793121
ck_a115a7919ac5875a,0.04696617546924046
ck_4dd4ed23e0b927b7,0.16685463923662916
ck_4c76efcc1ee6762d,0.011316037761630877
ck_3ad6e7bf452c9b21,0.023266699894747195
ck_dcbab304b55a42c7,0.027250892989626362
ck_24b53090faf722cf,0.023809241127081618
ck_187317383400491d,0.0038245720225721577
ck_e07fd57565c94c28,0.12423042198128693
ck_740e760fdcd27835,0.0010241861122170482
ck_d3796aebda1cfed5,0.8362851425700788
ck_e541967c681cb929,0.012745151562758208
ck_431118050b834dcb,0.0007327424029068882
ck_90f3655f0c8a0074,0.001998838161017776
ck_13cd943777651aac,0.013230184282904817
ck_66accecabf3901c0,0.012015177713538334
ck_937f0da2306b2eb9,0.0024283523003514537
ck_105b0c93573fd5b7,0.8695909861281063
ck_00480407160e0743,0.005646861620136102
ck_e032068be7b77d15,0.025871382627849562
ck_991b7dfd69098320,0.0013924539753680512
ck_37d47cf0f34574a2,0.004827900546963667
ck_011551a596544f5d,0.005230877262689258
ck_9acd98f4fe2d474e,0.31112027534377773
ck_7c88d3d377bb61bb,0.07028244520605682
ck_e2374c7136c964fd,0.05363152219781745
ck_2fa8f2577116e9ca,0.08238087075800057
ck_d07c5b0321c685ea,0.12802316449787046
ck_bc736114a31088a7,0.019792277186852943
ck_32bb42f9bff197f8,0.0031335262546088117
ck_66267bbad1f1415f,0.9962802347199422
ck_19988702ccd79201,0.0126772610559446
ck_f473a03fbcdbc4b0,0.0036967983032189515
ck_e3f1d85fa5d49396,0.004517577003127929
ck_c4402ea6291df271,0.014135762079559376
ck_243bd5ca8c4ae5d0,0.0019685936806177378
ck_f271e855925e8d6b,0.1156301206296941
ck_e424148c6f2223df,0.004441429973136439
ck_e4d0a9e1102a58b5,0.006240594544114046
ck_91c2a5fe69b9b1d1,0.00493096318232105
ck_5fd8924732fe403e,0.21503840472400088
ck_9a881d5433126ada,0.011954713092379322
ck_73cab88b29c7845d,0.03663040851310199
ck_5b5dea6476d4e182,0.01369341094807812
ck_ccccb17d2ca6ce94,0.07701662711126082
ck_cd1dc68e441222b1,0.9777588380227173
ck_8312c49b1431a406,0.012483228311846336
ck_25fea39897f2a559,0.022858895313847688
ck_f56200205280bddf,0.07059954390633008
ck_7336611650dcc088,0.000782097745095235
ck_590716322ff147ae,0.03559413076071854
ck_c82364d87875a1a1,0.009458803872946182
ck_fa4b60387d744fc5,0.0011260842149601444
ck_d841eba8906e9a15,0.007599699302799752
ck_d6df562a79b9d0d9,0.010483991104516697
ck_59a14d2564193101,0.004716089041385934
ck_8530158e3d7f59e7,0.008451265463626675
ck_ac68d707006c12a8,0.03471502948592265
ck_976fac1bb3dd8c58,0.01496397593934163
ck_f854fba8f4adae3d,0.03002502037500935
ck_b98e9c3ec6e7d1e7,0.003555420728405117
ck_803c0b4cf9d4bc1d,0.014045886358209528
ck_76997a33c3ea5107,0.00029650659398785726
ck_f1a9d832b700bda1,0.8937306285527568
ck_2bd96ddb8c323d63,0.9778503331001787
ck_9e5b7acf51b1b743,0.02170686541798448
ck_09169f22194fd6aa,0.019694700567862676
ck_6d69e092f9b0848b,0.030085033257198916
ck_9f83fa5a2d3b9049,0.04630386421650381
ck_57bbb19eecb4b87c,0.001233174157486247
ck_e0e9cfabb979f428,0.004672563664043569
ck_b1ff9edc51d42f97,0.0037231074197584813
ck_4682fad271d47eb0,0.9451003139919705
ck_ab33fb754c818ae3,0.01408742769198495
ck_b456f62b80e21557,0.001381760224052198
ck_16340be3f2a7fffd,0.0010916723835297068
ck_ce66831f6611014c,0.007896949038385682
ck_4610a073bb54d1b1,0.01847789866569808
ck_fd038a7d33a9d6e5,0.004491271213804513
ck_c8198cb4c461304f,0.04869263413787299
ck_1e7de58822000dea,0.004514203610892945
ck_b2a79dd3df560f14,0.03701503860496444
ck_74a06f347b32347f,0.008043423699535146
ck_c6fdb2972417c9bd,0.025139360434932527
ck_d7607a213b800bfb,0.035528754128754024
ck_df65967b8b40319c,0.001530858377538074
ck_329a73dbd585ee09,0.004956350856286546
ck_74991a9e85c3b07d,0.019350849054020458
ck_bb76609b79e0bc9f,0.00975021169833874
ck_f7fc1bd0b9ab1fa4,0.04558446959310649
ck_d111c98b36bdb791,0.0011835094643077937
ck_f07e27d125497b66,0.02160870441145751
ck_093e3a7134e11d6b,0.004578739861107868
ck_862c7953bdea48b0,0.0055050736615641985
ck_392cf2cdd515c34d,0.003327987960199999
ck_80eb91b0b4001084,0.07172241471676646
ck_5923f53b77193a58,0.10850408725274874
ck_8049f5fce32be185,0.6956535140556128
ck_ebc5a2c6cf88e252,0.027626111111516777
ck_9ea5872f14cce338,0.011402569549696928
ck_f7fbc95ebf584379,0.015359525255926803
ck_bafe82c870356706,0.9843214819588689
ck_278b36c5932d9bff,0.0009834068712729308
ck_6a892dd5d05c1649,0.005956561938068906
ck_0734fd90b2cabd43,0.014031820208539537
ck_9b552204498b6762,0.013050784434177471
ck_f6c909c205767956,0.014481881729367669
ck_32f590e87bc3d715,0.0009099572995193067
ck_66a8325f28be7562,0.0017437393492585407
ck_b129261da9c3c3c9,0.0038332350643328038
ck_a524071c51ddde20,0.008242082128967003
ck_ba576d6d4cb6130b,0.10430019919395757
ck_8d8226520722af78,0.03968409262300433
ck_c5b0f0d4f1655a20,0.015503683373498809
ck_61814ae9b6d8eab1,0.0062386124186631494
ck_382ebf136f7fa337,0.23615857050816094
ck_423ff4ede6a9f066,0.00598065177893887
ck_546ad962d04b7de4,0.9383503658990922
ck_9473ea4a01c95f9a,0.030945073888344957
ck_9eb1da8cd35a50ce,0.003487797285531592
ck_de5eaa2cdbcb67ff,0.09278143660038174
ck_537cc97d0398c922,0.13129853779640513
ck_998475a2e4dfad4e,0.002916234676498508
ck_e62eb708d2688fae,0.013140798306695244
ck_ea623358f704daa7,0.05812395634046901
ck_b911a09f328dfd4b,0.00188210412263639
ck_4b3506b624e5193c,0.021093024459366384
ck_448456f96788713b,0.03679176212716113
ck_5d5ef9e75f65d076,0.009759951440695708
ck_3b74512f774a6e5a,0.0035609020313640475
ck_a032e8ac1507c6df,0.5713974061002323
ck_7e2d6b22a0ae20c2,0.08484534850235824
ck_d80283209c963f11,0.004115582794412848
ck_d1157eade2ac3975,0.05243720597193228
ck_be48f583f79427f7,0.014671281963117818
ck_0027b5d4107d65d8,0.1140343603278699
ck_94fff69584dd3b2a,0.02331758205554873
ck_75fcda73f0b43557,0.0228506715423681
ck_a1c78972e4ee4082,0.00702975268663896
ck_f0982bbdbd122f91,0.01515631445991568
ck_3199b471575aeb3a,0.0040071862021971065
ck_7fa947a0b1c1cf74,0.12951890901309276
ck_a60c618b7f0e4252,0.0028300318122111653
ck_722ac47c8ac9b6c3,0.10972541242764915
ck_d44dc3839a195c8a,0.1648554913430644
ck_a2c3e82fab520483,0.01993983310672055
ck_6f8ae0319c07cafe,0.001532332113262698
ck_49886ff1e2c759d6,0.01144418296374591
ck_150a1108f936e6b0,0.003017209311882776
ck_e21f9f96f597695b,0.015973457171612013
ck_7297bff2b7fdcbc8,0.0005708016525148014
ck_ee949c71f4f702eb,0.9836744110533043
ck_6fc37dea4b4f35c6,0.06416456040368476
ck_e76257caa98dc25d,0.9424349665851783
ck_828eef2334e17b3a,0.03102844028046169
ck_604e1b8a8c693aa7,0.009403651961064487
ck_7743c9fe037d1f9e,0.014849017030791821
ck_864a11202e19e812,0.14806748096698175
ck_4ec040b9e3785e4a,0.004205796128824764
ck_7346e4f820d9c00a,0.9587832832344503
ck_48d4d63beb26b623,0.0027840048918861843
ck_c423aa6de3ed1e01,0.003753651738006456
ck_d74b2ead8aaa3f73,0.011242753498723437
ck_1dd69a11daa7bf1a,0.041065598784089004
ck_d9143e236eef177f,0.05656046242056533
ck_f790d91e5ff0eccd,0.16816496259918234
ck_69b5620e00ef5dec,0.0019761938416414685
ck_cd32e58e8a1c0e85,0.012254086840456369
ck_064013b0957d87a5,0.9936054569743461
ck_a481385c2e60dc4a,0.0032891460225904744
ck_d72035cb29db3aa4,0.01330709247741012
ck_3759939a0205306d,0.010691336934065107
ck_f437a53fc832ec95,0.5592106494041444
ck_260ef2f3e6434819,0.035542701934485714
ck_35e411b05d22f663,0.028564122341212198
ck_8bf46e472f3e20de,0.1724431495438258
ck_d546994fc5d3e9d1,0.022290728237194805
ck_6ff0fc7487e737e7,0.0856742931970599
ck_5c67f27816ae0b6f,0.003896529414003327
ck_c5517923458106ae,0.005235449240045222
ck_d9735647a6b0b0a7,0.4445392826087676
ck_541a734fc457246f,0.11234211587990921
ck_2f6a639468f41043,0.006834017953965567
ck_bea2cf7a6b7bb900,0.002766429523869494
ck_7eebd0e6ad6c070e,0.008531877207011738
ck_b64c87d5e3b10e6a,0.9451277056265566
ck_9dd7daacb7833233,0.01818441647494476
ck_396e9ea9a6c6d7d9,0.006306601365343331
ck_1645e6cc53fa99ff,0.010019692530355088
ck_ea2a83ccb8d57490,0.0031732668558983124
ck_e64f0df63e1be595,0.030097319315408592
ck_fa0b234481cb57d3,0.03791816018020958
ck_63379e3c9fe6f711,0.01311655266071366
ck_c67f7944896a0310,0.03082373590104282
ck_c10e54c9db29e6ef,0.9963369135202239
ck_7184ad7709ae4c80,0.012737727462733849
ck_f8b6069d7577fde6,0.000653711659025142
ck_18444be153bac1ca,0.9320306612596249
ck_d0982b4e0e118e4d,0.006675556743855954
ck_6faf3e6820398866,0.15591504255320573
ck_97e980463aca4644,0.003919986269976778
ck_630c835243c66b19,0.9875196369334023
ck_fe429ba3e1aa0e4f,0.008175077568402673
ck_1058129ed7b48c59,0.007901557618165855
ck_04a1a46f07885296,0.010599899559862517
ck_f01e94331067edf6,0.02137845745331494
ck_77b2fb17c29f5e72,0.023501110569884357
ck_4f0c5857da45fb28,0.06737169168546912
ck_2cfb9a7775e8a5bc,0.9833944494336669
ck_6846100e43659bf3,0.0014039225858726164
ck_f89719a854fe11d7,0.023626770617876637
ck_bf47375e41ca3bc0,0.004357463219952041
ck_2770b0400a7bef08,0.060859022694427424
ck_2a09d142de1c77ff,0.04061585727802589
ck_857a1f5547b9ad68,0.021521276616097547
ck_185f15b1523bbcf4,0.004870656157454411
ck_ab2aed614ec1cdf8,0.00956580710798468
ck_a9e7f3b2d5dfd97b,0.005810066986143752
ck_0eeb3d9b3e697edb,0.008929981593816761
ck_fa5830d81bc8ddc1,0.002562756219347985
ck_231ae0329ebc3220,0.00861877348248548
ck_1587763dd54688c9,0.005777753030323597
ck_9f85fea4490c00cf,0.007946489893012968
ck_a2d709e7eb91e4af,0.06504460563885314
ck_43637d28c7216453,0.0022655381504689278
ck_f3ab5dd853d38252,0.024019625215968236
ck_4a1f0172d3bf4fd3,0.008297385975371026
ck_517620ca16505af0,0.007052365333480109
ck_9ae904fbef56065c,0.001048373515559423
ck_d5ef1f6e34bb35b8,0.058808977626326045
ck_ff42557857ae3aeb,0.0033675101881521603
ck_ad9a18f58589faa7,0.004583068786840567
ck_df1a6edaa3e6b271,0.027584339626528124
ck_99021fe7225b5a68,0.07171487363165836
ck_99e52c3c2530b69e,0.9952474494594137
ck_3a4811dc4a1a891d,0.0020177701515505506
ck_ba3a6be026c87079,0.005744814418489829
ck_da6d1e5cf6aba6fd,0.0127251296668347
ck_ddc7c1f3d45fe6e6,0.013177098451004631
ck_e1b1e7a7e4a15b3e,0.004436796485664631
ck_8288f7f226e08b89,0.004774897498851716
ck_c4524993ec31dbe5,0.007746745323686868
ck_8b19bb5b23b6741c,0.029575066965976334
ck_d21b38231a8a9f4a,0.10523843733531646
ck_3f730318a9792292,0.019570810723165247
ck_a4db6e94a8f77f9d,0.15173235913229263
ck_a8cac8d480306839,0.0017047560779207143
ck_5472214011fbc2a7,0.003379267179115169
ck_7356f47dbbbe7904,0.00538442321540107
ck_16801e628e883d78,0.014447002803344848
ck_0dc1e536231c4860,0.0038404337204935362
ck_7cd0634a6e60af83,0.01315202823005723
ck_ef6f8e048ae1bd4b,0.009391796241779188
ck_82f3f744209888ac,0.01231169018200306
ck_f33188c232a03526,0.28048623595457245
ck_4a59f4e10bf45d7f,0.0008733397584992119
ck_d96c893721385e4e,0.0010429147700323955
ck_f65ab819373edb37,0.03704000790515718
ck_21cac21fc10b7768,0.004662656245937841
ck_139b54e6ccbdd7da,0.031056500507491366
ck_d6f5c8741697abb3,0.017204664537590526
ck_a28d9bb5590d458f,0.0874893816761914
ck_ed26d906883bea0a,0.005119058590057561
ck_227602ad072b838b,0.0008348503421391303
ck_39d5f6c17c745ab1,0.0024186854809274223
ck_744eade757ba69b5,0.03554152375797908
ck_c1295d97cdf35ec2,0.0034871362405904513
ck_69105f881da3c821,0.019695993225354435
ck_933789b55361d7c1,0.6726642075339477
ck_b667952253503174,0.01064808591747467
ck_7bf668e25abeeb05,0.005459265877597843
ck_91742711dfdffd56,0.040022197615952534
ck_af32a0660090dd68,0.019610083312920926
ck_2122f201e65f76ee,0.003945616571235393
ck_f48acb73a5d6af07,0.03174391129492952
ck_337c5684510cf432,0.030208474837469818
ck_f7bde7265053364d,0.021319844212071455
ck_c190c7b924edba75,0.15524740386099467
ck_044fa3b3a003f0b5,0.015908550031834945
ck_87eb43e3b9d96169,0.13466927944367227
ck_2d3d6c9364362017,0.0025715722788244313
ck_ac55dc6cbcdf8228,0.00883142614668507
ck_61d7b0568ec5d6cf,0.05324072116013626
ck_89c74feeaffa7d09,0.002328209957721847
ck_93776b0c113f41f0,0.15960147235685124
ck_15e0b679931f7a8d,0.010748450875765843
ck_77b56c49cfdb1d81,0.09724325478842244
ck_73188a826b5f499f,0.0034125208943906996
ck_4f463ef25325ddfa,0.456543549690181
ck_863db2e394dc47d1,0.9844167992069465
ck_d52432ed597f3cc9,0.009812158254495922
ck_04fb61e5739642f8,0.15923481506266401
ck_2e481d75d110c06d,0.0534714929063127
ck_3fa1a523d77cd619,0.02357421347834741
ck_466dc6274fecd708,0.0040444758037585845
ck_e1790b3aa2241b10,0.8723422996731024
ck_84ad096a46e1a960,0.14228133402042498
ck_3be72c9c178fa00d,0.02614330055765079
ck_5a17c89219d1d9fe,0.01235776981374344
ck_4f639f4ee6ce8d9e,0.13149643845526823
ck_f4ec4a935e51b4db,0.012574544828946738
ck_f04040a830f92bac,0.009216173069319034
ck_3e4d02a04be2aaf8,0.014309814987572233
ck_4d1baef193cfb900,0.06129645101185379
ck_0fb3153d37626b75,0.0008962437410208258
ck_88ec57a11b11f702,0.9742296951162688
ck_dca9dc465f759db4,0.0030276846443036717
ck_64f5fba6af67e024,0.010171226088972753
ck_896096cb167254ef,0.026785048109650485
ck_7878679065876b98,0.062374838557466755
ck_fe8e5a6c880ceb4e,0.005596946096919132
ck_a5e036327d3d1862,0.0003600820055967307
ck_310f73940fc4cf4f,0.021059751918996866
ck_46a8db16ad00b749,0.017230600109789832
ck_0d33977c3de8cfaf,0.996674286118056
ck_c6fff412f531db0f,0.000551443531145007
ck_bac6dadf428eaea9,0.029356677768027452
ck_1b96d9af0d7da2d5,0.005340620392864241
ck_fa8a4a9e77799fcc,0.0018429346103281798
ck_0bf48607a874b4d1,0.002360100044955078
ck_eeb75f8a6439f65e,0.018900807849448937
ck_a209a5f7d172125e,0.009458383942228005
ck_8f346b72fb40bf14,0.00719122748524366
ck_bccbf9fef367f00f,0.02630289659764137
ck_2d1548f1ee405cc9,0.0063044488285117425
ck_e8298ff2dc1e9d50,0.0019076382985136302
ck_77c0fb524edb4a94,0.006981189243118147
ck_28ac4c5134cb8e77,0.09500640577878947
ck_db23a0e3e54be60c,0.6754333415277743
ck_a059d00cee5cee99,0.004024128816637991
ck_3e9e3bba8bd363af,0.0016041615732418832
ck_0428728df24cdab4,0.001734953110132268
ck_88cd35378075c84f,0.0011056297903060982
ck_0174d76398d9dc0f,0.016583767201246942
ck_3f1287e6c27de0dc,0.007289203647878217
ck_ff822700f3605e06,0.9989214375350771
ck_4563227b2038ae07,0.16431888425929805
ck_788e78065526ee19,0.05398621322737891
ck_8a16eb584093b12f,0.0009170538795359741
ck_cc276f71ab6c08fd,0.043698650906873145
ck_d61d97b21002f3e9,0.060757085169537255
ck_4b2e87d86a5e415c,0.027538879450527708
ck_3e6f35e4500d2f2a,0.001501568770699153
ck_3acdb083e0d8ad61,0.005405531292626241
ck_cd655202db489010,0.0031531315129224627
ck_829cbf5ccda481ae,0.004538513513913532
ck_f5882e6f98b8b4cd,0.002803182305242558
ck_767947540b234add,0.008536647712888352
ck_a6e8e8f535b1f1d1,0.022263367370709355
ck_58412a2674fea506,0.008782594845573189
ck_fae7e518a585fa61,0.027052680956050238
ck_9c60ae6958d68dbd,0.32339425404980165
ck_328696b8f5e54ec6,0.06252923640966508
ck_7df3f8f4f1068d62,0.002018589115391698
ck_cfadd21458230ef7,0.02650271158544177
ck_7048bedd554c703b,0.0007736843778485232
ck_50422466f145bfd7,0.001042494613062852
ck_61e1f7168cd9ff25,0.03199924460172113
ck_733aff0f56f5b3c9,0.048014346378940545
ck_e14892e424180549,0.0045233031788683
ck_03f6664a96de7d0f,0.030630765545895607
ck_b7f4baa2cc82fe61,0.002529893783085356
ck_1e51199a075ca0fa,0.004172919587816545
ck_0e70516fa07cfb17,0.8630709233918582
ck_0f37c554a5057801,0.9392048240325023
ck_5576b725de38d106,0.009209331108005854
ck_82f360df1e9f4eb8,0.08701573319997787
ck_395f3bd4aacd7ca6,0.006754533517489243
ck_5e8e857b63966609,0.4887955709905616
ck_93470896f0804b6b,0.9862168953781147
ck_3be854e42e76569a,0.002463749635495266
ck_0567302c57a2417e,0.12308107647935881
ck_ee535461b5f05539,0.19949205004662848
ck_94a096c36162a153,0.02725973652739335
ck_dfc8f5c141fd7c63,0.005623467960107287
ck_98b34f2d704c1c2a,0.019598792741593384
ck_96dff7a09d45f116,0.048647604346710754
ck_79557434c129ba52,0.005095963212804345
ck_4596624a7c01d501,0.021978460125582702
ck_04e89fbd739243fa,0.0030693406394593976
ck_6149ffaf18872dc8,0.0016788561736126354
ck_cd78f0832a09bd8f,0.5594650337623043
ck_7e29c10d781c3b41,0.013946068105455652
ck_1f7ee7b23fc6f2f4,0.005698030118147601
ck_c49b685d2b3ab89a,0.01255878224154755
ck_84569a8fc50e73ac,0.01907413560053638
ck_b92b11d205af91eb,0.0008506575283321104
ck_06280e6d6d2485b0,0.011930797888458782
ck_3c08546dd0c92863,0.009052811226353973
ck_99d3983f907828bf,0.003797413417490334
ck_eccfd552aa652d3c,0.06038172657497474
ck_0cff8153881875ba,0.026376901171889306
ck_c1aebbeca6ab5ff9,0.0024072262241214885
ck_538fdbbb3c2bcbbb,0.0185392916811886
ck_8c0210322733c718,0.0062125422096534705
ck_0b0c93039f987abc,0.05912483570954109
ck_6d07d6d1bd227d37,0.05119253201182141
ck_9b6ee35e8cd0b11c,0.0033198642631270857
ck_d838491d3d4f5ecf,0.0038417841622283367
ck_0593ae243a9ebee9,0.014050224739237225
ck_ef261fc09be8eb0b,0.0017111580862119054
ck_d0935b571a4a3868,0.01575480718663725
ck_97d04a67a104af39,0.04097122307112954
ck_e25f70d0b7229420,0.006578270801054878
ck_9b71274ff83de482,0.9841154066581073
ck_6de2aa2bb60978d3,0.029069371227632684
ck_eda55c8fb47593d7,0.009240450682550123
ck_924e572517515f19,0.37549528177117597
ck_d6f27eacbad310f4,0.01347900686032236
ck_8550f229b5eb03ab,0.005865571725289809
ck_e3e95546a84d0ed8,0.02282554762510019
ck_3135c019696ee6af,0.9666806718518622
ck_41ba315d8fccb559,0.022932461949527676
ck_72b86e4485da2d0f,0.9886052742161526
ck_daaa995f3c2f0e47,0.01567472579298739
ck_053746067839696b,0.01404923287544069
ck_a15fe7d0f4b65c33,0.36618337426758146
ck_15de11438732bb05,0.011822116008612764
ck_2c4d25acbe3fabd9,0.03148724420525918
ck_7f08078908599bd2,0.17922588019703495
ck_e794741742fb2619,0.029655287943146293
ck_238e53b6dee8c301,0.0035539468942040607
ck_53a6a33060d5c8b8,0.017954510097870094
ck_0e0919292ad33472,0.49367615313902025
ck_d86ccf148c06c8c8,0.013692801158833923
ck_c881f26c9bf9ae42,0.5480355944144608
ck_4b0947bf94e9d847,0.009512894024812993
ck_e10ff5c38bd18470,0.01355535811845289
ck_b60de9e97aad9e45,0.3936269011296226
ck_190bc849e5ff5401,0.03014098878492094
ck_e7be077aa0b2632c,0.002759843047901559
ck_a51abde881ebeff3,0.01977574248656234
ck_2208392a9f6bd249,0.04370910915695912
ck_0259da8f109017e9,0.002103893796655505
ck_05e01ab9c95449da,0.020797286942657905
ck_c82897ebffb6ae66,0.0037308632106753093
ck_b4a6bb4689cd7cfa,0.015463754592409453
ck_9e21ea33018ce538,0.013693897979306608
ck_caa348f0e65db062,0.9880361117416978
ck_a964e6b5d8415334,0.5845901122693913
ck_510bfbbee37ff436,0.010688049644750647
ck_9741a82faf5c7889,0.028930359030451058
ck_e7f61b4a39ba98ac,0.001841922745089779
ck_069d158665a53909,0.011875822087708822
ck_6426427efe3228af,0.04905098137733549
ck_ab4a8d02ec3c0fd7,0.00025244659060541546
ck_aefa0d8d933e0eca,0.04736506055088385
ck_232325ef6bce92f1,0.006051699187696878
ck_14e58c3fb26a2b4d,0.0195990274016399
ck_06e73afdec26aecc,0.08105421264324561
ck_3168f4f2778d64e1,0.04082793166331707
ck_ff3998d6858daa21,0.0012415229409355568
ck_bccff46fb0868454,0.30005445241589607
ck_c7d444d90fa86d7c,0.3725211139281467
ck_f0bc3bdee6bfbb94,0.010293567079320687
ck_f7112818a6d81422,0.022028205411974967
ck_aca35dbcb835ad02,0.09348005272523813
ck_f637fabf0f60528f,0.0034763677263048988
ck_53d17ab97de1ac3e,0.005502505110387635
ck_c8c1bf16d9113493,0.08758177234782817
ck_e842fb0cf055a83b,0.046179967636191845
ck_93c0cb3dac4891fe,0.004257154636282839
ck_0c1f088e17e46daf,0.012619130505735779
ck_8f4b384955bf57c9,0.017739892028536496
ck_09cd5c4df1e81ac2,0.07396472835223913
ck_1e832a5b2342554f,0.0719885555045236
ck_2cb763a881aee27f,0.001517530112972516
ck_5875828b11406398,0.010229403131715685
ck_48e84b0cb0b90fa7,0.01282673667190438
ck_833688de8629c5c0,0.001168194430736021
ck_117d78ccd5820f36,0.014859255211724981
ck_668ec61c4c39cae3,0.0016500565750929071
ck_73a7794b659d7a34,0.012384819413100262
ck_10f90d879209734f,0.009790409815567055
ck_d1d079913aa158bf,0.003206568963469399
ck_01c631b38e8a9535,0.00548224315731399
ck_f6923088c17a04e2,0.08099684946155612
ck_b447badc9138987d,0.0010592598423880648
ck_8b772caed8f1541c,0.0034951666589133888
ck_5403c76fe68a08ba,0.1190660401083564
ck_3e6833574edf1736,0.007785584080962781
ck_e527fbb9450a4581,0.882515127622044
ck_cc90e219f1ebf390,0.0016010438859893191
